Unnamed: 0,id,rating,rating_sd,rating_se,dataset,chord_size,name,chord_nro,genre,register,pitchlow,pitchhigh,pitchrange,gill_09_harmonicity,har_18_harmonicity,milne_13_harmonicity,parn_88_root_ambig,parn_94_complex,stolz_15_periodicity,bowl_18_min_freq_dist,hutch_78_roughness,seth_93_roughness,vass_01_roughness,wang_13_roughness,jl_12_tonal,har_19_corpus,har_19_composite,sharpness,sproll,spflux,keyclar,spcentr,spirreg,Forte,neg_log_prob,CorpPop,CorpJazz,CorpClas,TDL,TDL1,register_N,midi,pc,r3_roughness,r3_sethares_dissonance,r3_helmholtz_kang,r3_stumpf_fusion,r3_sensory_pleasantness,r3_inharmonicity,r3_harmonic_deviation
1,c1,10.0,,,art18,3,Major,,,64,60,67,7,0.466666666666667,0.928588602237831,0.702134069832943,1.87082869338697,0.309964985137755,-2.0,62.3678790688793,0.120242607949697,0.773500638201884,2.08376284017316,0.644290644297773,1,10.0,2.01684118926967,0.813669,1314.2,3.91217,0.83458,0.831974,0.623389,3-11B,2.69089884378532,0.632235176200951,5.26777642871505,2.69089884378532,1,1,4.0,60-64-67,,0.39383700489997864,0.5495508909225464,0.5725027322769165,0.3619719445705414,0.4150582551956177,0.6380280256271362,0.42111390829086304
2,c8,7.84,,,art18,4,Dom7,,,66,60,70,10,0.115555555555556,0.728916578223825,0.644295763132923,2.04939015319192,0.145194678741313,-4.43016794670639,62.3678790688793,0.221465005253087,1.47828217373588,3.69865316159605,0.984603276992901,1,8.42519428100781,1.33415396558651,0.890361,1407.73,4.65115,0.757263,0.900954,0.772815,4-27B,3.09212901186637,2.41821647391762,2.60505692398376,3.09212901186637,1,1,10.0,60-64-67-70,,0.4495081305503845,0.7394130229949951,0.5354060530662537,0.290227472782135,0.27244314551353455,0.7097724676132202,0.47106125950813293
3,c5,7.48,,,art18,3,Sus,,,65,60,67,7,0.305555555555556,1.05597977834256,0.763252924065916,1.98431348329844,0.308401390628062,-3.16395103210989,42.7672045487454,0.180110542722652,0.757683375951257,1.95551393206341,0.767077214979102,4,6.89028075835381,1.82412794890835,0.785901,1050.08,5.203,0.708133,0.706489,0.682472,3-9,8.97748579111647,4.09193223965683,9.97166008763918,8.97748579111647,1,1,7.0,60-65-67,,0.2754261791706085,0.525256335735321,0.35052862763404846,0.3846642076969147,0.43871185183525085,0.6153358221054077,0.42862582206726074
4,c2,6.76,,,art18,3,Minor,,,63,60,67,7,0.2,0.928588602237831,0.702134069832943,2.04939015319192,0.288912987126636,-3.32192809488736,49.5014184214823,0.130083011505221,0.792264522350081,2.12606353693061,0.693394833260659,3,8.71728717881205,1.86788427394116,0.797839,1313.86,3.32804,0.849122,0.81075,0.375395,3-11A,3.29198082096815,2.14376085786175,5.46355161449422,3.29198082096815,1,1,1.0,60-63-67,,0.23505279421806335,0.5563934445381165,0.47667089104652405,0.31636959314346313,0.3927117586135864,0.6836304068565369,0.4146496057510376
5,c7,6.04,,,art18,4,Minor7,,,65,60,70,10,0.222222222222222,0.83411290484838,0.588306983990921,2.16024689946929,0.206574718087996,-3.68016794670639,49.5014184214823,0.194293133866213,1.38858875264132,3.50448125797816,0.849944499062201,1,8.39084535786945,1.56185217253564,0.87168,1421.53,4.5584,0.860538,0.878221,0.506354,4-26,3.82007212224573,2.34742117126595,2.54958529563679,3.82007212224573,1,1,7.0,60-63-67-70,,0.23927660286426544,0.6357150673866272,0.47280290722846985,0.29671770334243774,0.3372580111026764,0.7032822966575623,0.45075303316116333
6,c6,5.68,,,art18,4,Major7,,,66,60,71,11,0.266666666666667,0.815233587107258,0.593204732098434,2.16024689946929,0.16694618339827,-3.0,62.3678790688793,0.237537188312353,1.3533716043365,3.30004803364677,0.758824534997533,1,7.42894391227048,1.35844490602109,0.87586,1460.22,5.14135,0.854983,0.874889,0.695196,4-20,3.50094154161012,3.54780574500476,3.45232845091035,3.50094154161012,1,1,10.0,60-64-67-71,,0.49066293239593506,0.6293793320655823,0.5432133078575134,0.2993452548980713,0.3421105444431305,0.7006547451019287,0.4974874258041382
7,c3,4.96,,,art18,3,Dim,,,63,60,66,6,0.428571428571429,0.727581329514965,0.587538205311478,2.50998007960223,0.147792011675675,-3.78603390248028,49.5014184214823,0.200557462740639,0.974990160613773,2.56021889999026,1.02962368889536,3,5.39321941461327,1.0512365949977,0.798786,1139.58,6.93602,0.554516,0.792912,0.32445,3-10,4.64377597831346,5.91848520577946,7.57376481484081,4.64377597831346,1,1,1.0,60-63-66,,0.5071389079093933,0.7655586004257202,0.4867222309112549,0.27196982502937317,0.24945278465747833,0.7280302047729492,0.38709938526153564
8,c10,4.24,,,art18,4,H-dim7,,,64,60,70,10,0.466666666666667,0.728916578223825,0.644295763132923,2.36643191323985,0.164914581052072,-4.85872932612292,49.5014184214823,0.237648265709203,1.52664995703578,3.79645554985426,1.06277614641151,3,5.40872276234805,0.995133427857338,0.874689,1407.06,7.78351,0.673171,0.864295,0.453386,4-27A,4.97985225373369,5.22017005506107,4.26829436647932,4.97985225373369,1,1,4.0,60-63-66-70,,0.5032346844673157,0.7862647175788879,0.4973070025444031,0.25229963660240173,0.22916100919246674,0.7477003931999207,0.45058244466781616
9,c9,3.16,,,art18,4,Dim7,,,64,60,69,9,0.16952380952381,0.573024701164252,0.50979080012731,2.89827534923789,0.0699140210506323,-4.27824730240108,49.5014184214823,0.262382033124493,1.6794774900402,4.23355338956886,1.06948656688378,7,3.95464558589437,0.526803252858066,0.833651,1326.65,7.02498,0.508831,0.861972,0.472939,4-28,5.02396217594065,7.77997801302219,5.31769973748165,5.02396217594065,2,0,4.0,60-63-66-69,,0.5171444416046143,0.829823911190033,0.5116748809814453,0.276782751083374,0.21281878650188446,0.7232173085212708,0.45725733041763306
10,c4,2.8,,,art18,3,Aug,,,64,60,68,8,0.105,0.863664232550099,0.614699522067638,2.20139815711603,0.316107577916265,-4.32192809488736,68.0019916122713,0.147985080210457,0.796733946917648,2.00237874736002,0.751406107483849,7,4.17395806884735,1.25218602912251,0.859327,1321.6,2.52844,0.579984,0.926633,0.27745,3-12,5.63569907288043,7.5176137485547,8.20095402760895,5.63569907288043,2,0,4.0,60-64-68,,0.4667692482471466,0.5643575191497803,0.7589067220687866,0.2651461958885193,0.3674439489841461,0.7348537445068359,0.4008025825023651
11,c12,1.72,,,art18,4,Aug-ma7,,,66,60,71,11,0.0591666666666667,0.754353510193137,0.636943902696878,2.16024689946929,0.156523364039768,-4.49144607116552,68.0019916122713,0.26677909784067,1.41920578351305,3.35671507000191,0.934200378694602,7,2.67428545596906,0.709660004519271,0.889713,1489.49,4.22133,0.585051,0.956007,0.268194,4-19B,8.97748579111647,8.98395081734813,8.4675826908629,8.97748579111647,2,0,10.0,60-64-68-71,,0.5275768637657166,0.6773311495780945,0.6698391437530518,0.2512306272983551,0.2940935790538788,0.7487694025039673,0.49949443340301514
12,c11,1.0,,,art18,4,Mi-major7,,,65,60,71,11,0.06,0.754353510193137,0.636943902696878,2.36643191323985,0.176928042031327,-5.57192809488736,49.5014184214823,0.278563845980636,1.46115988345023,3.44965797780152,0.963038980209569,7,3.43773223440645,0.769736856618431,0.860093,1488.15,4.9638,0.83012,0.854595,0.434056,4-19A,8.97748579111647,7.96229956981614,7.01414902690538,8.97748579111647,2,0,7.0,60-63-67-71,,0.5075417160987854,0.7334072589874268,0.5812702178955078,0.24902646243572235,0.25956621766090393,0.7509735226631165,0.4651168882846832
13,dy12c,10.0,0.274,0.05,bowl18,2,octave,,,59,53,65,12,1.0,1.56429584559343,1.0,1.44913767461894,0.877702605293567,0.0,174.614115716502,0.0054092790495568,0.0550168698014833,0.118699915432456,0.236022809492706,3,7.3032164978325,3.05473037288288,0.747714,875.459,2.11228,0.615004,0.650672,1.06932,1-1,0.891128221913467,5.69565816435588,1.25264921891698,0.891128221913467,1,1,4.85714285714286,53-65,0-12,0.14139710366725922,0.15435267984867096,0.7555660605430603,0.6462111473083496,0.7658728957176208,0.353788822889328,0.6849213242530823
14,tr56c,9.81223776118881,0.379049022,0.069204567,bowl18,3,power chord,,,60,53,65,12,0.666666666666667,1.2521137715718,0.80404805919527,1.67332005306815,0.459013347440321,-1.0,87.0114495840967,0.0465372337007789,0.397204393542263,0.916199492575052,0.574087911366348,3,7.25246923394618,2.42718000065331,0.767712,1048.73,3.40294,0.666616,0.667954,1.22631,2-5,1.85694148254459,5.71986443207317,1.48686327573291,1.85694148254459,1,1,6.14285714285714,53-60-65,0-7-12,0.15540891885757446,0.325329452753067,0.4279478192329407,0.515744686126709,0.6111002564430237,0.48425528407096863,0.5811343193054199
15,te154c,9.81118881118881,0.592,0.108,bowl18,4,major triad (r) + oct,,,60,54,66,12,0.108134920634921,0.928588602237831,0.702134069832943,1.87082869338697,0.300021847095883,-2.0,44.1007502178271,0.172928750778887,1.24652039314835,2.82457633594549,0.880518364500352,1,10.0,1.93148909734064,0.812453,1115.35,4.51438,0.836914,0.768885,0.665749,3-11B,2.69089884378532,0.632235176200951,5.26777642871505,2.69089884378532,1,1,6.14285714285714,54-58-61-66,0-4-7-12,0.3696175813674927,0.6708481907844543,0.46158692240715027,0.3602187931537628,0.3415786623954773,0.6397812962532043,0.5402945280075073
16,tr33c,9.70734265734266,0.406838102,0.074278135,bowl18,3,major triad (r),,,60,56,63,7,0.466666666666667,0.928588602237831,0.702134069832943,1.87082869338697,0.271929709831119,-2.0,49.5014184214823,0.149261576715123,0.930022439665078,2.3857152410988,0.663963836877614,1,10.0,1.96983016214281,0.778037,1251.95,3.70123,0.839741,0.790797,0.454398,3-11B,2.69089884378532,0.632235176200951,5.26777642871505,2.69089884378532,1,1,6.14285714285714,56-60-63,0-4-7,0.2779371738433838,0.5956873893737793,0.5583107471466064,0.3858432173728943,0.39692485332489014,0.6141567826271057,0.4614044725894928
17,te182c,9.70734265734266,0.61,0.111,bowl18,4,te182c,,,60,53,65,12,0.0268518518518519,0.928588602237831,0.702134069832943,1.87082869338697,0.249659974809706,-1.58496250072116,55.5634635155963,0.158333782854391,1.25819597992507,2.92464283619848,0.789741383887873,1,7.514147556966,1.69735399314972,0.789827,936.694,9.17722,0.616796,0.667754,1.05546,3-11B,2.69089884378532,0.632235176200951,5.26777642871505,2.69089884378532,1,1,6.14285714285714,53-58-62-65,0-5-9-12,0.3242143988609314,0.6547899842262268,0.46207696199417114,0.4110030233860016,0.37152722477912903,0.588996946811676,0.571343719959259
18,te130c,9.6034965034965,0.504,0.092,bowl18,4,te130c,,,60,54,66,12,0.0282539682539683,0.928588602237831,0.702134069832943,1.87082869338697,0.324997946924669,-2.32192809488736,35.0027886441828,0.203675862591876,1.27919038812968,2.76828940752199,0.809845554516826,1,7.17190398701256,1.5884092232448,0.786576,1103.58,4.68067,0.685996,0.742864,0.597089,3-11B,2.69089884378532,0.632235176200951,5.26777642871505,2.69089884378532,1,1,6.14285714285714,54-57-62-66,0-3-8-12,0.5217850208282471,0.7091814875602722,0.49940261244773865,0.32548096776008606,0.30468350648880005,0.6745190024375916,0.5970985889434814
19,tr45c,9.28776223881119,0.479463301,0.087537622,bowl18,3,power chord,,,59,54,66,12,0.030952380952381,1.2521137715718,0.80404805919527,1.67332005306815,0.434346859428391,-1.58496250072116,61.9444392722449,0.0574041366266938,0.436722178444605,0.970146869200304,0.736156096777752,3,4.52282532447988,2.12651560170005,0.775791,1095.84,4.66159,0.825538,0.72104,0.467874,2-5,1.85694148254459,5.71986443207317,1.48686327573291,1.85694148254459,1,1,4.85714285714286,54-59-66,0-5-12,0.18875280022621155,0.34001511335372925,0.3600158989429474,0.2832837998867035,0.5093044638633728,0.7167161703109741,0.6026250123977661
20,tr26c,9.18286713181818,0.6149479,0.112273612,bowl18,3,major triad (1),,,59,56,64,8,0.035,0.928588602237831,0.702134069832943,1.87082869338697,0.179864167458111,-2.32192809488736,39.2893018380895,0.191255986019109,0.951333822675649,2.30789976172827,0.858563600022949,1,7.17190398701256,1.60852955071729,0.766633,1042.68,3.12706,0.704524,0.734261,0.969761,3-11B,2.69089884378532,0.632235176200951,5.26777642871505,2.69089884378532,1,1,4.85714285714286,56-59-64,0-3-8,0.3371529281139374,0.6677830815315247,0.6005657911300659,0.525933563709259,0.4097035229206085,0.47406646609306335,0.42963698506355286
21,tr42c,9.18286713181818,0.764890496,0.13964926,bowl18,3,major triad (2),,,60,55,64,9,0.6,0.928588602237831,0.702134069832943,1.87082869338697,0.339020730145554,-1.58496250072116,65.627847309724,0.135996230050186,0.858111052590192,2.01272940974797,0.815354599594796,1,7.514147556966,1.73354105786985,0.787806,992.21,4.66196,0.690597,0.740907,0.89215,3-11B,2.69089884378532,0.632235176200951,5.26777642871505,2.69089884378532,1,1,6.14285714285714,55-60-64,0-5-9,0.3547692894935608,0.6200841069221497,0.5072911381721497,0.395921915769577,0.3863183259963989,0.6040781140327454,0.4028482437133789
22,tr38c,8.86818181713287,0.571346464,0.104313115,bowl18,3,tr38c,,,58,54,66,12,0.238095238095238,1.0699768326589,0.733508698953899,1.79743406854583,0.499583127411115,-2.0,48.0846694032278,0.107319767600197,0.535108895091272,1.06959981238032,0.647407550238065,3,2.19278502537322,1.47984030559576,0.824488,1115.69,3.21462,0.711131,0.793121,0.769435,2-4,2.50511234872651,6.25113485824702,2.61404404066749,2.50511234872651,1,1,3.57142857142857,54-58-66,0-4-12,0.32415133714675903,0.43340450525283813,0.6116399765014648,0.3789307475090027,0.4915296137332916,0.6210693120956421,0.5910317301750183
23,te67c,8.86713286713287,0.571,0.104,bowl18,4,major triad (r) + M2,,,60,57,64,7,0.01375,0.851740027175046,0.675052507383902,2.10262993215139,0.158887157419475,-3.93872187554087,26.9416506280621,0.402557808167204,2.04373302793591,5.16235509623848,1.17839288340222,1,6.73742707433197,1.08437924404525,0.791213,1104.25,7.59947,0.582153,0.742729,0.599721,4-22A,8.97748579111647,3.73225929214014,7.59675433306551,8.97748579111647,1,1,6.14285714285714,57-59-61-64,0-2-4-7,0.6385084390640259,0.9064472317695618,0.3687538504600525,0.30469655990600586,0.17801032960414886,0.6953033804893494,0.4294135868549347
24,te175c,8.76328671328671,0.572,0.104,bowl18,4,suspended 4th + oct,,,59,53,65,12,0.1,1.05597977834256,0.763252924065916,1.98431348329844,0.316966000570847,-3.01920389926271,28.5436845415537,0.214233590636884,1.25916474566531,2.91594698792361,0.842275932642628,4,6.89028075835381,1.76884826119395,0.801758,1051.09,5.0404,0.655532,0.695548,1.27253,3-9,8.97748579111647,4.09193223965683,9.97166008763918,8.97748579111647,1,1,4.85714285714286,53-58-60-65,0-5-7-12,0.24710579216480255,0.6158804893493652,0.5445430278778076,0.35839396715164185,0.37382927536964417,0.6416060924530029,0.5334444642066956
25,te126c,8.65944055944056,0.681,0.124,bowl18,4,minor triad (r) + oct,,,59,54,66,12,0.114285714285714,0.928588602237831,0.702134069832943,2.04939015319192,0.26124751887785,-3.32192809488736,35.0027886441828,0.171470265631926,1.23505111388367,2.73760845254697,0.8850562284483,3,8.71728717881205,1.80083649763374,0.785496,1112.32,4.97803,0.887226,0.761135,0.598643,3-11A,3.29198082096815,2.14376085786175,5.46355161449422,3.29198082096815,1,1,4.85714285714286,54-57-61-66,0-3-7-12,0.42753341794013977,0.6926441192626953,0.44860386848449707,0.33729276061058044,0.3193306624889374,0.6627072095870972,0.5782390236854553
26,dy7c,8.5965034965035,0.591,0.108,bowl18,2,perfect 5th,,,60,56,63,7,0.666666666666667,1.2521137715718,0.80404805919527,1.67332005306815,0.526445686533782,-1.0,103.474634932108,0.0291157784580692,0.204842691178943,0.533629239439252,0.422938183645359,3,7.25246923394618,2.45540293688598,0.758032,1066.9,2.27875,0.820687,0.798642,0.632835,2-5,1.85694148254459,5.71986443207317,1.48686327573291,1.85694148254459,1,1,6.14285714285714,56-63,0-7,0.14438630640506744,0.22650164365768433,0.3568691313266754,0.39593619108200073,0.6224735379219055,0.6040638089179993,0.5470441579818726
27,tr25c,8.4486013986014,0.674664668,0.123176352,bowl18,3,minor triad (r),,,59,56,63,7,0.03375,0.928588602237831,0.702134069832943,2.04939015319192,0.287732323151807,-3.32192809488736,39.2893018380895,0.159975547229209,0.948194991584335,2.43401655096263,0.814179792200113,3,8.71728717881205,1.81945805937888,0.756319,1042.68,4.74675,0.786014,0.729115,0.586282,3-11A,3.29198082096815,2.14376085786175,5.46355161449422,3.29198082096815,1,1,4.85714285714286,56-59-63,0-3-7,0.3201315402984619,0.6770188808441162,0.5319894552230835,0.4380500912666321,0.3690086901187897,0.5619499087333679,0.4735293388366699
28,te179c,8.4486013986014,0.621,0.113,bowl18,4,te179c,,,60,53,65,12,0.109259259259259,0.928588602237831,0.702134069832943,2.04939015319192,0.253054035992057,-3.90689059560852,44.1007502178271,0.184741400459322,1.31517332359032,3.03464355691896,0.964361010938479,3,5.78116443842024,1.47486567889912,0.784605,1051.09,4.85582,0.668949,0.68066,1.07543,3-11A,3.29198082096815,2.14376085786175,5.46355161449422,3.29198082096815,1,1,6.14285714285714,53-58-61-65,0-5-8-12,0.44194942712783813,0.7588606476783752,0.5117997527122498,0.3517567217350006,0.2853863537311554,0.648243248462677,0.5452625751495361
29,te164c,8.23776223776224,0.479,0.088,bowl18,4,te164c,,,60,53,65,12,0.233333333333333,0.898206959300817,0.709916008353518,2.04939015319192,0.147919363016404,-3.0,19.600674520134,0.36790803702521,1.34220443680334,2.98526557736549,0.863314140371463,3,1.94525976831915,0.726279388155963,0.766681,1051.09,3.84407,0.59964,0.691658,1.3792,3-4A,8.97748579111647,10.0825631060162,12.051101629319,8.97748579111647,1,1,6.14285714285714,53-57-64-65,0-4-11-12,0.5296128988265991,0.6806522607803345,0.4985792338848114,0.22077858448028564,0.2799200713634491,0.7792213559150696,0.6355993151664734
30,te153c,8.13391608391608,0.837,0.153,bowl18,4,major 7th chord,,,60,54,65,11,0.125396825396825,0.815233587107258,0.593204732098434,2.16024689946929,0.153051458380088,-3.0,44.1007502178271,0.29037197696277,1.73001978677949,4.00302476894858,1.03074964888138,1,7.42894391227048,1.27285200633661,0.804363,1113.0,10.2837,0.788031,0.724135,0.708986,4-20,3.50094154161012,3.54780574500476,3.45232845091035,3.50094154161012,1,1,6.14285714285714,54-58-61-65,0-4-7-11,0.4109612703323364,0.7492551207542419,0.45275378227233887,0.35541558265686035,0.29261314868927,0.6445844173431396,0.4295685887336731
31,te161c,7.92307692307692,0.728,0.133,bowl18,4,te161c,,,60,53,65,12,0.133333333333333,0.928588602237831,0.702134069832943,2.04939015319192,0.236460715520258,-3.58496250072116,45.3858842834981,0.185681330535038,1.29126424810268,2.84007313522782,0.861949043743512,3,5.90185056611313,1.48585794966391,0.757128,884.544,8.73703,0.571015,0.661411,1.05044,3-11A,3.29198082096815,2.14376085786175,5.46355161449422,3.29198082096815,1,1,6.14285714285714,53-57-62-65,0-4-9-12,0.4245587885379791,0.7528472542762756,0.4639567732810974,0.365021288394928,0.2943001687526703,0.634978711605072,0.5713688731193542
32,te172c,7.92307692307692,0.898,0.164,bowl18,4,suspended 4th + M6,,,60,54,63,9,0.0165228174603175,0.851740027175046,0.675052507383902,2.10262993215139,0.145686249006584,-3.51920389926271,30.24098034881,0.375541892990698,1.9654974457488,4.65542802029473,1.06708948289031,1,4.41608887236599,0.887426077392133,0.776292,1112.66,9.6322,0.825695,0.722012,0.411206,4-22A,8.97748579111647,3.73225929214014,7.59675433306551,8.97748579111647,1,1,6.14285714285714,54-59-61-63,0-5-7-9,0.714811384677887,0.916311502456665,0.34291476011276245,0.2632170021533966,0.1554998904466629,0.736782968044281,0.3809475898742676
33,tr60c,7.81923076923077,0.71438423,0.130428119,bowl18,3,tr60c,,,61,53,65,12,0.3,1.0699768326589,0.733508698953899,1.79743406854583,0.471560841877958,-2.32192809488736,72.0456004561318,0.107041109627435,0.519248214343475,1.15066698022237,0.703143800609919,3,2.67428545596906,1.53022259367985,0.738953,876.132,4.57834,0.585172,0.6508,1.06685,2-4,2.50511234872651,6.25113485824702,2.61404404066749,2.50511234872651,1,1,7.42857142857143,53-61-65,0-8-12,0.3281233012676239,0.48093822598457336,0.6032733917236328,0.3049558103084564,0.433419406414032,0.695044219493866,0.5910574197769165
34,te128c,7.81923076923077,0.761,0.139,bowl18,4,te128c,,,60,54,64,10,0.0312169312169312,0.851740027175046,0.675052507383902,2.10262993215139,0.140040528778399,-3.51064997042823,35.0027886441828,0.353517233645235,1.85933002353599,4.21137513895454,0.994741279581086,1,4.53704734283344,0.935649460159584,0.79584,1103.91,4.46657,0.791798,0.766994,0.503218,4-22A,8.97748579111647,3.73225929214014,7.59675433306551,8.97748579111647,1,1,6.14285714285714,54-57-62-64,0-3-8-10,0.6697785258293152,0.8722318410873413,0.43295958638191223,0.27399149537086487,0.1862574815750122,0.7260085344314575,0.4658941626548767
35,dy4c,7.73426573426574,0.61,0.111,bowl18,2,major 3rd,,,60,58,62,4,0.4,1.0699768326589,0.733508698953899,1.79743406854583,0.533939179079726,-2.0,60.5828871583626,0.0777705748788746,0.355325843383768,0.951266661307462,0.605569370621003,3,2.19278502537322,1.52771030097112,0.832055,1171.88,3.65518,0.625565,0.841066,0.329365,2-4,2.50511234872651,6.25113485824702,2.61404404066749,2.50511234872651,1,1,6.14285714285714,58-62,0-4,0.46581512689590454,0.5481427907943726,0.5265775322914124,0.40371173620224,0.4325990378856659,0.5962882041931152,0.35692623257637024
36,tr40c,7.60944055839161,0.819307249,0.149584354,bowl18,3,suspended 4th,,,61,56,63,7,0.305555555555556,1.05597977834256,0.763252924065916,1.98431348329844,0.272462881860757,-3.16395103210989,33.9443527452088,0.219750173576247,0.906038679661909,2.2557105355546,0.663695759216156,4,6.89028075835381,1.75991134023351,0.747903,1112.32,4.27097,0.753451,0.756974,0.348145,3-9,8.97748579111647,4.09193223965683,9.97166008763918,8.97748579111647,1,1,7.42857142857143,56-61-63,0-5-7,0.4156799614429474,0.6220397353172302,0.2997283935546875,0.18158474564552307,0.29941004514694214,0.8184153437614441,0.519579291343689
37,te184c,7.60839160839161,0.629,0.115,bowl18,4,power chord + m7,,,60,53,65,12,0.1,1.05597977834256,0.763252924065916,1.98431348329844,0.246150643327112,-3.53840779852542,38.101247710923,0.212217971003699,1.21956647461698,2.75107503961609,0.968875949116423,4,4.71482082989417,1.5465217134428,0.789106,1050.75,4.11089,0.603594,0.685412,1.04204,3-9,8.97748579111647,4.09193223965683,9.97166008763918,8.97748579111647,1,1,6.14285714285714,53-58-63-65,0-5-10-12,0.3737947642803192,0.6766620874404907,0.37765392661094666,0.267363965511322,0.3009483218193054,0.7326360940933228,0.5862870812416077
38,te90c,7.50454545454545,0.662,0.121,bowl18,4,suspended 2nd + Oct,,,58,54,66,12,0.104166666666667,1.05597977834256,0.763252924065916,1.98431348329844,0.229085711698026,-3.43872187554087,22.6551374341554,0.258199494849772,1.21694692237433,2.56853048555624,0.8818332249048,4,5.50091134991306,1.55354755946896,0.769626,1112.66,6.99506,0.809529,0.731422,0.433609,3-9,8.97748579111647,4.09193223965683,9.97166008763918,8.97748579111647,1,1,3.57142857142857,54-56-61-66,0-2-7-12,0.37598252296447754,0.6731102466583252,0.3703700602054596,0.27869683504104614,0.3076125979423523,0.7213031053543091,0.5221641659736633
39,te135c,7.50454545454545,0.607,0.111,bowl18,4,te135c,,,60,53,65,12,0.377777777777778,0.934734306954438,0.70414111353318,2.04939015319192,0.245253894148429,-2.93016794670639,33.0382330734706,0.261110469108938,1.28679092224333,2.72006389645403,0.889655720028776,3,3.61954522428821,1.13792927790157,0.743816,1021.82,7.67649,0.691696,0.660194,0.792438,3-7A,8.97748579111647,7.54358923495796,12.051101629319,8.97748579111647,1,1,6.14285714285714,53-56-63-65,0-3-10-12,0.6270550489425659,0.7513609528541565,0.396411269903183,0.1964065581560135,0.2277461141347885,0.8035934567451477,0.573747456073761
40,te124c,7.4006993006993,0.868,0.159,bowl18,4,minor 7th chord,,,59,54,64,10,0.0638095238095238,0.83411290484838,0.588306983990921,2.16024689946929,0.154362346929905,-3.68016794670639,35.0027886441828,0.264714428574696,1.8029890869785,4.26925627557243,1.06978508759279,1,8.39084535786945,1.44776895260425,0.792161,1114.68,4.81842,0.902921,0.783828,0.499286,4-26,3.82007212224573,2.34742117126595,2.54958529563679,3.82007212224573,1,1,4.85714285714286,54-57-61-64,0-3-7-10,0.5738808512687683,0.8446327447891235,0.4388611316680908,0.3044181764125824,0.2149876058101654,0.6955817937850952,0.43678322434425354
41,te194c,7.4006993006993,0.64,0.117,bowl18,4,te194c,,,60,53,65,12,0.0136805555555556,0.802289788464618,0.631533057415607,2.04939015319192,0.263678589375704,-3.52376682540176,30.24098034881,0.299248099718026,1.43821748541296,3.21352717356382,1.0560590407507,3,1.0,0.568761957887111,0.746071,990.864,7.05838,0.389318,0.635133,0.943897,3-8A,8.97748579111647,11.1811753946843,12.051101629319,8.97748579111647,1,1,6.14285714285714,53-59-61-65,0-6-8-12,0.7332918047904968,0.8710157871246338,0.47981008887290955,0.2870570123195648,0.19221334159374237,0.7129430174827576,0.44475388526916504
42,tr35c,7.29475524370629,0.808716878,0.147650826,bowl18,3,minor triad (1),,,59,55,64,9,0.166666666666667,0.928588602237831,0.702134069832943,2.04939015319192,0.253094649752482,-3.58496250072116,50.9439326371874,0.138755564520662,0.875932087750222,2.04753472656119,0.855977169175062,3,5.90185056611313,1.56187817205301,0.764578,991.2,5.47626,0.703607,0.692033,0.845377,3-11A,3.29198082096815,2.14376085786175,5.46355161449422,3.29198082096815,1,1,4.85714285714286,55-59-64,0-4-9,0.3698849678039551,0.6681431531906128,0.4510529935359955,0.42496511340141296,0.3691001236438751,0.5750349164009094,0.3811432421207428
43,tr63c,7.29475524370629,0.889917987,0.162476052,bowl18,3,tr63c,,,61,52,64,12,0.0210416666666667,1.00354157407174,0.712561151403412,2.04939015319192,0.486169419455901,-1.58496250072116,52.4449259359978,0.108921963110493,0.557525425010248,1.28738869958079,0.729654735786782,3,1.0,1.23530506038157,0.774509,1159.09,5.86161,0.613164,0.788452,0.483821,2-3,2.33315009581831,7.30058898374176,3.39080942738383,2.33315009581831,1,1,7.42857142857143,52-61-64,0-9-12,0.2609403431415558,0.44640621542930603,0.39654794335365295,0.2553606927394867,0.43430057168006897,0.7446392774581909,0.6432378888130188
44,te207c,7.29370629370629,0.964,0.176,bowl18,4,power chord + M6,,,61,53,65,12,0.115740740740741,0.934734306954438,0.70414111353318,2.04939015319192,0.375771221076828,-2.93872187554087,32.039202616809,0.236102904523013,1.30439997573773,3.08838940963926,0.832909193873895,3,1.59639251268661,0.968643942650915,0.76714,883.198,9.70042,0.635006,0.652744,0.985099,3-7A,8.97748579111647,7.54358923495796,12.051101629319,8.97748579111647,1,1,7.42857142857143,53-60-62-65,0-7-9-12,0.4237203598022461,0.7279871106147766,0.4145236313343048,0.4048849642276764,0.32516172528266907,0.595115065574646,0.5055503845214844
45,te117c,7.18986013986014,0.83,0.152,bowl18,4,te117c,,,60,55,63,8,0.0583333333333333,0.728916578223825,0.644295763132923,2.04939015319192,0.0579101098197798,-4.50048947430389,33.9443527452088,0.387384915194237,2.11838453647169,5.11614250696949,1.31929627731233,1,5.47759251020318,0.759700207108858,0.799077,1112.32,4.59108,0.471524,0.731844,0.469025,4-27B,3.09212901186637,2.41821647391762,2.60505692398376,3.09212901186637,1,1,6.14285714285714,55-58-61-63,0-3-6-8,0.761535108089447,0.9468917846679688,0.45659923553466797,0.29080602526664734,0.14818733930587769,0.7091939449310303,0.42731133103370667
46,te140c,7.18986013986014,0.695,0.127,bowl18,4,te140c,,,60,55,64,9,0.2,0.815233587107258,0.593204732098434,2.16024689946929,0.132278147584454,-3.58496250072116,14.6839146725366,0.41139654263134,2.0282930119185,5.07056704869979,1.07795852689522,1,3.2069145415475,0.638972970378659,0.778445,991.537,6.41472,0.689308,0.695941,0.848256,4-20,3.50094154161012,3.54780574500476,3.45232845091035,3.50094154161012,1,1,6.14285714285714,55-59-60-64,0-4-5-9,0.6531105637550354,0.8478661775588989,0.46983250975608826,0.2253502607345581,0.18142035603523254,0.7746497988700867,0.37969914078712463
47,te151c,7.08601398601399,0.765,0.14,bowl18,4,major triad (r) + M6,,,60,55,64,9,0.188888888888889,0.83411290484838,0.588306983990921,2.16024689946929,0.123835079375222,-3.68872187554087,35.9627889954623,0.293520741377794,1.84600378013438,4.44715867402761,0.95333530789513,1,6.79247838232887,1.2353542159676,0.760499,983.125,6.92626,0.85067,0.671516,0.679937,4-26,3.82007212224573,2.34742117126595,2.54958529563679,3.82007212224573,1,1,6.14285714285714,55-59-62-64,0-4-7-9,0.594698429107666,0.8776695728302002,0.40052908658981323,0.38936159014701843,0.2291429042816162,0.610638439655304,0.3716500401496887
48,dy5c,7.03251748251748,0.598,0.109,bowl18,2,perfect 4th,,,60,57,62,5,0.0851851851851852,1.2521137715718,0.80404805919527,1.67332005306815,0.428709048580747,-1.58496250072116,73.6647679174076,0.05603991807956,0.292219660133102,0.775746199049853,0.652179112966366,3,4.52282532447988,2.12872564974293,0.788084,1103.58,1.56724,0.821755,0.817845,0.410095,2-5,1.85694148254459,5.71986443207317,1.48686327573291,1.85694148254459,1,1,6.14285714285714,57-62,0-5,0.21785061061382294,0.39309462904930115,0.3537159562110901,0.3901980221271515,0.5202224850654602,0.6098020076751709,0.4474606513977051
49,tr16c,6.98006992902098,0.691491807,0.126248554,bowl18,3,suspended 2nd,,,59,57,64,7,0.25,1.05597977834256,0.763252924065916,1.98431348329844,0.326540159832597,-3.58496250072116,26.9416506280621,0.238377861752135,0.906571669647222,2.29144544475036,0.813905150990291,4,5.50091134991306,1.58565880845179,0.799608,1103.91,3.90209,0.628149,0.772246,0.904548,3-9,8.97748579111647,4.09193223965683,9.97166008763918,8.97748579111647,1,1,4.85714285714286,57-59-64,0-2-7,0.32276538014411926,0.5974385738372803,0.37662452459335327,0.3233519494533539,0.3708776831626892,0.6766480803489685,0.4782561957836151
50,te110c,6.97902097902098,0.64,0.117,bowl18,4,minor triad (r) + P4,,,60,56,63,7,0.0138541666666667,0.851740027175046,0.675052507383902,2.16024689946929,0.151411317900434,-4.61440934524794,30.24098034881,0.401724673158986,2.09132258832609,5.23146421272216,1.08301844759645,3,4.60483139651237,0.86458201639912,0.75589,1046.38,8.06601,0.669591,0.710466,0.516051,4-22B,8.97748579111647,5.52518358386449,9.85387705198279,8.97748579111647,1,1,6.14285714285714,56-59-61-63,0-3-5-7,0.7860201001167297,0.9374960660934448,0.3792925775051117,0.2852269113063812,0.1515931338071823,0.7147730588912964,0.4137698709964752
51,te112c,6.97902097902098,0.828,0.151,bowl18,4,te112c,,,59,55,64,9,0.164444444444444,0.728916578223825,0.644295763132923,2.04939015319192,0.161048081466152,-4.26064997042823,28.5436845415537,0.361534725536905,2.03726327809328,4.88126956616042,1.16483524605599,1,5.49629786690013,0.803517496492575,0.826301,1122.75,5.09291,0.716256,0.762542,0.77002,4-27B,3.09212901186637,2.41821647391762,2.60505692398376,3.09212901186637,1,1,4.85714285714286,55-58-60-64,0-3-5-9,0.5699336528778076,0.9080784320831299,0.5141728520393372,0.29426899552345276,0.1728605329990387,0.7057310342788696,0.3688064217567444
52,te111c,6.87517482517482,0.607,0.111,bowl18,4,te111c,,,60,56,64,8,0.0142708333333333,0.83411290484838,0.588306983990921,2.16024689946929,0.0779830288451042,-4.01064997042823,30.24098034881,0.355947907439508,2.02349523670426,4.99621687770289,1.19747898437797,1,5.50091134991306,1.0002880376707,0.763716,1044.02,7.28412,0.708116,0.712119,0.719064,4-26,3.82007212224573,2.34742117126595,2.54958529563679,3.82007212224573,1,1,6.14285714285714,56-59-61-64,0-3-5-8,0.6486040353775024,0.9209480881690979,0.45194166898727417,0.37774935364723206,0.1985308825969696,0.6222506761550903,0.3872784972190857
53,te89c,6.77132867132867,0.819,0.15,bowl18,4,suspended 2nd + M7,,,58,54,65,11,0.116666666666667,0.801958787793059,0.706575278810354,2.16024689946929,0.16011162290244,-3.43872187554087,22.6551374341554,0.390701266184112,1.80877045506344,4.01748216426349,0.980902798812232,1,6.04758256715958,0.943444337598195,0.755419,1042.34,10.4488,0.71745,0.69331,0.48015,4-14B,8.97748579111647,5.17976051672319,12.051101629319,8.97748579111647,1,1,3.57142857142857,54-56-61-65,0-2-7-11,0.5144028067588806,0.7949476838111877,0.40056341886520386,0.2574286460876465,0.22600284218788147,0.7425713539123535,0.39402005076408386
54,te121c,6.77132867132867,0.937,0.171,bowl18,4,diminished triad + oct,,,58,54,66,12,0.108571428571429,0.727581329514965,0.587538205311478,2.50998007960223,0.254691197813928,-3.42000745058205,35.0027886441828,0.251985429420308,1.441477861775,3.13823450294815,1.01243614428286,3,5.39321941461327,0.967922761339448,0.808812,1114.01,4.73326,0.674633,0.782613,0.833352,3-10,4.64377597831346,5.91848520577946,7.57376481484081,4.64377597831346,1,1,3.57142857142857,54-57-60-66,0-3-6-12,0.6334012150764465,0.8155538439750671,0.4672163128852844,0.2670554518699646,0.21748988330364227,0.7329445481300354,0.5584181547164917
55,te82c,6.66433566433567,0.747,0.136,bowl18,4,te82c,,,59,55,64,9,0.0591666666666667,0.728916578223825,0.644295763132923,2.04939015319192,0.144918387734097,-4.51352388013769,24.0022820091254,0.347430573463034,1.93411356774937,4.61797452383411,1.18725598440416,1,6.22333874970109,0.901759396772633,0.772231,1103.58,5.68056,0.389394,0.73895,0.709787,4-27B,3.09212901186637,2.41821647391762,2.60505692398376,3.09212901186637,1,1,4.85714285714286,55-57-61-64,0-2-6-9,0.6638723611831665,0.8856156468391418,0.42434728145599365,0.2978728115558624,0.1877797245979309,0.70212721824646,0.3921258747577667
56,tr30c,6.56048951048951,0.924755326,0.168836451,bowl18,3,tr30c,,,57,54,66,12,0.0857142857142857,1.00354157407174,0.712561151403412,2.04939015319192,0.474047505406878,-2.32192809488736,35.0027886441828,0.134556672866391,0.579992892941239,1.16243349054795,0.58043961958429,3,2.19278502537322,1.3174665530914,0.799742,1113.0,3.43038,0.766329,0.78226,0.952305,2-3,2.33315009581831,7.30058898374176,3.39080942738383,2.33315009581831,1,1,2.28571428571429,54-57-66,0-3-12,0.39800265431404114,0.47486642003059387,0.47560539841651917,0.3344332277774811,0.448853462934494,0.6655668020248413,0.6464710831642151
57,tr41c,6.56048951048951,0.664363839,0.121295687,bowl18,3,minor triad (2),,,60,55,63,8,0.133333333333333,0.928588602237831,0.702134069832943,2.04939015319192,0.169579496507099,-3.90689059560852,49.5014184214823,0.184096277977744,0.957901752209272,2.30349432605133,0.867505482446585,3,5.78116443842024,1.47591078393806,0.773209,987.499,4.2954,0.786874,0.73001,0.629045,3-11A,3.29198082096815,2.14376085786175,5.46355161449422,3.29198082096815,1,1,6.14285714285714,55-60-63,0-5-8,0.394949734210968,0.7515629529953003,0.5516759753227234,0.3621211051940918,0.2939106523990631,0.637878954410553,0.41223448514938354
58,te122c,6.56048951048951,0.887,0.162,bowl18,4,minor triad (r) + m6,,,60,55,63,8,0.233333333333333,0.815233587107258,0.593204732098434,2.16024689946929,0.0773581332867802,-3.32192809488736,17.4622158046733,0.442789425089746,2.04933617567189,5.10000226096281,1.09977775971611,1,4.72621718882644,0.745665542969686,0.806161,983.125,8.9788,0.870942,0.721632,0.464166,4-20,3.50094154161012,3.54780574500476,3.45232845091035,3.50094154161012,1,1,6.14285714285714,55-58-62-63,0-3-7-8,0.6651369333267212,0.8947731256484985,0.5048270225524902,0.30854958295822144,0.18655595183372498,0.6914503574371338,0.4123443067073822
59,te138c,6.56048951048951,0.805,0.147,bowl18,4,major triad (r) + P4,,,60,56,63,7,0.197222222222222,0.801958787793059,0.706575278810354,2.16024689946929,0.111355385458377,-3.76920389926271,15.5570656762735,0.503470284461914,2.18671646948692,5.63063443459382,0.919617054191758,1,4.41608887236599,0.591573966461937,0.765063,1122.42,6.14527,0.705692,0.756843,0.346406,4-14B,8.97748579111647,5.17976051672319,12.051101629319,8.97748579111647,1,1,6.14285714285714,56-60-61-63,0-4-5-7,0.5908033847808838,0.8517225384712219,0.5539716482162476,0.31687766313552856,0.2157175987958908,0.6831222772598267,0.4809243083000183
60,te204c,6.56048951048951,0.887,0.162,bowl18,4,power chord + m6,,,60,53,65,12,0.183333333333333,0.898206959300817,0.709916008353518,2.04939015319192,0.296306376473543,-3.32192809488736,15.5570656762735,0.353748478943803,1.41693377942314,3.47100445474464,0.958988018831289,3,1.59639251268661,0.713041015899253,0.756538,1050.42,6.12526,0.63737,0.664576,0.990602,3-4A,8.97748579111647,10.0825631060162,12.051101629319,8.97748579111647,1,1,6.14285714285714,53-60-61-65,0-7-8-12,0.542639434337616,0.7142090797424316,0.6240346431732178,0.27024737000465393,0.2795735001564026,0.7297526597976685,0.514565110206604
61,te76c,6.45664335664336,0.774,0.141,bowl18,4,te76c,,,60,56,65,9,0.107407407407407,0.83411290484838,0.588306983990921,2.16024689946929,0.219306422220038,-3.52368437626202,25.4295319690724,0.318650230449448,1.85285069541307,4.5196920558181,1.02579522518582,1,6.28097720460181,1.14160229487981,0.781699,1043.35,7.95895,0.839232,0.705227,0.423533,4-26,3.82007212224573,2.34742117126595,2.54958529563679,3.82007212224573,1,1,6.14285714285714,56-58-61-65,0-2-5-9,0.5556172132492065,0.869031548500061,0.41698986291885376,0.28697437047958374,0.19337080419063568,0.7130255699157715,0.44003501534461975
62,te85c,6.45664335664336,0.626,0.114,bowl18,4,te85c,,,58,54,66,12,0.314285714285714,0.802289788464618,0.631533057415607,2.04939015319192,0.33519530434507,-4.40528402831866,22.6551374341554,0.326579184601314,1.43185599481745,2.96805963875511,0.942637459610461,3,1.0,0.524485319966561,0.791305,1114.01,7.04744,0.573051,0.753512,0.636203,3-8A,8.97748579111647,11.1811753946843,12.051101629319,8.97748579111647,1,1,3.57142857142857,54-56-60-66,0-2-6-12,0.7120814919471741,0.8558552861213684,0.4769115746021271,0.21672554314136505,0.17317698895931244,0.7832745313644409,0.5198466181755066
63,te197c,6.45664335664336,0.774,0.141,bowl18,4,te197c,,,60,53,65,12,0.0666666666666667,0.727581329514965,0.587538205311478,2.50998007960223,0.234351705278385,-3.69776527867924,46.7231172893455,0.223403135256004,1.38379750786303,3.19388019649336,0.910967249357675,3,3.27067796865568,0.794122064714481,0.740424,882.861,9.58975,0.389996,0.626293,0.927342,3-10,4.64377597831346,5.91848520577946,7.57376481484081,4.64377597831346,1,1,6.14285714285714,53-59-62-65,0-6-9-12,0.6432182192802429,0.8112057447433472,0.4973529577255249,0.3298134207725525,0.2452019453048706,0.6701865792274475,0.4753921627998352
64,te149c,6.34965034965035,0.583,0.106,bowl18,4,augmented triad + oct,,,59,54,66,12,0.314285714285714,0.802289788464618,0.631533057415607,2.20139815711603,0.258539951643454,-4.11280277795808,28.5436845415537,0.302981328606991,1.44754118347705,3.1315283926288,0.953022499371176,3,1.0,0.562714088785058,0.827853,1171.2,4.87614,0.657708,0.787829,0.914935,3-8B,8.97748579111647,11.1811753946843,12.051101629319,8.97748579111647,1,1,4.85714285714286,54-58-60-66,0-4-6-12,0.6162334680557251,0.8348589539527893,0.5852010250091553,0.21887290477752686,0.18663379549980164,0.7811271548271179,0.5028785467147827
65,te173c,6.34965034965035,0.828,0.151,bowl18,4,suspended 4th + m7,,,60,54,64,10,0.0160565476190476,0.907772360666524,0.672732400497647,2.22287572090485,0.100530470289965,-4.53840779852542,30.24098034881,0.320790874065021,1.82890313437126,4.30284635621703,1.09244692553909,4,6.56755691054627,1.29896051398308,0.784386,1114.01,7.51902,0.73324,0.728461,0.588856,4-23,8.97748579111647,4.54785696140397,5.96660221624384,8.97748579111647,1,1,6.14285714285714,54-59-61-64,0-5-7-10,0.57511305809021,0.8745986819267273,0.38623765110969543,0.29646027088165283,0.1938249170780182,0.7035397291183472,0.36168161034584045
66,dy9c,6.28671328671329,0.686,0.125,bowl18,2,major 6th,,,60,55,64,9,0.466666666666667,1.00354157407174,0.712561151403412,2.04939015319192,0.546538122328582,-1.58496250072116,133.629838921995,0.0740345549818558,0.265942939644323,0.53711077904625,0.654001805258941,3,1.0,1.29182301948544,0.763582,984.135,3.90217,0.633211,0.75228,0.939854,2-3,2.33315009581831,7.30058898374176,3.39080942738383,2.33315009581831,1,1,6.14285714285714,55-64,0-9,0.2662680745124817,0.3577936887741089,0.2971179485321045,0.24322645366191864,0.4826143682003021,0.7567734718322754,0.4447137713432312
67,tr14c,6.2458041958042,0.794376789,0.145032695,bowl18,3,tr14c,,,60,58,63,5,0.244444444444444,0.934734306954438,0.70414111353318,2.04939015319192,0.219085070871379,-3.64160416786859,28.5436845415537,0.291744220377056,1.10884458609598,2.86458806379416,1.06949498504466,3,3.4869120493249,1.07454842886573,0.838965,1315.54,3.28263,0.750498,0.84635,0.540794,3-7A,8.97748579111647,7.54358923495796,12.051101629319,8.97748579111647,1,1,6.14285714285714,58-60-63,0-2-5,0.35509052872657776,0.8097854256629944,0.544180154800415,0.2661903500556946,0.22060491144657135,0.7338096499443054,0.3943481743335724
68,dy3c,6.22377622377623,0.538,0.098,bowl18,2,minor 3rd,,,60,58,61,3,0.0671296296296296,1.00354157407174,0.712561151403412,2.04939015319192,0.398256547448771,-2.32192809488736,44.1007502178271,0.125093836563789,0.42704364917774,1.15993065919086,0.673529690547899,3,2.19278502537322,1.33279644498779,0.831306,1287.62,2.2013,0.660788,0.854172,0.559059,2-3,2.33315009581831,7.30058898374176,3.39080942738383,2.33315009581831,1,1,6.14285714285714,58-61,0-3,0.3963288962841034,0.5545987486839294,0.5252431035041809,0.38490498065948486,0.42120274901390076,0.6150950193405151,0.3391938805580139
69,te59c,6.14195804195804,0.994,0.182,bowl18,4,minor triad (r) + M2,,,60,57,64,7,0.0666666666666667,0.801958787793059,0.706575278810354,2.29128784747792,0.180443880850976,-5.18016794670639,14.6839146725366,0.521254281380864,2.18038454344234,5.6811922008358,1.12577756831663,3,4.9709074761972,0.620297550897039,0.809311,1103.91,5.60898,0.594633,0.764377,0.905034,4-14A,8.97748579111647,6.51773630057228,10.6648072681991,8.97748579111647,1,1,6.14285714285714,57-59-60-64,0-2-3-7,0.6938673257827759,0.8679213523864746,0.4952371418476105,0.2237362414598465,0.16874174773693085,0.7762637138366699,0.41572949290275574
70,te160c,6.14195804195804,0.758,0.138,bowl18,4,te160c,,,60,54,65,11,0.116666666666667,0.801958787793059,0.706575278810354,2.29128784747792,0.149470379590892,-4.43872187554087,38.101247710923,0.355319001390484,1.73907451528571,3.80575434601319,1.00324718318359,3,1.0,0.47733736598889,0.809221,1114.68,10.0054,0.751302,0.725075,0.637826,4-14A,8.97748579111647,6.51773630057228,10.6648072681991,8.97748579111647,1,1,6.14285714285714,54-58-63-65,0-4-9-11,0.4630258083343506,0.7908710241317749,0.4094863831996918,0.29071488976478577,0.2417633831501007,0.7092851400375366,0.46442896127700806
71,tr47c,6.03601398496504,0.668675135,0.122082818,bowl18,3,tr47c,,,61,55,63,8,0.0472222222222222,0.802289788464618,0.631533057415607,2.04939015319192,0.173119833828484,-3.92437973557323,33.9443527452088,0.302207039938552,1.03359512018809,2.3691294021359,0.899797989262151,3,1.0,0.563968444371923,0.740948,983.125,4.50014,0.320963,0.710877,0.440269,3-8A,8.97748579111647,11.1811753946843,12.051101629319,8.97748579111647,1,1,7.42857142857143,55-61-63,0-6-8,0.7599536180496216,0.8533377647399902,0.5020231604576111,0.19734016060829163,0.16693341732025146,0.802659809589386,0.4151839315891266
72,te74c,6.03496503496504,0.669,0.122,bowl18,4,mu chord,,,60,56,63,7,0.104166666666667,0.907772360666524,0.672732400497647,2.22287572090485,0.129415238252202,-4.70792577480357,25.4295319690724,0.399769799447656,2.0360011306252,5.0893479713422,1.07869300041084,4,4.81233024966143,0.988999520394623,0.794279,1172.21,5.18888,0.715442,0.764441,0.328373,4-23,8.97748579111647,4.54785696140397,5.96660221624384,8.97748579111647,1,1,6.14285714285714,56-58-61-63,0-2-5-7,0.7170839905738831,0.907977819442749,0.370996356010437,0.26906120777130127,0.16283775866031647,0.7309387922286987,0.46303072571754456
73,te174c,6.03496503496504,0.718,0.131,bowl18,4,suspended 4th + M7,,,60,54,65,11,0.0162103174603175,0.792841884635678,0.678210185899313,2.29128784747792,0.148879073504524,-4.70344529780426,30.24098034881,0.382351480687615,1.8137472850877,4.11377046577546,1.1492622609757,4,1.0,0.417317080832278,0.767945,991.537,11.4014,0.54479,0.678842,0.743929,4-16B,8.97748579111647,10.4880282141244,12.051101629319,8.97748579111647,1,1,6.14285714285714,54-59-61-65,0-5-7-11,0.6296848654747009,0.8594726920127869,0.4124263823032379,0.2627071440219879,0.18939925730228424,0.7372929453849792,0.3644985854625702
74,tr13c,5.93111888111888,0.813676204,0.148556271,bowl18,3,tr13c,,,60,58,62,4,0.0666666666666667,0.879161456178333,0.619101564205231,2.12132034355964,0.227875682163196,-3.7233083338141,28.5436845415537,0.402995423404221,1.25765304677913,3.18478111318043,1.13262391493738,4,1.0,0.537515926827265,0.842905,1174.23,5.34364,0.652779,0.822839,0.522723,3-6,8.97748579111647,8.8785903016903,12.051101629319,8.97748579111647,1,1,6.14285714285714,58-60-62,0-2-4,0.8001756072044373,0.9325428009033203,0.4694255590438843,0.257577508687973,0.1435052901506424,0.7424225211143494,0.332232803106308
75,tr37c,5.93111888111888,0.621455466,0.113461726,bowl18,3,tr37c,,,58,54,65,11,0.102380952380952,0.898206959300817,0.709916008353518,2.04939015319192,0.274152832497727,-3.0,48.0846694032278,0.239846280029235,0.857218247140221,1.82197554381996,0.71457476787699,3,1.94525976831915,0.933740748368826,0.81228,1114.34,9.78744,0.659289,0.734564,0.84818,3-4A,8.97748579111647,10.0825631060162,12.051101629319,8.97748579111647,1,1,3.57142857142857,54-58-65,0-4-11,0.3009507358074188,0.500881016254425,0.508246660232544,0.3879776895046234,0.4546624422073364,0.612022340297699,0.4483758807182312
76,te97c,5.93111888111888,0.724,0.132,bowl18,4,te97c,,,60,54,66,12,0.285714285714286,0.934734306954438,0.70414111353318,1.92506684375924,0.215232031610904,-3.87744375108173,22.6551374341554,0.283693136611946,1.25066816904543,2.62802456476651,0.954705383664851,3,3.06317911550661,1.0436508090517,0.771967,1113.33,8.81024,0.665356,0.739439,0.373124,3-7B,3.87008572567373,6.41900145988659,12.051101629319,3.87008572567373,1,1,6.14285714285714,54-56-63-66,0-2-9-12,0.5163246393203735,0.7001041769981384,0.3768947124481201,0.2709500193595886,0.2883175313472748,0.7290499806404114,0.5762407779693604
77,te119c,5.93111888111888,0.932,0.17,bowl18,4,half diminished 7th chord,,,60,55,65,10,0.0601851851851852,0.728916578223825,0.644295763132923,2.36643191323985,0.195090476264568,-4.85872932612292,37.0841627681703,0.297088827406728,1.86802369282261,4.43049669584683,1.10300252891821,3,5.40872276234805,0.898839108063078,0.789781,954.863,5.49098,0.577731,0.679991,0.378322,4-27A,4.97985225373369,5.22017005506107,4.26829436647932,4.97985225373369,1,1,6.14285714285714,55-58-61-65,0-3-6-10,0.6123289465904236,0.9045639038085938,0.4890128970146179,0.3211211860179901,0.1857101172208786,0.6788787841796875,0.42346253991127014
78,te115c,5.82727272727273,0.679,0.124,bowl18,4,power chord + m3,,,58,54,66,12,0.0146031746031746,0.934734306954438,0.70414111353318,1.92506684375924,0.315440419919873,-4.01064997042823,26.9416506280621,0.28326466733351,1.43327600085337,3.15809661858084,0.924293608376235,3,2.38478053078751,0.973996036488153,0.784539,1103.91,6.34696,0.834558,0.730991,0.513757,3-7B,3.87008572567373,6.41900145988659,12.051101629319,3.87008572567373,1,1,3.57142857142857,54-57-59-66,0-3-5-12,0.5298367142677307,0.7774378657341003,0.3984855115413666,0.2831282913684845,0.2467886209487915,0.7168716788291931,0.5615787506103516
79,te146c,5.82727272727273,0.679,0.124,bowl18,4,te146c,,,60,55,64,9,0.0148958333333333,0.728916578223825,0.644295763132923,2.36643191323985,0.124659372381926,-5.1172832549574,30.24098034881,0.340552167279284,1.98283629984227,4.74846662293358,1.17522422630748,3,3.38557005074645,0.618630205096511,0.761378,991.2,8.33381,0.598173,0.682757,0.703509,4-27A,4.97985225373369,5.22017005506107,4.26829436647932,4.97985225373369,1,1,6.14285714285714,55-59-61-64,0-4-6-9,0.7762594223022461,0.9444566965103149,0.4338993728160858,0.3201417028903961,0.16138266026973724,0.6798583269119263,0.35493049025535583
80,te177c,5.82727272727273,0.626,0.114,bowl18,4,te177c,,,60,54,64,10,0.0457142857142857,0.851740027175046,0.675052507383902,2.16024689946929,0.0918293672968044,-4.6993718459691,35.9627889954623,0.349195418606823,1.89632229269568,4.33758759687204,1.07233511235183,3,3.06317911550661,0.789812960568212,0.785322,991.873,6.55196,0.944765,0.717825,0.544876,4-22B,8.97748579111647,5.52518358386449,9.85387705198279,8.97748579111647,1,1,6.14285714285714,54-59-62-64,0-5-8-10,0.7344449162483215,0.9222072958946228,0.4164443612098694,0.25593218207359314,0.14904849231243134,0.7440678477287292,0.36634716391563416
81,tr28c,5.72132867027972,0.730296743,0.133333333,bowl18,3,tr28c,,,58,55,65,10,0.0481481481481481,0.934734306954438,0.70414111353318,2.04939015319192,0.290364373661825,-3.1329145639794,37.0841627681703,0.199057934507344,0.880925002771849,2.00302813599434,0.708914990139169,3,3.61954522428821,1.23845502059857,0.796557,937.367,4.2323,0.65081,0.682496,0.482813,3-7A,8.97748579111647,7.54358923495796,12.051101629319,8.97748579111647,1,1,3.57142857142857,55-58-65,0-3-10,0.32984596490859985,0.6300809383392334,0.46138688921928406,0.35986077785491943,0.36589574813842773,0.6401392817497253,0.4249672591686249
82,te72c,5.72027972027972,0.776,0.142,bowl18,4,te72c,,,58,55,67,12,0.0666666666666667,0.879161456178333,0.619101564205231,2.12132034355964,0.295347562764898,-3.54248125036058,24.0022820091254,0.408727577397555,1.53854903854376,3.20067192976787,1.07667884772678,4,1.0,0.528229778547697,0.763606,1103.24,5.42245,0.695185,0.709652,0.499504,3-6,8.97748579111647,8.8785903016903,12.051101629319,8.97748579111647,1,1,3.57142857142857,55-57-59-67,0-2-4-12,0.6875022649765015,0.8704925179481506,0.37917423248291016,0.2549028694629669,0.17966563999652863,0.7450971007347107,0.48319754004478455
83,te79c,5.72027972027972,0.776,0.142,bowl18,4,power chord + M2,,,58,55,67,12,0.244444444444444,0.934734306954438,0.70414111353318,2.04939015319192,0.263450799315992,-3.87744375108173,24.0022820091254,0.295420669630613,1.37631347323951,2.98200817843139,0.995241845831177,3,3.4869120493249,1.06859254335558,0.786149,1103.91,4.69203,0.626871,0.756562,0.772512,3-7A,8.97748579111647,7.54358923495796,12.051101629319,8.97748579111647,1,1,3.57142857142857,55-57-60-67,0-2-5-12,0.6058008074760437,0.8215856552124023,0.3843930661678314,0.28157636523246765,0.21967914700508118,0.7184236645698547,0.527107834815979
84,te113c,5.72027972027972,0.73,0.133,bowl18,4,te113c,,,59,55,65,10,0.0564814814814815,0.907772360666524,0.672732400497647,2.22287572090485,0.190138984070596,-4.61888982224726,28.5436845415537,0.338156898341958,1.85204933638491,4.3838440629106,0.985223050091781,4,3.4869120493249,0.951369209110702,0.80469,983.125,5.61905,0.665418,0.686033,0.537278,4-23,8.97748579111647,4.54785696140397,5.96660221624384,8.97748579111647,1,1,4.85714285714286,55-58-60-65,0-3-5-10,0.42678302526474,0.8402596116065979,0.5324567556381226,0.3585165739059448,0.23925088346004486,0.6414834260940552,0.3974432349205017
85,te152c,5.72027972027972,0.86,0.157,bowl18,4,dominant 7th chord,,,60,54,64,10,0.0656547619047619,0.728916578223825,0.644295763132923,2.04939015319192,0.0923361033475774,-4.43016794670639,44.1007502178271,0.292291284903645,1.89872936471327,4.4620806432221,1.24313061285737,1,8.42519428100781,1.21941466589392,0.822515,1171.88,4.70852,0.771749,0.790905,0.501799,4-27B,3.09212901186637,2.41821647391762,2.60505692398376,3.09212901186637,1,1,6.14285714285714,54-58-61-64,0-4-7-10,0.5601123571395874,0.8868716955184937,0.438979834318161,0.30560141801834106,0.19011753797531128,0.6943986415863037,0.38076505064964294
86,tr53c,5.61643356643357,0.82000841,0.149712368,bowl18,3,tr53c,,,61,54,63,9,0.0982142857142857,0.934734306954438,0.70414111353318,2.04939015319192,0.242421824516714,-3.05664166714744,33.9443527452088,0.234586588080342,0.901290912049168,2.05049716156934,0.908279837152096,3,1.59639251268661,0.971100390845045,0.774311,1115.02,7.21146,0.776557,0.764175,0.276529,3-7A,8.97748579111647,7.54358923495796,12.051101629319,8.97748579111647,1,1,7.42857142857143,54-61-63,0-7-9,0.5075424313545227,0.7142008543014526,0.2902860939502716,0.1612522453069687,0.23598039150238037,0.8387477397918701,0.46841728687286377
87,te143c,5.61643356643357,0.777,0.142,bowl18,4,power chord + M3,,,58,54,66,12,0.0423809523809524,0.898206959300817,0.709916008353518,2.04939015319192,0.232249217280964,-3.58496250072116,13.8597698690171,0.364357540207649,1.48585427296723,3.50070803099857,0.82293106312183,3,1.0,0.634009235045865,0.807652,1115.02,5.41946,0.728504,0.735186,0.489435,3-4B,8.97748579111647,11.1811753946843,12.051101629319,8.97748579111647,1,1,3.57142857142857,54-58-59-66,0-4-5-12,0.4866659343242645,0.6861808896064758,0.41784098744392395,0.27911219000816345,0.29993632435798645,0.7208877801895142,0.5426276326179504
88,dy8c,5.54405594405594,0.577,0.105,bowl18,2,minor 6th,,,59,55,63,8,0.3,1.0699768326589,0.733508698953899,1.79743406854583,0.521849351328427,-2.32192809488736,115.129265731206,0.104841926074305,0.297656333641686,0.634433325622787,0.62113552213726,3,2.67428545596906,1.53378529359896,0.747439,982.789,2.47299,0.621326,0.730754,0.618694,2-4,2.50511234872651,6.25113485824702,2.61404404066749,2.50511234872651,1,1,4.85714285714286,55-63,0-8,0.373611181974411,0.4407122731208801,0.682451605796814,0.2567865252494812,0.43828728795051575,0.743213415145874,0.4683106541633606
89,te84c,5.51258741258741,0.629,0.115,bowl18,4,te84c,,,59,55,66,11,0.0648412698412698,0.712418541856751,0.617308583056919,2.36643191323985,0.116681654505158,-5.1172832549574,24.0022820091254,0.418784664683449,1.88173241365241,4.17601392433358,1.18146297332018,3,1.0,0.215147540863119,0.770592,1084.74,10.7232,0.369538,0.716093,0.400049,4-29A,8.97748579111647,11.1811753946843,12.051101629319,8.97748579111647,1,1,4.85714285714286,55-57-61-66,0-2-6-11,0.70953369140625,0.9031785130500793,0.424067884683609,0.2437741905450821,0.1556026190519333,0.7562257647514343,0.38621950149536133
90,te123c,5.51258741258741,0.86,0.157,bowl18,4,minor triad (r) + M6,,,60,55,64,9,0.08,0.728916578223825,0.644295763132923,2.36643191323985,0.143136984528246,-4.86440934524794,35.9627889954623,0.329087876428097,1.90464264028127,4.52378385497897,1.04096433593171,3,5.11201769037551,0.816232457508785,0.812669,986.153,5.49712,0.913213,0.734381,0.737205,4-27A,4.97985225373369,5.22017005506107,4.26829436647932,4.97985225373369,1,1,6.14285714285714,55-58-62-64,0-3-7-9,0.5663993954658508,0.9032033085823059,0.3974982500076294,0.32477596402168274,0.18798838555812836,0.6752240657806396,0.39825645089149475
91,te163c,5.51258741258741,0.681,0.124,bowl18,4,te163c,,,60,53,65,12,0.102222222222222,0.802289788464618,0.631533057415607,2.04939015319192,0.206916048091304,-4.0339273215261,38.101247710923,0.275349015920747,1.35626503954812,2.87087241761994,0.941934954009484,3,1.0,0.607478718836912,0.759013,1051.09,3.62645,0.602465,0.681799,1.04407,3-8A,8.97748579111647,11.1811753946843,12.051101629319,8.97748579111647,1,1,6.14285714285714,53-57-63-65,0-4-10-12,0.659163773059845,0.8201739192008972,0.4714764654636383,0.24233673512935638,0.20483039319515228,0.7576632499694824,0.5594714879989624
92,te190c,5.51258741258741,0.819,0.15,bowl18,4,te190c,,,60,53,65,12,0.0625,0.842879489623361,0.685685156085516,2.04939015319192,0.244475561160075,-4.00904340313837,14.6839146725366,0.364731895183236,1.43443486757538,3.45110701170922,0.872266649974414,4,1.0,0.534924105556475,0.760051,991.537,5.66037,0.460882,0.648606,0.741749,3-5A,8.97748579111647,11.1811753946843,12.051101629319,8.97748579111647,1,1,6.14285714285714,53-59-60-65,0-6-7-12,0.6006381511688232,0.7439552545547485,0.49404704570770264,0.19015516340732574,0.22968892753124237,0.8098447918891907,0.49099087715148926
93,tr36c,5.40664335559441,0.773854363,0.14128583,bowl18,3,Italian 6th,,,59,55,65,10,0.0583333333333333,0.802289788464618,0.631533057415607,2.04939015319192,0.336613044130369,-3.93792706373901,50.9439326371874,0.209182262101296,0.919916273991195,2.0205720898396,0.951034859355421,3,1.0,0.714669538877625,0.740828,786.298,5.85676,0.401158,0.628622,0.282809,3-8A,8.97748579111647,11.1811753946843,12.051101629319,8.97748579111647,1,1,4.85714285714286,55-59-65,0-4-10,0.4571676254272461,0.7099787592887878,0.4950271248817444,0.3838658928871155,0.32755914330482483,0.6161340475082397,0.3694173991680145
94,te77c,5.4055944055944,0.898,0.164,bowl18,4,te77c,,,58,55,65,10,0.277777777777778,0.851740027175046,0.675052507383902,2.10262993215139,0.091690852052679,-4.10416639998386,24.0022820091254,0.383229127425336,1.95215732159279,4.52258214612961,1.11806585173936,1,6.77381810231831,1.11946559918027,0.771415,983.462,5.99379,0.60709,0.681403,0.492609,4-22A,8.97748579111647,3.73225929214014,7.59675433306551,8.97748579111647,1,1,3.57142857142857,55-57-60-65,0-2-5-10,0.6980658769607544,0.9244174957275391,0.3689482808113098,0.3031410276889801,0.1666058897972107,0.6968590021133423,0.36884763836860657
95,te94c,5.4055944055944,0.774,0.141,bowl18,4,te94c,,,59,54,66,12,0.0833333333333333,0.802289788464618,0.631533057415607,2.20139815711603,0.28550865233261,-4.61440934524794,22.6551374341554,0.326161696319321,1.36284746588798,2.79936983794655,0.950842962979968,3,1.0,0.525161655266708,0.769826,1042.34,7.02404,0.574014,0.720901,0.431622,3-8B,8.97748579111647,11.1811753946843,12.051101629319,8.97748579111647,1,1,4.85714285714286,54-56-62-66,0-2-8-12,0.6599236726760864,0.8343388438224792,0.4705057144165039,0.22257140278816223,0.1884252429008484,0.7774285674095154,0.5318020582199097
96,te133c,5.4055944055944,0.817,0.149,bowl18,4,te133c,,,59,53,65,12,0.0277777777777778,0.727581329514965,0.587538205311478,2.50998007960223,0.184283397992959,-3.76064997042823,33.0382330734706,0.232948828315589,1.37242163499575,2.95194188427424,0.952510781427874,3,3.43773223440645,0.79598121625614,0.73936,882.861,11.0775,0.660596,0.642238,0.812019,3-10,4.64377597831346,5.91848520577946,7.57376481484081,4.64377597831346,1,1,4.85714285714286,53-56-62-65,0-3-9-12,0.525443971157074,0.767052948474884,0.4702613353729248,0.31012624502182007,0.26381880044937134,0.6898737549781799,0.5203121900558472
97,te148c,5.4055944055944,0.817,0.149,bowl18,4,te148c,,,59,54,65,11,0.121428571428571,0.792841884635678,0.678210185899313,2.29128784747792,0.159811098125523,-4.92856137941653,28.5436845415537,0.392134110313348,1.86106349454282,4.21025293759525,0.958209573618133,4,1.0,0.401469120471425,0.81812,1115.02,10.2823,0.678801,0.735385,0.959697,4-16A,8.97748579111647,11.1811753946843,12.051101629319,8.97748579111647,1,1,4.85714285714286,54-58-60-65,0-4-6-11,0.5375844836235046,0.8206221461296082,0.566917359828949,0.2740963101387024,0.21726524829864502,0.7259037494659424,0.4000348448753357
98,te209c,5.4055944055944,0.774,0.141,bowl18,4,power chord + m7,,,60,52,64,12,0.177777777777778,0.934734306954438,0.70414111353318,1.92506684375924,0.298595667030262,-3.68016794670639,35.9627889954623,0.241961596028543,1.33138786479005,3.10994120142071,0.923179283853296,3,4.99609207960734,1.3116964553996,0.7685,995.574,4.96086,0.800384,0.731163,0.399777,3-7B,3.87008572567373,6.41900145988659,12.051101629319,3.87008572567373,1,1,6.14285714285714,52-59-62-64,0-7-10-12,0.4752357006072998,0.7495102882385254,0.3803428113460541,0.3069385290145874,0.27306926250457764,0.6930614709854126,0.529319167137146
99,tr23c,5.30174825174825,0.723973709,0.13217891,bowl18,3,tr23c,,,60,57,62,5,0.114814814814815,0.934734306954438,0.70414111353318,1.92506684375924,0.150754774028018,-4.04523642870147,32.039202616809,0.293276881356241,1.14359954397645,2.92313308307455,0.85360704480128,3,2.38478053078751,0.957776147048691,0.811149,1103.91,4.45304,0.753142,0.804542,0.291251,3-7B,3.87008572567373,6.41900145988659,12.051101629319,3.87008572567373,1,1,6.14285714285714,57-60-62,0-3-5,0.6550770998001099,0.8663184642791748,0.37129640579223633,0.3064410090446472,0.20278529822826385,0.6935589909553528,0.40174388885498047
100,te87c,5.30174825174825,0.894,0.163,bowl18,4,suspended 2nd + M6,,,60,55,64,9,0.12962962962963,0.907772360666524,0.672732400497647,2.22287572090485,0.162270071242917,-4.37744375108173,24.0022820091254,0.360797408090282,1.78620282627455,4.22404419765523,1.04056976515402,4,3.38557005074645,0.904182340548928,0.774353,991.2,5.66497,0.805585,0.726383,0.735755,4-23,8.97748579111647,4.54785696140397,5.96660221624384,8.97748579111647,1,1,6.14285714285714,55-57-62-64,0-2-7-9,0.5078169107437134,0.8182231187820435,0.33552220463752747,0.32176661491394043,0.23777277767658234,0.6782333254814148,0.42516979575157166
101,te181c,5.30174825174825,0.77,0.141,bowl18,4,te181c,,,60,53,64,11,0.032037037037037,0.712418541856751,0.617308583056919,2.16024689946929,0.0925254721394552,-4.26920389926271,35.9627889954623,0.400437128488524,1.90850066174262,4.15039739629947,1.16320562153381,1,1.0,0.244870737739713,0.809352,1051.43,6.7723,0.753443,0.734037,0.558103,4-29B,8.97748579111647,8.23673641551791,11.3579544487591,8.97748579111647,1,1,6.14285714285714,53-58-62-64,0-5-9-11,0.5717273950576782,0.8846666812896729,0.4159379303455353,0.2759220004081726,0.17956876754760742,0.7240780591964722,0.4121606647968292
102,te49c,5.1979020979021,0.964,0.176,bowl18,4,te49c,,,58,54,66,12,0.0777777777777778,0.898206959300817,0.709916008353518,2.04939015319192,0.257030055574682,-3.90689059560852,11.0005066350574,0.412894734551859,1.31041255304234,2.78539021945922,0.917472689273055,3,1.0,0.555378482229609,0.773107,928.619,11.3011,0.564793,0.690359,0.340394,3-4B,8.97748579111647,11.1811753946843,12.051101629319,8.97748579111647,1,1,3.57142857142857,54-55-62-66,0-1-8-12,0.5221836566925049,0.6625688672065735,0.5602656006813049,0.21018759906291962,0.28653374314308167,0.789812445640564,0.5854824781417847
103,te65c,5.1979020979021,0.718,0.131,bowl18,4,te65c,,,60,57,62,5,0.0155787037037037,0.751393406647986,0.640955610125411,2.36643191323985,0.0170508149978319,-4.87744375108173,16.4821369405355,0.640287472085926,2.49521904209484,6.42252582199757,1.37929342201081,3,1.0,-0.0743169969260444,0.779744,1102.9,9.17034,0.661948,0.716381,0.534283,4-11B,8.97748579111647,11.1811753946843,12.051101629319,8.97748579111647,1,1,6.14285714285714,57-59-61-62,0-2-4-5,0.799837052822113,0.9580082297325134,0.3907807469367981,0.19289159774780273,0.10235167294740677,0.8071084022521973,0.3638370633125305
104,te88c,5.1979020979021,0.85,0.155,bowl18,4,suspended 2nd + m7,,,60,55,65,10,0.140740740740741,0.851740027175046,0.675052507383902,2.16024689946929,0.123303714956291,-5.03840779852542,24.0022820091254,0.356915327887022,1.80937469411961,4.16324775980371,1.05289987422287,3,5.60887389773921,1.04129128948331,0.756437,883.198,8.31498,0.739228,0.659176,0.389154,4-22B,8.97748579111647,5.52518358386449,9.85387705198279,8.97748579111647,1,1,6.14285714285714,55-57-62-65,0-2-7-10,0.6525108814239502,0.892005980014801,0.41023707389831543,0.32837507128715515,0.1961464285850525,0.6716248989105225,0.3932901620864868
105,te129c,5.1979020979021,0.765,0.14,bowl18,4,te129c,,,60,54,65,11,0.0328571428571429,0.731509773320763,0.620325482817263,2.16024689946929,0.063177325529963,-5.1524101186092,35.0027886441828,0.377308973566869,1.88980114672914,4.17647167851763,1.02835011827902,7,1.0,0.316319519982863,0.776915,954.19,11.2303,0.491183,0.701424,0.649308,4-17,8.97748579111647,7.5176137485547,10.9524893406509,8.97748579111647,2,0,6.14285714285714,54-57-62-65,0-3-8-11,0.7220916748046875,0.8858792781829834,0.4857866168022156,0.30826008319854736,0.19177651405334473,0.6917398571968079,0.44278568029403687
106,te158c,5.1979020979021,0.718,0.131,bowl18,4,augmented triad + oct,,,59,53,65,12,0.105,0.863664232550099,0.614699522067638,2.20139815711603,0.316888622398852,-4.32192809488736,45.3858842834981,0.201128034468322,1.35676244741954,2.95234248957119,0.894817869559059,7,4.17395806884735,1.16609389799227,0.756387,1051.09,5.2378,0.573671,0.674027,1.06834,3-12,5.63569907288043,7.5176137485547,8.20095402760895,5.63569907288043,2,0,4.85714285714286,53-57-61-65,0-4-8-12,0.4421846270561218,0.7348230481147766,0.5247094035148621,0.3754146695137024,0.30927202105522156,0.6245853304862976,0.5374085903167725
107,tr15c,5.1968531479021,0.6149479,0.112273612,bowl18,3,tr15c,,,59,57,63,6,0.0122222222222222,0.802289788464618,0.631533057415607,2.04939015319192,0.286636505807349,-4.09973600612909,26.9416506280621,0.306348767144523,1.10828660232013,2.75843457694801,0.921574477233304,3,1.0,0.557258803805237,0.788567,1103.91,5.14335,0.534624,0.762892,0.597454,3-8A,8.97748579111647,11.1811753946843,12.051101629319,8.97748579111647,1,1,4.85714285714286,57-59-63,0-2-6,0.5699576139450073,0.8326738476753235,0.5294412970542908,0.35958415269851685,0.2442293018102646,0.6404158473014832,0.450293630361557
108,tr24c,5.1968531479021,0.718395402,0.131160456,bowl18,3,dimished triad (r),,,60,57,63,6,0.0888888888888889,0.727581329514965,0.587538205311478,2.50998007960223,0.130298006989744,-3.78603390248028,41.6255653005986,0.229737007977609,1.09842138004683,2.80730711266278,0.928225303109666,3,5.39321941461327,1.00396543233948,0.813041,1250.27,3.64366,0.516556,0.83859,0.311865,3-10,4.64377597831346,5.91848520577946,7.57376481484081,4.64377597831346,1,1,6.14285714285714,57-60-63,0-3-6,0.5123522877693176,0.7943975329399109,0.593574583530426,0.3813888728618622,0.27591702342033386,0.6186111569404602,0.45199862122535706
109,tr43c,5.1968531479021,0.668675135,0.122082818,bowl18,3,tr43c,,,59,54,64,10,0.0371428571428571,1.05597977834256,0.763252924065916,1.98431348329844,0.227263525592493,-3.41558019949771,61.9444392722449,0.162151319682148,0.836296072690696,1.8483337945685,0.724262221497475,4,4.71482082989417,1.62763020225417,0.789419,1114.68,4.83885,0.821718,0.745491,0.693303,3-9,8.97748579111647,4.09193223965683,9.97166008763918,8.97748579111647,1,1,4.85714285714286,54-59-64,0-5-10,0.32466551661491394,0.6041935086250305,0.4325697422027588,0.2962033450603485,0.3559652864933014,0.7037966251373291,0.3834388554096222
110,tr51c,5.1968531479021,0.850287308,0.155240513,bowl18,3,tr51c,,,59,53,65,12,0.0527777777777778,0.942577195756561,0.710131347576048,2.04939015319192,0.49166637044763,-2.48373703727744,72.3275349115601,0.120244846984398,0.532054532612184,1.10619374312973,0.690012022477156,3,1.0,1.10844993487152,0.744039,957.555,3.91551,0.411395,0.633045,0.74363,2-6,7.25009767181935,11.1300541003761,8.40341790009005,7.25009767181935,1,1,4.85714285714286,53-59-65,0-6-12,0.3734786808490753,0.4763360619544983,0.6030438542366028,0.33746591210365295,0.449184775352478,0.6625341176986694,0.5317787528038025
111,te69c,5.09090909090909,0.661,0.121,bowl18,4,te69c,,,59,56,65,9,0.112962962962963,0.851740027175046,0.675052507383902,2.16024689946929,0.212760140428776,-4.87744375108173,25.4295319690724,0.395434925209441,1.93655346695736,4.66867920451064,1.06565479688256,3,1.0,0.500955962059263,0.79692,1049.74,7.9406,0.736764,0.722514,0.607562,4-22B,8.97748579111647,5.52518358386449,9.85387705198279,8.97748579111647,1,1,4.85714285714286,56-58-60-65,0-2-4-9,0.5888735055923462,0.8938575983047485,0.5097970962524414,0.2612568140029907,0.1681881994009018,0.738743245601654,0.43821048736572266
112,te78c,5.09090909090909,0.758,0.138,bowl18,4,te78c,,,58,55,66,11,0.0584126984126984,0.690686465348618,0.6227306588088,2.36643191323985,0.1174246926155,-4.70792577480357,24.0022820091254,0.448594730409528,1.97907317941214,4.43811091908811,1.16050717624176,3,2.38478053078751,0.271773118285889,0.794616,1059.5,10.6546,0.550706,0.729638,0.451501,4-13A,8.97748579111647,9.79488103356445,12.051101629319,8.97748579111647,1,1,3.57142857142857,55-57-60-66,0-2-5-11,0.7405361533164978,0.9074777364730835,0.39582619071006775,0.2483982890844345,0.15487267076969147,0.7516017556190491,0.36704617738723755
113,te80c,5.09090909090909,0.711,0.13,bowl18,4,suspended 2nd + tt,,,60,56,63,7,0.0791666666666667,0.792841884635678,0.678210185899313,2.29128784747792,0.0404830465503031,-5.1172832549574,17.4622158046733,0.516416035389168,2.11586077848602,5.3316716288026,1.08575575400136,4,1.59639251268661,0.261976119509102,0.795817,1068.59,9.24674,0.544631,0.756667,0.324408,4-16B,8.97748579111647,10.4880282141244,12.051101629319,8.97748579111647,1,1,6.14285714285714,56-58-62-63,0-2-6-7,0.7785484194755554,0.9024993777275085,0.46804195642471313,0.25703898072242737,0.16131596267223358,0.7429609894752502,0.47138848900794983
114,tr44c,4.98706293706294,0.651258728,0.118903032,bowl18,3,tr44c,,,59,54,65,11,0.013234126984127,0.842879489623361,0.685685156085516,2.04939015319192,0.203838638708502,-4.16395103210989,61.9444392722449,0.269476444095973,0.887579514279756,1.84726413526152,0.973757402721062,4,1.0,0.689238913613299,0.769264,991.2,10.3594,0.557619,0.681333,0.538588,3-5A,8.97748579111647,11.1811753946843,12.051101629319,8.97748579111647,1,1,4.85714285714286,54-59-65,0-5-11,0.42319294810295105,0.6411593556404114,0.49184587597846985,0.21755026280879974,0.302324503660202,0.7824497222900391,0.3890533447265625
115,te34c,4.98706293706294,0.877,0.16,bowl18,4,power chord + m2,,,58,55,67,12,0.15,0.898206959300817,0.709916008353518,2.04939015319192,0.208457789780092,-3.90689059560852,11.6546307990979,0.401749790763207,1.39004553093446,3.03593006379915,0.840931273960442,3,1.0,0.573433405511369,0.771325,1047.72,13.3561,0.588302,0.722217,1.01354,3-4A,8.97748579111647,10.0825631060162,12.051101629319,8.97748579111647,1,1,3.57142857142857,55-56-60-67,0-1-5-12,0.5411638617515564,0.6729199886322021,0.4988829493522644,0.2169523537158966,0.2830289602279663,0.783047616481781,0.5469419360160828
116,te66c,4.88321678321678,0.64,0.117,bowl18,4,te66c,,,60,57,63,6,0.0155555555555556,0.716686045757288,0.559941365521435,2.29128784747792,0.0982354012378967,-4.57480200459682,26.9416506280621,0.522773082023398,2.31641414332195,5.73847477422103,1.25189739711326,3,1.0,0.0542810689066457,0.779755,1104.25,8.23412,0.538932,0.737562,0.507846,4-21,8.97748579111647,11.1811753946843,12.051101629319,8.97748579111647,1,1,6.14285714285714,57-59-61-63,0-2-4-6,0.8994154930114746,0.9758023023605347,0.4089507758617401,0.2756994962692261,0.12479840964078903,0.7243004441261292,0.4157484173774719
117,te210c,4.88321678321678,0.785,0.143,bowl18,4,power chord added M7,,,61,52,64,12,0.0366666666666667,0.898206959300817,0.709916008353518,2.04939015319192,0.223236598439131,-3.0,18.500573190789,0.346351712351328,1.36479967633603,3.28514758404925,1.05663710034076,3,1.0,0.663178860908085,0.767819,1159.09,10.576,0.751286,0.748473,0.434721,3-4B,8.97748579111647,11.1811753946843,12.051101629319,8.97748579111647,1,1,7.42857142857143,52-59-63-64,0-7-11-12,0.45153099298477173,0.6413991451263428,0.6532739400863647,0.43725183606147766,0.3900611996650696,0.5627481937408447,0.5728506445884705
118,tr55c,4.88216783321678,0.827681987,0.151113365,bowl18,3,tr55c,,,60,53,64,11,0.216666666666667,0.898206959300817,0.709916008353518,2.04939015319192,0.284265248875643,-3.0,68.0019916122713,0.231179900582926,0.830618845912228,1.76616866658781,0.812154862352649,3,1.0,0.849758377604888,0.806819,1052.1,2.9396,0.728542,0.754101,0.598839,3-4B,8.97748579111647,11.1811753946843,12.051101629319,8.97748579111647,1,1,6.14285714285714,53-60-64,0-7-11,0.33677977323532104,0.5280323624610901,0.5699388980865479,0.33790627121925354,0.41834312677383423,0.6620936989784241,0.4420758783817291
119,tr27c,4.77727272622378,0.678910554,0.123951542,bowl18,3,dimished triad (1),,,59,56,65,9,0.0116666666666667,0.727581329514965,0.587538205311478,2.50998007960223,0.256491482471771,-3.71190309536813,39.2893018380895,0.204458693078776,0.950724933223739,2.22321934585204,0.855705470077991,3,3.43773223440645,0.842135527640946,0.74072,990.864,7.11266,0.406394,0.661549,0.398472,3-10,4.64377597831346,5.91848520577946,7.57376481484081,4.64377597831346,1,1,4.85714285714286,56-59-65,0-3-9,0.3387739658355713,0.6703007817268372,0.4808082580566406,0.3186897337436676,0.32529550790786743,0.68131023645401,0.41494041681289673
120,tr48c,4.77727272622378,0.626062316,0.114302818,bowl18,3,dimished triad (2),,,61,55,64,9,0.04625,0.727581329514965,0.587538205311478,2.50998007960223,0.205688922838589,-3.62805683970281,52.4449259359978,0.189352666127715,0.930915543477585,2.16267630977447,0.948017603695526,3,3.27067796865568,0.849284174051019,0.753447,991.2,4.72646,0.360769,0.722602,0.720156,3-10,4.64377597831346,5.91848520577946,7.57376481484081,4.64377597831346,1,1,7.42857142857143,55-61-64,0-6-9,0.48005974292755127,0.7348537445068359,0.49250662326812744,0.2683044373989105,0.2664095461368561,0.7316955327987671,0.4032888412475586
121,te75c,4.77622377622378,0.728,0.133,bowl18,4,te75c,,,60,56,64,8,0.0593055555555556,0.728916578223825,0.644295763132923,2.36643191323985,0.0715769852845336,-5.4493718459691,25.4295319690724,0.391161351405941,2.07345260438781,5.06235868666086,1.2164868577876,3,4.86207893238274,0.689754523688003,0.800315,1172.21,5.18456,0.712721,0.780712,0.597111,4-27A,4.97985225373369,5.22017005506107,4.26829436647932,4.97985225373369,1,1,6.14285714285714,56-58-61-64,0-2-5-8,0.7655836939811707,0.9490963220596313,0.4996202886104584,0.31628578901290894,0.15705658495426178,0.6837142109870911,0.42152470350265503
122,te144c,4.77622377622378,0.679,0.124,bowl18,4,major triad (r) + tt,,,61,56,63,7,0.0777777777777778,0.712418541856751,0.617308583056919,2.16024689946929,0.0849133356496904,-4.67856137941653,17.4622158046733,0.528878563587568,2.21101965732759,5.60034376766932,1.14808730097907,1,3.06317911550661,0.250742818512215,0.770692,1049.41,10.0262,0.56257,0.746965,0.354136,4-29B,8.97748579111647,8.23673641551791,11.3579544487591,8.97748579111647,1,1,7.42857142857143,56-60-62-63,0-4-6-7,0.7478144764900208,0.9209475517272949,0.48186546564102173,0.24374715983867645,0.14493034780025482,0.7562528848648071,0.40994030237197876
123,te145c,4.77622377622378,0.679,0.124,bowl18,4,te145c,,,60,55,63,8,0.0151388888888889,0.713211751073517,0.555940435146082,2.36643191323985,0.0953325828267626,-4.69328480167992,30.24098034881,0.438423444678787,2.16246713559393,5.15742163270604,1.14846429509048,7,2.54165228100576,0.344611354750882,0.752799,990.864,8.46688,0.442575,0.681196,0.474462,4-24,8.97748579111647,6.82446656799475,5.92641823842481,8.97748579111647,2,0,6.14285714285714,55-59-61-63,0-4-6-8,0.8996602892875671,0.9675933718681335,0.4618557393550873,0.2898949086666107,0.1354019194841385,0.7101051211357117,0.37247273325920105
124,te167c,4.77622377622378,0.935,0.171,bowl18,4,te167c,,,60,55,64,9,0.0545833333333333,0.693042188490329,0.620735576199436,2.16024689946929,0.0801279035473334,-4.84400590385953,15.5570656762735,0.448263755614919,2.07858169776234,5.16113283785586,1.03518931649908,7,1.0,0.132902681914037,0.770344,1045.03,7.29027,0.445613,0.721054,0.721356,4-18A,8.97748579111647,8.54211806506909,9.48615227185748,8.97748579111647,2,0,6.14285714285714,55-60-61-64,0-5-6-9,0.7097570300102234,0.8882395625114441,0.5633509159088135,0.25264301896095276,0.16811348497867584,0.7473570108413696,0.37412065267562866
125,te180c,4.77622377622378,0.858,0.157,bowl18,4,te180c,,,61,54,64,10,0.0457142857142857,0.801958787793059,0.706575278810354,2.16024689946929,0.107074628145711,-3.35416639998386,18.500573190789,0.432746811943581,1.93123943531149,4.50133771140162,1.13071656050124,1,1.0,0.35190351850424,0.784575,1114.68,9.42763,0.878891,0.734516,0.388868,4-14B,8.97748579111647,5.17976051672319,12.051101629319,8.97748579111647,1,1,7.42857142857143,54-59-63-64,0-5-9-10,0.6105173230171204,0.8528604507446289,0.5136638283729553,0.35087117552757263,0.22863219678401947,0.6491288542747498,0.41679075360298157
126,te189c,4.77622377622378,0.817,0.149,bowl18,4,te189c,,,60,54,65,11,0.116666666666667,0.768208277291536,0.593454267320328,2.36643191323985,0.08633157164383,-4.92856137941653,15.5570656762735,0.486894397410634,1.90017434912778,4.50543201358734,1.04144375355808,4,1.0,0.204110543389742,0.779013,1054.45,10.8736,0.642768,0.711939,0.84118,4-8,8.97748579111647,11.1811753946843,12.051101629319,8.97748579111647,1,1,6.14285714285714,54-60-61-65,0-6-7-11,0.6865435242652893,0.8295176029205322,0.5846846103668213,0.23617005348205566,0.1967574805021286,0.7638298869132996,0.39304789900779724
127,te196c,4.77622377622378,0.626,0.114,bowl18,4,te196c,,,60,53,64,11,0.0763888888888889,0.690686465348618,0.6227306588088,2.22287572090485,0.0514995584626641,-5.6172832549574,35.9627889954623,0.414826746276277,1.93613231994913,4.26723961815137,1.06336114466734,3,1.0,0.182877972815101,0.762695,991.873,6.66623,0.414456,0.67774,0.449628,4-13B,8.97748579111647,11.1811753946843,12.051101629319,8.97748579111647,1,1,6.14285714285714,53-59-62-64,0-6-9-11,0.7220095992088318,0.9044321179389954,0.41136783361434937,0.2733008861541748,0.1666611284017563,0.72669917345047,0.36788761615753174
128,te215c,4.77622377622378,0.774,0.141,bowl18,4,te215c,,,61,52,64,12,0.377777777777778,0.879161456178333,0.619101564205231,2.12132034355964,0.252434030044281,-3.11440934524794,32.039202616809,0.355838688102042,1.50738082894774,3.42589814382222,1.10572350594539,4,1.0,0.61391032183229,0.795759,1152.03,4.83215,0.571117,0.768896,0.397722,3-6,8.97748579111647,8.8785903016903,12.051101629319,8.97748579111647,1,1,7.42857142857143,52-60-62-64,0-8-10-12,0.663628339767456,0.8647116422653198,0.4105159342288971,0.23871463537216187,0.17665889859199524,0.7612853646278381,0.5042315721511841
129,tr21c,4.67237762237762,0.71438423,0.130428119,bowl18,3,tr21c,,,56,54,66,12,0.25,1.0943008651589,0.732423362285411,1.87082869338697,0.526552977382813,-3.05664166714744,22.6551374341554,0.265220303727421,0.626888645691976,1.17594805907073,0.659012139303779,4,1.94525976831915,1.24166674610338,0.778906,1113.0,6.27787,0.652199,0.749863,0.688565,2-2,5.48096108326621,7.28041317199458,2.04603276215678,5.48096108326621,1,1,1.0,54-56-66,0-2-12,0.41488832235336304,0.5700804591178894,0.3397153317928314,0.2083360105752945,0.34128615260124207,0.7916640639305115,0.5613235235214233
130,te71c,4.67237762237762,0.805,0.147,bowl18,4,te71c,,,58,55,66,11,0.016031746031746,0.751393406647986,0.640955610125411,2.22287572090485,0.176415888608148,-3.93872187554087,24.0022820091254,0.502737484426114,2.01255488632938,4.52912107515174,1.03370550771235,3,1.0,0.148515394308944,0.770526,991.537,10.9856,0.704082,0.690258,0.511597,4-11A,8.97748579111647,11.1811753946843,12.051101629319,8.97748579111647,1,1,3.57142857142857,55-57-59-66,0-2-4-11,0.7308820486068726,0.8941740989685059,0.37013474106788635,0.24592325091362,0.16186484694480896,0.7540767192840576,0.37963446974754333
131,te185c,4.67237762237762,0.664,0.121,bowl18,4,te185c,,,60,52,64,12,0.0266666666666667,0.842879489623361,0.685685156085516,2.04939015319192,0.118625232456181,-4.26920389926271,18.500573190789,0.372172139414783,1.40600470860633,3.22523075529044,1.17028209608969,4,1.0,0.522870833566452,0.787319,1159.09,10.4628,0.530537,0.802141,0.837936,3-5A,8.97748579111647,11.1811753946843,12.051101629319,8.97748579111647,1,1,6.14285714285714,52-57-63-64,0-5-11-12,0.5385335087776184,0.7158260345458984,0.5932299494743347,0.3896443247795105,0.32636216282844543,0.6103556156158447,0.6268104910850525
132,te192c,4.67237762237762,0.761,0.139,bowl18,4,te192c,,,61,54,64,10,0.0888888888888889,0.716686045757288,0.559941365521435,2.29128784747792,0.143870700153155,-4.31624807576234,32.039202616809,0.450658562608093,2.03134025997601,4.57810858246318,1.25998918354901,3,1.0,0.171107330235127,0.81107,1114.34,4.94436,0.481488,0.762,0.600534,4-21,8.97748579111647,11.1811753946843,12.051101629319,8.97748579111647,1,1,7.42857142857143,54-60-62-64,0-6-8-10,0.8560362458229065,0.9619384407997131,0.4465104043483734,0.21156398952007294,0.1074625551700592,0.7884359955787659,0.37030792236328125
133,te206c,4.67237762237762,0.805,0.147,bowl18,4,te206c,,,61,53,64,11,0.137962962962963,0.751393406647986,0.640955610125411,2.36643191323985,0.0957773857762567,-4.29248125036058,32.039202616809,0.456250946382332,1.92618148862238,4.25882530762833,1.1170463347584,3,1.0,0.223824062879322,0.787578,1051.09,6.5649,0.693434,0.718988,0.551206,4-11B,8.97748579111647,11.1811753946843,12.051101629319,8.97748579111647,1,1,7.42857142857143,53-60-62-64,0-7-9-11,0.6047859787940979,0.8707152605056763,0.3978921175003052,0.28168225288391113,0.19024375081062317,0.7183176875114441,0.3838627338409424
134,te92c,4.56853146853147,0.791,0.145,bowl18,4,te92c,,,59,54,64,10,0.0988888888888889,0.716686045757288,0.559941365521435,2.29128784747792,0.0873240722207833,-4.65689059560852,22.6551374341554,0.495747904457715,2.04393811497934,4.45280285909363,1.24515987071497,3,1.0,0.0980621338341473,0.773204,1042.68,5.90235,0.563299,0.741623,0.460037,4-21,8.97748579111647,11.1811753946843,12.051101629319,8.97748579111647,1,1,4.85714285714286,54-56-62-64,0-2-8-10,0.8755251169204712,0.9701327681541443,0.48142892122268677,0.24250054359436035,0.11492050439119339,0.7574994564056396,0.35044097900390625
135,te93c,4.56853146853147,0.648,0.118,bowl18,4,te93c,,,59,54,65,11,0.0319444444444444,0.62087737611148,0.549232913137562,2.54195563720897,0.0569722810352963,-4.68016794670639,22.6551374341554,0.467110698494197,1.96143237601515,4.2413767256955,1.16819848019611,7,1.0,-0.0260774136197668,0.760511,928.619,11.7828,0.396607,0.684311,0.456904,4-12B,8.97748579111647,11.1811753946843,12.051101629319,8.97748579111647,2,0,4.85714285714286,54-56-62-65,0-2-8-11,0.7796634435653687,0.9229227900505066,0.47476744651794434,0.2362612634897232,0.14075078070163727,0.7637386918067932,0.389177531003952
136,tr54c,4.56748251853147,0.912870929,0.166666667,bowl18,3,tr54c,,,61,54,64,10,0.0508928571428571,0.934734306954438,0.70414111353318,1.92506684375924,0.203655785108352,-3.79958123064606,52.4449259359978,0.179225892234607,0.841647859712781,1.90041741490266,1.00061215266479,3,4.99609207960734,1.41332893919733,0.7903,1115.02,4.19699,0.815257,0.783548,0.574673,3-7B,3.87008572567373,6.41900145988659,12.051101629319,3.87008572567373,1,1,7.42857142857143,54-61-64,0-7-10,0.36025193333625793,0.6699926257133484,0.42202648520469666,0.22831317782402039,0.28932973742485046,0.7716867923736572,0.42143353819847107
137,tr31c,4.46258741153846,0.776079152,0.141692019,bowl18,3,tr31c,,,61,57,62,5,0.0244907407407407,0.898206959300817,0.709916008353518,2.04939015319192,0.164224488281669,-3.58496250072116,16.4821369405355,0.410923760562206,1.19225765884192,3.16141680729997,1.03464972459698,3,1.0,0.558571480314513,0.780896,1103.58,9.55391,0.563296,0.766601,0.302048,3-4B,8.97748579111647,11.1811753946843,12.051101629319,8.97748579111647,1,1,7.42857142857143,57-61-62,0-4-5,0.5312976837158203,0.7257799506187439,0.472675621509552,0.1816842406988144,0.23720572888851166,0.8183158040046692,0.4603406488895416
138,te30c,4.46153846153846,0.507,0.093,bowl18,4,te30c,,,59,56,64,8,0.0566666666666667,0.815233587107258,0.593204732098434,2.16024689946929,0.0780729995463553,-3.90689059560852,12.3476512100274,0.430208374492795,1.99922049413312,5.09951882758352,1.06099148043968,1,5.65239829253021,0.862090540012824,0.774796,1104.25,6.67486,0.872173,0.773331,0.644017,4-20,3.50094154161012,3.54780574500476,3.45232845091035,3.50094154161012,1,1,4.85714285714286,56-57-61-64,0-1-5-8,0.5677365660667419,0.8462345600128174,0.5687131881713867,0.3990804851055145,0.25189149379730225,0.6009195446968079,0.385126531124115
139,te100c,4.46153846153846,0.681,0.124,bowl18,4,te100c,,,60,53,65,12,0.261111111111111,0.759117620523861,0.610642420173434,2.29128784747792,0.0655361533992927,-3.43872187554087,19.600674520134,0.513297870300937,1.49958712790182,3.10710235033228,1.14703914675561,4,1.0,0.145155971634831,0.747241,892.619,6.4564,0.59308,0.642753,0.746801,3-2A,8.97748579111647,11.1811753946843,12.051101629319,8.97748579111647,1,1,6.14285714285714,53-55-64-65,0-2-11-12,0.6645959615707397,0.8026503920555115,0.39559897780418396,0.17542122304439545,0.18857824802398682,0.8245788216590881,0.578112006187439
140,te104c,4.46153846153846,0.776,0.142,bowl18,4,te104c,,,60,56,64,8,0.0425,0.754353510193137,0.636943902696878,2.16024689946929,0.111572735225512,-4.9024101186092,14.6839146725366,0.462508906616328,2.16862907676248,5.51395708509788,1.08855400846463,7,1.0,0.218954861338292,0.776757,1049.74,4.99163,0.624567,0.730855,0.973657,4-19B,8.97748579111647,8.98395081734813,8.4675826908629,8.97748579111647,2,0,6.14285714285714,56-59-60-64,0-3-4-8,0.7149041295051575,0.8787559270858765,0.5905001163482666,0.3100696802139282,0.19677431881427765,0.6899303197860718,0.40245169401168823
141,te170c,4.46153846153846,0.973,0.178,bowl18,4,te170c,,,60,54,66,12,0.040952380952381,0.842879489623361,0.685685156085516,2.04939015319192,0.221154982637218,-4.77824730240108,14.6839146725366,0.371293091339303,1.45474665808648,3.47380896197484,1.0658341745526,4,2.38478053078751,0.667894526684672,0.787937,1113.33,6.40412,0.75063,0.725041,0.514732,3-5B,8.97748579111647,9.79488103356445,12.051101629319,8.97748579111647,1,1,6.14285714285714,54-59-60-66,0-5-6-12,0.6178573966026306,0.7297157049179077,0.5186753273010254,0.19219981133937836,0.23905055224895477,0.8078001141548157,0.5277934670448303
142,tr4c,4.35769230769231,0.661763579,0.120820947,bowl18,3,tr4c,,,59,58,63,5,0.1,0.898206959300817,0.709916008353518,2.04939015319192,0.228699436160992,-3.90689059560852,13.8597698690171,0.408485277793912,1.16522475878108,3.16503305081648,0.95493456553087,3,1.0,0.562521847417332,0.817412,1239.51,4.72766,0.614358,0.767561,0.19278,3-4A,8.97748579111647,10.0825631060162,12.051101629319,8.97748579111647,1,1,4.85714285714286,58-59-63,0-1-5,0.5933863520622253,0.7458822131156921,0.4496505558490753,0.19828516244888306,0.23178477585315704,0.8017148375511169,0.3934705853462219
143,te60c,4.35769230769231,0.885,0.162,bowl18,4,te60c,,,58,56,64,8,0.0466666666666667,0.712418541856751,0.617308583056919,2.16024689946929,0.0762968517099173,-5.01064997042823,13.8597698690171,0.583861525310971,2.28587189127949,5.72982804157902,1.22685207503306,1,1.0,-0.0522786669979171,0.797712,1171.54,4.94581,0.548237,0.745358,0.966791,4-29B,8.97748579111647,8.23673641551791,11.3579544487591,8.97748579111647,1,1,3.57142857142857,56-58-59-64,0-2-3-8,0.8511356115341187,0.9462233185768127,0.4561362862586975,0.26756706833839417,0.1392928659915924,0.7324329614639282,0.40676459670066833
144,te68c,4.35769230769231,0.662,0.121,bowl18,4,te68c,,,59,56,64,8,0.173333333333333,0.713211751073517,0.555940435146082,2.36643191323985,0.133458537807939,-4.7839273215261,25.4295319690724,0.461730745295113,2.16636048435861,5.2238224869151,1.33602058363703,7,1.94525976831915,0.245008295865938,0.816439,1252.96,5.01669,0.49612,0.807384,0.638134,4-24,8.97748579111647,6.82446656799475,5.92641823842481,8.97748579111647,2,0,4.85714285714286,56-58-60-64,0-2-4-8,0.7950960993766785,0.9545354843139648,0.5726867914199829,0.2701554000377655,0.13534091413021088,0.7298445701599121,0.41331884264945984
145,te99c,4.35769230769231,0.712,0.13,bowl18,4,te99c,,,59,53,65,12,0.0555555555555556,0.879161456178333,0.619101564205231,2.12132034355964,0.235549635931991,-4.24592654816484,21.3836022743727,0.398394852739784,1.42059745101222,2.82554452237663,1.17720343541604,4,3.06317911550661,0.758917421912012,0.740402,883.871,6.17751,0.598418,0.637758,0.619725,3-6,8.97748579111647,8.8785903016903,12.051101629319,8.97748579111647,1,1,4.85714285714286,53-55-63-65,0-2-10-12,0.7532902956008911,0.8870058655738831,0.4012831747531891,0.1751428097486496,0.13785363733768463,0.8248571753501892,0.5500969886779785
146,te142c,4.35769230769231,0.923,0.168,bowl18,4,te142c,,,60,55,66,11,0.0421428571428571,0.768208277291536,0.593454267320328,2.36643191323985,0.119514565014494,-4.76920389926271,14.6839146725366,0.496436501735973,1.93348725454795,4.59393947218875,1.11004805497472,4,1.0,0.188652236483253,0.771308,991.2,10.684,0.666954,0.671928,0.43768,4-8,8.97748579111647,11.1811753946843,12.051101629319,8.97748579111647,1,1,6.14285714285714,55-59-60-66,0-4-5-11,0.6299542188644409,0.7912883758544922,0.47440916299819946,0.17625682055950165,0.19572974741458893,0.8237431049346924,0.3993643522262573
147,te202c,4.35769230769231,0.607,0.111,bowl18,4,te202c,,,60,53,63,10,0.222222222222222,0.751393406647986,0.640955610125411,2.22287572090485,0.0556337879416415,-4.26064997042823,15.5570656762735,0.557748466469366,2.14891305104207,5.0724975736809,1.23138079927846,3,1.0,0.0593970390009093,0.765041,1069.26,6.61163,0.661059,0.71794,0.23263,4-11A,8.97748579111647,11.1811753946843,12.051101629319,8.97748579111647,1,1,6.14285714285714,53-60-61-63,0-7-8-10,0.734285295009613,0.9221128225326538,0.5038057565689087,0.22241230309009552,0.13569724559783936,0.7775877118110657,0.37951695919036865
148,te96c,4.25384615384615,0.691,0.126,bowl18,4,te96c,,,60,54,65,11,0.111904761904762,0.723176680602415,0.621537043992771,2.22287572090485,0.140300564699459,-4.87744375108173,22.6551374341554,0.476643261437113,1.86406438974133,3.95979131388268,1.08979148043299,3,1.0,0.140564685861343,0.765039,1042.34,10.3565,0.599566,0.700987,0.417083,4-10,8.97748579111647,11.1811753946843,12.051101629319,8.97748579111647,1,1,6.14285714285714,54-56-63-65,0-2-9-11,0.654405415058136,0.824578583240509,0.3711779713630676,0.18877765536308289,0.18076397478580475,0.8112223148345947,0.44241806864738464
149,te168c,4.25384615384615,0.691,0.126,bowl18,4,te168c,,,60,54,64,10,0.0457142857142857,0.792841884635678,0.678210185899313,2.29128784747792,0.126165301523145,-5.17448792758137,14.6839146725366,0.452329311832427,2.02137791064851,4.87882758356614,1.08386171760838,4,1.0,0.303952276423846,0.801805,1115.02,6.2294,0.724624,0.746712,0.762317,4-16A,8.97748579111647,11.1811753946843,12.051101629319,8.97748579111647,1,1,6.14285714285714,54-59-60-64,0-5-6-10,0.752064049243927,0.8723434209823608,0.5249012112617493,0.21056333184242249,0.16081932187080383,0.7894366979598999,0.3752569556236267
150,te171c,4.25384615384615,0.74,0.135,bowl18,4,suspended 4th + m6,,,61,55,63,8,0.0777777777777778,0.801958787793059,0.706575278810354,2.29128784747792,0.115093945643359,-4.76064997042823,17.4622158046733,0.517742439452141,2.12473375927459,5.27227372955255,1.03171013268469,3,1.59639251268661,0.276054722667786,0.77183,983.125,10.2874,0.739688,0.704359,0.528815,4-14A,8.97748579111647,6.51773630057228,10.6648072681991,8.97748579111647,1,1,7.42857142857143,55-60-62-63,0-5-7-8,0.7513626217842102,0.9200704097747803,0.4933398962020874,0.28090399503707886,0.16031934320926666,0.7190960049629211,0.388628214597702
151,te187c,4.25384615384615,0.64,0.117,bowl18,4,te187c,,,60,54,63,9,0.120833333333333,0.690686465348618,0.6227306588088,2.36643191323985,0.0847720329003922,-4.6172832549574,15.5570656762735,0.526246500308804,2.14975528574517,5.2498575262366,1.17042739904899,3,1.0,0.002376828145523,0.788712,1115.35,8.35963,0.704863,0.765229,0.330721,4-13A,8.97748579111647,9.79488103356445,12.051101629319,8.97748579111647,1,1,6.14285714285714,54-60-61-63,0-6-7-9,0.7243919968605042,0.9054564833641052,0.5108374953269958,0.23932106792926788,0.15245459973812103,0.7606788873672485,0.38356539607048035
152,tr20c,4.14790209685315,0.808716878,0.147650826,bowl18,3,tr20c,,,57,55,66,11,0.0507936507936508,0.759117620523861,0.610642420173434,2.29128784747792,0.285769405640487,-3.58496250072116,24.0022820091254,0.406858087492008,1.02520753162798,2.12680096064634,1.00012726762538,4,1.0,0.317589511829006,0.781955,998.939,10.2578,0.566426,0.731847,0.537476,3-2A,8.97748579111647,11.1811753946843,12.051101629319,8.97748579111647,1,1,2.28571428571429,55-57-66,0-2-11,0.6318499445915222,0.7389437556266785,0.3554689586162567,0.17074790596961975,0.22493287920951843,0.8292520642280579,0.38492172956466675
153,te32c,4.14685314685315,0.556,0.102,bowl18,4,te32c,,,58,55,65,10,0.0583333333333333,0.801958787793059,0.706575278810354,2.29128784747792,0.129050794620365,-5.09561247114939,11.6546307990979,0.437821734908631,1.9611051281885,4.71315544866275,1.02834666439248,3,2.54165228100576,0.503549078375025,0.757729,953.854,10.2584,0.637473,0.659572,0.601976,4-14A,8.97748579111647,6.51773630057228,10.6648072681991,8.97748579111647,1,1,3.57142857142857,55-56-60-65,0-1-5-10,0.6227956414222717,0.8751884698867798,0.4397927522659302,0.2624441683292389,0.17986458539962769,0.7375558614730835,0.39211177825927734
154,te116c,4.14685314685315,0.765,0.14,bowl18,4,minor triad (r) + tt,,,60,56,63,7,0.0420833333333333,0.693042188490329,0.620735576199436,2.36643191323985,0.0999015047571065,-5.17000745058205,17.4622158046733,0.468933562243408,2.17373960230222,5.56414161383257,1.13301496183898,7,1.0,0.0994173831091951,0.751977,992.21,9.87872,0.57498,0.703514,0.51292,4-18B,8.97748579111647,11.1811753946843,12.051101629319,8.97748579111647,2,0,6.14285714285714,56-59-62-63,0-3-6-7,0.7809095978736877,0.9265226125717163,0.506312370300293,0.28145283460617065,0.156667560338974,0.7185471653938293,0.4429752826690674
155,te132c,4.14685314685315,0.669,0.122,bowl18,4,te132c,,,60,54,65,11,0.125714285714286,0.62087737611148,0.549232913137562,2.36643191323985,0.0803002589145497,-5.5339273215261,35.0027886441828,0.448347581102146,1.94306466465319,4.15756353691714,1.12410866791217,7,1.0,0.0043190290599245,0.782024,1103.24,9.82935,0.488698,0.721166,0.615967,4-12A,8.97748579111647,11.1811753946843,12.051101629319,8.97748579111647,2,0,6.14285714285714,54-57-63-65,0-3-9-11,0.7863756418228149,0.9033026099205017,0.4673174321651459,0.26759129762649536,0.16505494713783264,0.7324086427688599,0.4656326472759247
156,te186c,4.14685314685315,0.669,0.122,bowl18,4,te186c,,,60,54,62,8,0.032390873015873,0.70305787527733,0.62355296685609,2.36643191323985,0.0571667528228036,-5.67000745058205,15.5570656762735,0.730679261863681,2.38515771878265,5.94121905835247,1.31930089602121,12,1.0,-0.306786178147949,0.790002,1112.66,11.0203,0.62997,0.745312,0.354616,4-5A,8.97748579111647,11.1811753946843,12.051101629319,8.97748579111647,3,0,6.14285714285714,54-60-61-62,0-6-7-8,0.8302605152130127,0.9361828565597534,0.5334357023239136,0.16951878368854523,0.10609780251979828,0.8304811716079712,0.3598792552947998
157,te15c,4.04300699300699,0.695,0.127,bowl18,4,te15c,,,59,57,65,8,0.112592592592593,0.801958787793059,0.706575278810354,2.16024689946929,0.144878223648519,-4.09113199415007,13.081880759045,0.53089092154092,2.10228303780514,5.35453638405748,0.998691787058477,1,1.0,0.192909054024228,0.822505,1103.91,4.81757,0.749762,0.754875,0.81984,4-14B,8.97748579111647,5.17976051672319,12.051101629319,8.97748579111647,1,1,4.85714285714286,57-58-60-65,0-1-3-8,0.6648895740509033,0.8647462725639343,0.5153394937515259,0.31484049558639526,0.2070884108543396,0.6851595044136047,0.3893619477748871
158,te29c,4.04300699300699,0.695,0.127,bowl18,4,suspended 4th + m2,,,59,56,63,7,0.113333333333333,0.792841884635678,0.678210185899313,2.29128784747792,0.108176228139285,-5.09113199415007,12.3476512100274,0.500472902780622,2.1139510212245,5.39302460080453,1.04307970674498,4,1.0,0.2259591651474,0.7657,1104.25,6.61945,0.739263,0.761041,0.368457,4-16A,8.97748579111647,11.1811753946843,12.051101629319,8.97748579111647,1,1,4.85714285714286,56-57-61-63,0-1-5-7,0.752804696559906,0.8893284201622009,0.46211689710617065,0.27103331685066223,0.17481626570224762,0.7289666533470154,0.38676655292510986
159,te57c,4.04300699300699,0.788,0.144,bowl18,4,te57c,,,60,57,62,5,0.0740740740740741,0.723176680602415,0.621537043992771,2.22287572090485,0.0400517024939946,-5.61888982224726,14.6839146725366,0.662914015091654,2.56482213019299,6.65628942356486,1.29220368616042,3,1.0,-0.161195846147139,0.797973,1103.24,6.91737,0.597933,0.737771,0.611659,4-10,8.97748579111647,11.1811753946843,12.051101629319,8.97748579111647,1,1,6.14285714285714,57-59-60-62,0-2-3-5,0.8833960890769958,0.9689024090766907,0.4428507387638092,0.20474028587341309,0.1005546972155571,0.7952596545219421,0.3523922860622406
160,te141c,4.04300699300699,0.947,0.173,bowl18,4,te141c,,,60,55,65,10,0.06875,0.792841884635678,0.678210185899313,2.29128784747792,0.104371787449691,-5.03840779852542,14.6839146725366,0.451498629999862,1.99663279886036,4.84312152928192,1.01374372724629,4,1.0,0.305297989515174,0.761003,962.265,7.05171,0.418047,0.636593,0.311017,4-16B,8.97748579111647,10.4880282141244,12.051101629319,8.97748579111647,1,1,6.14285714285714,55-59-60-65,0-4-5-10,0.661522626876831,0.8638952970504761,0.44376328587532043,0.2245955467224121,0.17150110006332397,0.7754044532775879,0.37692952156066895
161,te199c,4.04300699300699,0.83,0.152,bowl18,4,te199c,,,60,52,64,12,0.08,0.802289788464618,0.631533057415607,2.20139815711603,0.197624428169837,-3.4857660520405,35.9627889954623,0.276888304013477,1.40996732154807,3.12264796564174,1.00929833993615,3,1.0,0.604985056334005,0.805494,1159.09,4.8146,0.430237,0.784989,0.565734,3-8B,8.97748579111647,11.1811753946843,12.051101629319,8.97748579111647,1,1,6.14285714285714,52-58-62-64,0-6-10-12,0.5394920110702515,0.8343524932861328,0.3943714201450348,0.2518308460712433,0.20012082159519196,0.7481691837310791,0.5413049459457397
162,te47c,3.93916083916084,0.718,0.131,bowl18,4,te47c,,,60,55,65,10,0.0555555555555556,0.751393406647986,0.640955610125411,2.36643191323985,0.117099544357496,-4.6993718459691,11.6546307990979,0.520608975878682,1.92472232588677,4.44406973464315,1.09258210719916,3,1.0,0.119563394799061,0.74316,936.021,9.9782,0.515625,0.659146,0.456158,4-11B,8.97748579111647,11.1811753946843,12.051101629319,8.97748579111647,1,1,6.14285714285714,55-56-63-65,0-1-8-10,0.7454075217247009,0.8857729434967041,0.4661305844783783,0.1847490817308426,0.14243587851524353,0.8152509927749634,0.44942420721054077
163,te157c,3.93916083916084,0.49,0.089,bowl18,4,augmented triad + M7,,,60,54,65,11,0.0311507936507937,0.754353510193137,0.636943902696878,2.16024689946929,0.113110471847181,-4.49144607116552,48.0846694032278,0.320063891091608,1.78944129411519,4.02902956658819,0.920812375526584,7,2.67428545596906,0.62333809276502,0.809423,941.741,11.6815,0.549823,0.708756,0.706388,4-19B,8.97748579111647,8.98395081734813,8.4675826908629,8.97748579111647,2,0,6.14285714285714,54-58-62-65,0-4-8-11,0.540233850479126,0.7999946475028992,0.5353448987007141,0.4219684898853302,0.28879061341285706,0.5780315399169922,0.43050479888916016
164,te193c,3.93916083916084,0.556,0.102,bowl18,4,te193c,,,60,53,64,11,0.015625,0.719599648918748,0.62006263665824,2.36643191323985,0.0704480928056054,-5.33952542686021,30.24098034881,0.437472225389417,1.97775170004201,4.39964127152076,1.20425525084478,12,1.0,0.197655322929049,0.767807,1051.09,6.96533,0.291478,0.685846,0.465684,4-15B,8.97748579111647,11.1811753946843,12.051101629319,8.97748579111647,3,0,6.14285714285714,53-59-61-64,0-6-8-11,0.8034381866455078,0.9330146312713623,0.4561477303504944,0.2752254605293274,0.1502813994884491,0.7247745990753174,0.36402514576911926
165,te203c,3.93916083916084,0.718,0.131,bowl18,4,te203c,,,60,53,64,11,0.0558333333333333,0.715761225865772,0.619526938245365,2.36643191323985,0.0609200593891192,-5.07192809488736,15.5570656762735,0.52069703545424,2.02591469485074,4.75419502903264,1.16123258538803,7,1.0,0.0559981768712777,0.782702,1067.91,7.14412,0.648736,0.727711,0.52071,4-7,8.97748579111647,11.1811753946843,12.051101629319,8.97748579111647,2,0,6.14285714285714,53-60-61-64,0-7-8-11,0.6751759648323059,0.8441488146781921,0.6008734703063965,0.2389432042837143,0.18908801674842834,0.7610567212104797,0.38898569345474243
166,tr58c,3.93811188916084,0.718395402,0.131160456,bowl18,3,tr58c,,,61,53,63,10,0.377777777777778,0.879161456178333,0.619101564205231,2.12132034355964,0.204937309090937,-3.3785697620348,33.9443527452088,0.326415010765374,1.01470223243817,2.11994751403701,0.946011676758993,4,1.0,0.661576980996754,0.750609,1052.1,4.81661,0.579618,0.711373,0.274612,3-6,8.97748579111647,8.8785903016903,12.051101629319,8.97748579111647,1,1,7.42857142857143,53-61-63,0-8-10,0.7117888331413269,0.8519530296325684,0.3845943212509155,0.1539320945739746,0.1504010111093521,0.8460679054260254,0.41343724727630615
167,dy6c,3.8951048951049,0.395,0.072,bowl18,2,tritone,,,60,57,63,6,0.0666666666666667,0.942577195756561,0.710131347576048,2.04939015319192,0.528509698612761,-2.56464150847248,91.1269837220809,0.103020989422265,0.316724011852414,0.771531678287403,0.705576954068403,3,1.0,1.13635276083435,0.797058,1108.62,1.75348,0.30729,0.864292,0.545854,2-6,7.25009767181935,11.1300541003761,8.40341790009005,7.25009767181935,1,1,6.14285714285714,57-63,0-6,0.353672057390213,0.41204556822776794,0.7526527643203735,0.4852199852466583,0.5468606352806091,0.5147800445556641,0.5190551280975342
168,tr34c,3.83321678216783,0.63968383,0.116789754,bowl18,3,augmented triad,,,60,56,64,8,0.13,0.863664232550099,0.614699522067638,2.20139815711603,0.321307519368862,-4.32192809488736,53.9732165106261,0.170620877694266,0.942035224175835,2.26865799954863,0.757997997564936,7,4.17395806884735,1.21551580496151,0.791435,1252.29,3.60558,0.521799,0.803806,0.73592,3-12,5.63569907288043,7.5176137485547,8.20095402760895,5.63569907288043,2,0,6.14285714285714,56-60-64,0-4-8,0.49883076548576355,0.6905309557914734,0.7204641103744507,0.42893216013908386,0.3572543263435364,0.5710678696632385,0.3864060342311859
169,tr49c,3.83321678216783,0.827681987,0.151113365,bowl18,3,tr49c,,,60,54,64,10,0.142857142857143,0.802289788464618,0.631533057415607,2.20139815711603,0.293210833030578,-3.87371203775821,68.0019916122713,0.206794872710877,0.915861433026404,2.00435131645906,1.02707939674983,3,1.0,0.71853713418408,0.822836,1115.69,3.65348,0.529204,0.812103,0.628392,3-8B,8.97748579111647,11.1811753946843,12.051101629319,8.97748579111647,1,1,6.14285714285714,54-60-64,0-6-10,0.6062098741531372,0.7559490203857422,0.5628901720046997,0.1986621916294098,0.2258954495191574,0.8013377785682678,0.3759496510028839
170,te125c,3.83216783216783,0.74,0.135,bowl18,4,minor (r) + M7,,,59,54,65,11,0.128571428571429,0.754353510193137,0.636943902696878,2.36643191323985,0.159424601498715,-5.57192809488736,35.0027886441828,0.336656145766384,1.83890049504507,4.15273551450091,1.06729948563054,7,3.43773223440645,0.675626734954057,0.777349,1103.58,10.2346,0.671605,0.720241,0.677647,4-19A,8.97748579111647,7.96229956981614,7.01414902690538,8.97748579111647,2,0,4.85714285714286,54-57-61-65,0-3-7-11,0.6149637699127197,0.8454691767692566,0.4546262323856354,0.29734936356544495,0.21165825426578522,0.7026506662368774,0.40469640493392944
171,te178c,3.83216783216783,0.583,0.106,bowl18,4,te178c,,,60,54,65,11,0.0160119047619048,0.693042188490329,0.620735576199436,2.36643191323985,0.0474950414237934,-5.26064997042823,46.7231172893455,0.362606047959363,1.87572615853871,4.23012900706509,1.12403683343636,7,1.0,0.271669047141214,0.765183,928.619,11.9519,0.682841,0.667534,0.716613,4-18B,8.97748579111647,11.1811753946843,12.051101629319,8.97748579111647,2,0,6.14285714285714,54-59-62-65,0-5-8-11,0.7837245464324951,0.9140554070472717,0.4910116195678711,0.25932836532592773,0.15529809892177582,0.7406716346740723,0.3649958372116089
172,tr18c,3.72832167832168,0.803011573,0.146609184,bowl18,3,tr18c,,,58,56,65,9,0.0907407407407407,0.934734306954438,0.70414111353318,1.92506684375924,0.369187529657826,-3.64160416786859,25.4295319690724,0.259779239849117,0.900494803425742,2.10483827636337,0.860035933332371,3,3.06317911550661,1.08239156715766,0.787046,1042.34,7.43898,0.720947,0.718383,0.543059,3-7B,3.87008572567373,6.41900145988659,12.051101629319,3.87008572567373,1,1,3.57142857142857,56-58-65,0-2-9,0.3664979636669159,0.6179017424583435,0.3508712649345398,0.2497166097164154,0.3291455805301666,0.750283420085907,0.473846971988678
173,tr32c,3.72832167832168,0.547722558,0.1,bowl18,3,tr32c,,,61,57,63,6,0.0933333333333333,0.802289788464618,0.631533057415607,2.20139815711603,0.185826227482247,-4.04309433898166,33.9443527452088,0.284044972789612,1.08291994459545,2.67620550991625,0.94368140062171,3,1.0,0.593391179491158,0.780106,1111.99,4.30388,0.486683,0.800806,0.285982,3-8B,8.97748579111647,11.1811753946843,12.051101629319,8.97748579111647,1,1,7.42857142857143,57-61-63,0-4-6,0.668369710445404,0.8205505609512329,0.4577856957912445,0.286833256483078,0.2224029004573822,0.7131667137145996,0.4630361497402191
174,tr50c,3.72832167832168,0.711966679,0.129986737,bowl18,3,tr50c,,,60,54,65,11,0.0928571428571429,0.842879489623361,0.685685156085516,2.04939015319192,0.18983379433162,-4.90474850588871,76.6283539447814,0.262492214142009,0.860440145239737,1.7914541513379,0.845300817536932,4,1.0,0.700553437795052,0.792252,1050.75,10.1411,0.465587,0.721485,1.10295,3-5B,8.97748579111647,9.79488103356445,12.051101629319,8.97748579111647,1,1,6.14285714285714,54-60-65,0-6-11,0.4126245379447937,0.6148048639297485,0.46818941831588745,0.22801585495471954,0.3223234713077545,0.7719842195510864,0.39515283703804016
175,te43c,3.72832167832168,0.759,0.139,bowl18,4,te43c,,,59,55,65,10,0.0287037037037037,0.690686465348618,0.6227306588088,2.22287572090485,0.0703708012989078,-6.02985386969094,11.6546307990979,0.459400013916756,1.91160144543116,4.55507635695445,1.16217624169213,3,1.0,0.110668821927717,0.73752,882.525,11.5439,0.559888,0.640717,0.419974,4-13B,8.97748579111647,11.1811753946843,12.051101629319,8.97748579111647,1,1,4.85714285714286,55-56-62-65,0-1-7-10,0.586932361125946,0.8691458106040955,0.47442513704299927,0.2979210913181305,0.1976809948682785,0.7020788788795471,0.39734214544296265
176,te83c,3.72832167832168,0.607,0.111,bowl18,4,te83c,,,59,55,65,10,0.0613888888888889,0.713211751073517,0.555940435146082,2.36643191323985,0.173334231493996,-4.69776527867924,24.0022820091254,0.391698470529828,1.96272572046785,4.47556078534797,1.28220509105269,7,1.0,0.260439305116418,0.754415,982.452,5.857,0.335625,0.675876,0.371229,4-24,8.97748579111647,6.82446656799475,5.92641823842481,8.97748579111647,2,0,4.85714285714286,55-57-61-65,0-2-6-10,0.7582058906555176,0.9395714998245239,0.4220646023750305,0.27351313829421997,0.1456623077392578,0.72648686170578,0.37646177411079407
177,te150c,3.72832167832168,0.481,0.088,bowl18,4,major triad (r) + m6,,,60,55,63,8,0.118333333333333,0.754353510193137,0.636943902696878,2.16024689946929,0.0741822628636474,-4.57192809488736,17.4622158046733,0.444390607717207,2.09597614090944,5.23163513034938,0.964582152975141,7,1.0,0.24830669144377,0.752047,978.078,10.5005,0.728799,0.67355,0.476044,4-19B,8.97748579111647,8.98395081734813,8.4675826908629,8.97748579111647,2,0,6.14285714285714,55-59-62-63,0-4-7-8,0.7883352637290955,0.9030335545539856,0.553264856338501,0.3272207975387573,0.18906819820404053,0.6727792024612427,0.3955928683280945
178,te14c,3.62447552447552,0.73,0.133,bowl18,4,minor triad (r) + m2,,,59,57,64,7,0.0562962962962963,0.712418541856751,0.617308583056919,2.36643191323985,0.185984254351813,-5.27537339269162,13.081880759045,0.54475779574144,2.21911319304904,5.73315699350073,1.16903796839785,3,1.0,0.0110697760985324,0.851546,1314.2,4.57771,0.391421,0.857306,0.275911,4-29A,8.97748579111647,11.1811753946843,12.051101629319,8.97748579111647,1,1,4.85714285714286,57-58-60-64,0-1-3-7,0.7862385511398315,0.9221656322479248,0.5395511984825134,0.26368170976638794,0.1521732658147812,0.7363182902336121,0.3780573606491089
179,te38c,3.62447552447552,0.571,0.104,bowl18,4,te38c,,,58,55,65,10,0.0583333333333333,0.712418541856751,0.617308583056919,2.16024689946929,0.159675812833888,-4.67448792758137,11.6546307990979,0.458426552049962,1.96319120251176,4.66723098508343,1.05007573833067,1,2.98117304347412,0.35637189559117,0.737626,893.964,10.1378,0.445098,0.648525,0.414366,4-29B,8.97748579111647,8.23673641551791,11.3579544487591,8.97748579111647,1,1,3.57142857142857,55-56-61-65,0-1-6-10,0.639212965965271,0.8940103650093079,0.4634352922439575,0.2541846036911011,0.16526766121387482,0.7458153963088989,0.3946712017059326
180,te70c,3.62447552447552,0.629,0.115,bowl18,4,te70c,,,59,56,66,10,0.326984126984127,0.716686045757288,0.559941365521435,2.29128784747792,0.163043030555255,-4.74592654816484,25.4295319690724,0.483501419139127,2.06753164181091,4.73665985682606,1.17498997049143,3,1.0,0.117901565695926,0.807545,1171.88,6.66002,0.463698,0.777693,0.435744,4-21,8.97748579111647,11.1811753946843,12.051101629319,8.97748579111647,1,1,4.85714285714286,56-58-60-66,0-2-4-10,0.8277655243873596,0.9604363441467285,0.5365619659423828,0.18329593539237976,0.0970565676689148,0.8167040348052979,0.3722892701625824
181,te120c,3.62447552447552,0.629,0.115,bowl18,4,diminished (r) + M7,,,60,55,66,11,0.061276455026455,0.693042188490329,0.620735576199436,2.16024689946929,0.0669432478838882,-5.08952542686021,37.0841627681703,0.376972910705847,1.9010346731197,4.30996973308141,1.1405689342541,7,2.89051953663829,0.444438570855128,0.799777,1044.7,10.4155,0.421356,0.722482,0.410914,4-18A,8.97748579111647,8.54211806506909,9.48615227185748,8.97748579111647,2,0,6.14285714285714,55-58-61-66,0-3-6-11,0.6411781907081604,0.8913218379020691,0.5076344609260559,0.2919607162475586,0.18199121952056885,0.7080392837524414,0.3923187255859375
182,te139c,3.62447552447552,0.629,0.115,bowl18,4,te139c,,,60,56,64,8,0.05375,0.754353510193137,0.636943902696878,2.36643191323985,0.0636586354144214,-5.90689059560852,15.5570656762735,0.450252665384368,2.12776307128454,5.40444664725875,1.02408219762533,7,2.89051953663829,0.434854086643213,0.772434,1113.33,6.8389,0.80628,0.763906,0.686397,4-19A,8.97748579111647,7.96229956981614,7.01414902690538,8.97748579111647,2,0,6.14285714285714,56-60-61-64,0-4-5-8,0.6629934310913086,0.8769460320472717,0.6572111248970032,0.36489394307136536,0.21978996694087982,0.6351060271263123,0.38041073083877563
183,te219c,3.62447552447552,0.776,0.142,bowl18,4,te219c,,,61,51,63,12,0.0777777777777778,0.759117620523861,0.610642420173434,2.29128784747792,0.12630099725568,-4.43872187554087,17.4622158046733,0.488599628395501,1.66151771800925,3.97476938613117,1.11725657931223,4,1.0,0.185167376918995,0.766101,1120.4,10.7328,0.597701,0.779826,0.19539,3-2B,8.97748579111647,11.1811753946843,12.051101629319,8.97748579111647,1,1,7.42857142857143,51-60-62-63,0-9-11-12,0.5770838260650635,0.808260977268219,0.47539839148521423,0.21507403254508972,0.2010730504989624,0.7849259376525879,0.6269002556800842
184,dy2c,3.53006993006993,0.653,0.119,bowl18,2,major 2nd,,,60,59,61,2,0.0083333333333333,1.0943008651589,0.732423362285411,1.87082869338697,0.39405382551184,-3.08496250072116,30.24098034881,0.264498004690356,0.478835552980129,1.23943494122172,0.868409979210139,4,1.94525976831915,1.24283687795402,0.771072,1111.65,6.0608,0.543448,0.73911,0.201937,2-2,5.48096108326621,7.28041317199458,2.04603276215678,5.48096108326621,1,1,6.14285714285714,59-61,0-2,0.6743839979171753,0.7367784380912781,0.275958389043808,0.19961576163768768,0.23777928948402405,0.8003841638565063,0.31429770588874817
185,tr52c,3.51853146748252,0.530668631,0.096886393,bowl18,3,tr52c,,,62,55,63,8,0.183333333333333,0.898206959300817,0.709916008353518,2.04939015319192,0.168161013099991,-3.32192809488736,17.4622158046733,0.407580793396051,1.03513933326159,2.55716879879957,0.891937453369462,3,1.59639251268661,0.625832114181459,0.748426,935.685,9.80631,0.756105,0.700851,0.419238,3-4A,8.97748579111647,10.0825631060162,12.051101629319,8.97748579111647,1,1,8.71428571428571,55-62-63,0-7-8,0.6769195795059204,0.7406829595565796,0.5870044231414795,0.20579732954502106,0.23790916800498962,0.7942026257514954,0.46147865056991577
186,te12c,3.51748251748252,0.592,0.108,bowl18,4,te12c,,,60,58,63,5,0.0145833333333333,0.751393406647986,0.640955610125411,2.22287572090485,0.0772444369022418,-4.59113199415007,13.8597698690171,0.621261629107047,2.42970557689755,6.32487480965565,1.32478624132688,3,1.0,-0.0434949361001991,0.804959,1171.88,7.44502,0.627109,0.741992,0.190557,4-11A,8.97748579111647,11.1811753946843,12.051101629319,8.97748579111647,1,1,6.14285714285714,58-59-61-63,0-1-3-5,0.8536757826805115,0.9552426338195801,0.3854612112045288,0.20340141654014587,0.10821495950222015,0.7965986132621765,0.36790308356285095
187,te27c,3.51748251748252,0.747,0.136,bowl18,4,te27c,,,58,55,67,12,0.04125,0.768245513873647,0.609609079857976,2.20139815711603,0.221115099740572,-5.65689059560852,11.6546307990979,0.465633357040527,1.56058842588467,3.35176766071423,0.951841473021071,7,1.0,0.23861992519425,0.746618,1002.98,13.2979,0.567281,0.686218,0.635609,3-3A,8.97748579111647,11.1811753946843,12.051101629319,8.97748579111647,2,0,3.57142857142857,55-56-59-67,0-1-4-12,0.6783915758132935,0.761608362197876,0.5618082880973816,0.24466626346111298,0.24090147018432617,0.7553337216377258,0.4952607750892639
188,te81c,3.51748251748252,0.747,0.136,bowl18,4,te81c,,,60,56,64,8,0.0888888888888889,0.671305647780641,0.539070950077028,2.36643191323985,0.105922168184172,-4.7357660520405,25.4295319690724,0.454808998407545,2.08297072722524,4.92916089757194,1.17227893016057,12,1.0,0.0836099390248921,0.803501,1052.77,5.22658,0.262324,0.768896,0.586509,4-25,8.97748579111647,8.61622603722281,7.58519351066443,8.97748579111647,3,0,6.14285714285714,56-58-62-64,0-2-6-8,0.8591371774673462,0.9666692018508911,0.48072192072868347,0.27947866916656494,0.13178996741771698,0.7205213904380798,0.4183730185031891
189,te86c,3.51748251748252,0.747,0.136,bowl18,4,suspended 2nd + m6,,,60,55,63,8,0.0292592592592593,0.792841884635678,0.678210185899313,2.29128784747792,0.0352839289962705,-5.26064997042823,17.4622158046733,0.536155036998043,2.08307836251916,5.06677909217875,1.09184456730932,4,1.0,0.168153741626021,0.766,983.462,10.0915,0.767324,0.716665,0.472777,4-16A,8.97748579111647,11.1811753946843,12.051101629319,8.97748579111647,1,1,6.14285714285714,55-57-62-63,0-2-7-8,0.8425461053848267,0.9184641242027283,0.5073017477989197,0.26937752962112427,0.15667255222797394,0.7306225895881653,0.40265321731567383
190,te106c,3.51748251748252,0.699,0.128,bowl18,4,te106c,,,58,55,65,10,0.0153703703703704,0.719599648918748,0.62006263665824,2.36643191323985,0.145454977301855,-5.51064997042823,13.8597698690171,0.485601685204061,2.08678790934175,5.09724067802227,0.999681296785535,12,1.0,0.119685104233937,0.789823,983.125,5.46222,0.425501,0.658253,0.311093,4-15B,8.97748579111647,11.1811753946843,12.051101629319,8.97748579111647,3,0,3.57142857142857,55-58-59-65,0-3-4-10,0.7266067862510681,0.866912305355072,0.45556938648223877,0.29029902815818787,0.19597221910953522,0.7097009420394897,0.43669092655181885
191,te114c,3.51748251748252,0.648,0.118,bowl18,4,te114c,,,59,55,66,11,0.16984126984127,0.719599648918748,0.62006263665824,2.22287572090485,0.111425978257209,-5.86440934524794,28.5436845415537,0.456320390471648,1.9929694813168,4.47839273411806,1.14128426728325,8,1.0,0.167121102118701,0.815631,1051.09,10.3123,0.644127,0.736982,0.517725,4-15A,8.97748579111647,11.1811753946843,12.051101629319,8.97748579111647,2,0,4.85714285714286,55-58-60-66,0-3-5-11,0.691744863986969,0.9204779267311096,0.5647804141044617,0.23871482908725739,0.14319919049739838,0.7612851858139038,0.3731532394886017
192,te147c,3.51748251748252,0.531,0.097,bowl18,4,dominant 7th flat 5,,,60,55,65,10,0.0147916666666667,0.671305647780641,0.539070950077028,2.36643191323985,0.168278345199201,-4.65528402831866,30.24098034881,0.374438953776984,1.96038119521063,4.5334977550774,1.10561621513383,12,3.27067796865568,0.449276073490305,0.747489,864.693,8.24173,0.28679,0.6367,0.43513,4-25,8.97748579111647,8.61622603722281,7.58519351066443,8.97748579111647,3,0,6.14285714285714,55-59-61-65,0-4-6-10,0.8229745626449585,0.9496768712997437,0.4521799087524414,0.3037635087966919,0.15169930458068848,0.6962364315986633,0.35761943459510803
193,te169c,3.51748251748252,0.531,0.097,bowl18,4,te169c,,,60,54,65,11,0.015734126984127,0.740980563989747,0.570429584445242,2.36643191323985,0.0769843887361987,-6.19776527867924,14.6839146725366,0.520105219325842,1.99701695293845,4.67727504156288,1.07456198695594,12,1.0,0.101845420895038,0.77984,998.266,11.0885,0.497476,0.686305,0.578215,4-9,8.97748579111647,11.1811753946843,12.051101629319,8.97748579111647,3,0,6.14285714285714,54-59-60-65,0-5-6-11,0.7527143359184265,0.8709636330604553,0.49024876952171326,0.19493094086647034,0.15539419651031494,0.8050690293312073,0.3807331919670105
194,te205c,3.51748251748252,0.648,0.118,bowl18,4,te205c,,,61,53,63,10,0.0287037037037037,0.723176680602415,0.621537043992771,2.22287572090485,0.0700840871654396,-5.03840779852542,17.4622158046733,0.546300966337368,2.11952136983711,4.9526492988259,1.20366150219381,3,1.0,0.0277184892535042,0.774221,1051.09,9.563,0.663043,0.709387,0.290157,4-10,8.97748579111647,11.1811753946843,12.051101629319,8.97748579111647,1,1,7.42857142857143,53-60-62-63,0-7-9-10,0.7223573327064514,0.907753586769104,0.442099392414093,0.24797943234443665,0.15453962981700897,0.752020537853241,0.38378116488456726
195,tr5c,3.41363636363636,0.610257153,0.111417203,bowl18,3,Viennese trichord,,,58,57,63,6,0.0933333333333333,0.842879489623361,0.685685156085516,2.04939015319192,0.175626365593113,-4.40203287133193,13.081880759045,0.429127010671526,1.14732861779849,3.04387483180109,1.05319399886265,4,1.0,0.43060335778878,0.832813,1251.28,3.3074,0.621342,0.849258,0.265706,3-5A,8.97748579111647,11.1811753946843,12.051101629319,8.97748579111647,1,1,3.57142857142857,57-58-63,0-1-6,0.6145873069763184,0.7833067178726196,0.6302832961082458,0.30386820435523987,0.25156325101852417,0.6961317658424377,0.4189150631427765
196,tr19c,3.41363636363636,0.610257153,0.111417203,bowl18,3,tr19c,,,57,55,65,10,0.244444444444444,0.879161456178333,0.619101564205231,2.12132034355964,0.300998738171703,-3.887259365924,24.0022820091254,0.354385677466953,1.03198030753174,2.22789378706163,1.04401571066745,4,3.06317911550661,0.830212737376369,0.755787,957.891,4.90976,0.548539,0.677686,0.60632,3-6,8.97748579111647,8.8785903016903,12.051101629319,8.97748579111647,1,1,2.28571428571429,55-57-65,0-2-10,0.6940841674804688,0.85001540184021,0.3475653827190399,0.2008925974369049,0.17034777998924255,0.7991074323654175,0.3614613711833954
197,tr65c,3.41363636363636,0.664363839,0.121295687,bowl18,3,tr65c,,,62,52,64,12,0.288888888888889,1.0943008651589,0.732423362285411,1.87082869338697,0.44459898585018,-2.60459373040568,35.9627889954623,0.199713301915621,0.594363645522694,1.31595837288494,0.779761867826535,4,3.69781848126641,1.52952642316209,0.77802,1006.68,3.17723,0.593174,0.774805,0.470556,2-2,5.48096108326621,7.28041317199458,2.04603276215678,5.48096108326621,1,1,8.71428571428571,52-62-64,0-10-12,0.25100448727607727,0.5078813433647156,0.3405195474624634,0.2148260772228241,0.3812016546726227,0.7851738929748535,0.6140979528427124
198,te20c,3.41363636363636,0.761,0.139,bowl18,4,te20c,,,60,57,62,5,0.0316666666666667,0.715761225865772,0.619526938245365,2.36643191323985,0.0014666454672351,-5.65689059560852,13.081880759045,0.652519415738504,2.48954319197714,6.62816448573132,1.14252336945137,7,1.0,-0.157555431651605,0.821054,1109.97,9.413,0.386299,0.778876,0.210109,4-7,8.97748579111647,11.1811753946843,12.051101629319,8.97748579111647,2,0,6.14285714285714,57-58-61-62,0-1-4-5,0.7039656639099121,0.8938257694244385,0.5181687474250793,0.2702767252922058,0.17181530594825745,0.7297232747077942,0.36400362849235535
199,te54c,3.41363636363636,0.714,0.13,bowl18,4,te54c,,,58,53,65,12,0.114285714285714,0.759117620523861,0.610642420173434,2.29128784747792,0.185654294769996,-4.6993718459691,10.3830956393153,0.502938934093224,1.45331039237185,2.97053106259479,1.1368900397297,4,1.0,0.161937554571242,0.766706,986.826,10.5774,0.501455,0.670508,0.787718,3-2B,8.97748579111647,11.1811753946843,12.051101629319,8.97748579111647,1,1,3.57142857142857,53-54-63-65,0-1-10-12,0.6399410963058472,0.7871724367141724,0.3900916874408722,0.13157473504543304,0.1803264319896698,0.868425190448761,0.529699981212616
200,te61c,3.41363636363636,0.61,0.111,bowl18,4,te61c,,,58,56,65,9,0.0155555555555556,0.690686465348618,0.6227306588088,2.22287572090485,0.150655204110048,-5.86888982224726,13.8597698690171,0.556286542462319,2.16276960325397,5.38651226498873,1.16001969676365,3,1.0,-0.0462883483459707,0.781907,1023.5,7.70279,0.413396,0.683344,0.405719,4-13B,8.97748579111647,11.1811753946843,12.051101629319,8.97748579111647,1,1,3.57142857142857,56-58-59-65,0-2-3-9,0.7691309452056885,0.8858681321144104,0.41477417945861816,0.20816254615783691,0.15174411237239838,0.7918375134468079,0.4226899743080139
201,te103c,3.41363636363636,0.714,0.13,bowl18,4,major triad (r) + m3,,,60,56,63,7,0.0416666666666667,0.731509773320763,0.620325482817263,2.16024689946929,0.114763972300452,-5.07192809488736,14.6839146725366,0.459719927923346,2.23356755129288,5.83351624405908,1.05701033795047,7,4.10687898245118,0.504991534090983,0.767602,1050.75,5.46545,0.738509,0.733195,0.586118,4-17,8.97748579111647,7.5176137485547,10.9524893406509,8.97748579111647,2,0,6.14285714285714,56-59-60-63,0-3-4-7,0.7028164863586426,0.8788615465164185,0.5393542647361755,0.2782325744628906,0.18397605419158936,0.7217673659324646,0.4747329652309418
202,te33c,3.30979020979021,0.728,0.133,bowl18,4,te33c,,,58,55,66,11,0.171428571428571,0.70305787527733,0.62355296685609,2.36643191323985,0.124503534345517,-6.01064997042823,11.6546307990979,0.545996237331644,2.03403094138127,4.68760502897018,0.996728126329716,12,1.0,-0.0075977836075999,0.778904,1042.01,12.5003,0.441105,0.699946,0.61376,4-5A,8.97748579111647,11.1811753946843,12.051101629319,8.97748579111647,3,0,3.57142857142857,55-56-60-66,0-1-5-11,0.7500091195106506,0.8842741847038269,0.4947623014450073,0.18531453609466553,0.14356130361557007,0.8146854043006897,0.38718676567077637
203,te45c,3.30979020979021,0.774,0.141,bowl18,4,power chord + m2,,,58,54,66,12,0.0590277777777778,0.842879489623361,0.685685156085516,2.04939015319192,0.170751481868732,-5.09113199415007,11.0005066350574,0.406174259128313,1.31342001818932,2.81301477053598,0.976319308066099,4,1.0,0.467787050777878,0.770257,983.798,11.5829,0.4337,0.701596,0.327276,3-5B,8.97748579111647,9.79488103356445,12.051101629319,8.97748579111647,1,1,3.57142857142857,54-55-61-66,0-1-7-12,0.5323269963264465,0.6830291748046875,0.5523976683616638,0.18995368480682373,0.26616400480270386,0.8100463151931763,0.5588966608047485
204,te109c,3.30979020979021,0.774,0.141,bowl18,4,te109c,,,60,56,62,6,0.0150578703703704,0.690686465348618,0.6227306588088,2.22287572090485,0.0411636954670741,-5.85872932612292,16.4821369405355,0.580745107813874,2.42075899129683,6.17819253071102,1.34898644785179,3,1.0,-0.0859114751538304,0.752144,999.948,8.54717,0.593527,0.690356,0.576762,4-13B,8.97748579111647,11.1811753946843,12.051101629319,8.97748579111647,1,1,6.14285714285714,56-59-61-62,0-3-5-6,0.7793744206428528,0.9502838253974915,0.461426705121994,0.2288510799407959,0.12137018144130707,0.7711489200592041,0.38550958037376404
205,te136c,3.30979020979021,0.626,0.114,bowl18,4,te136c,,,60,53,65,12,0.0533333333333333,0.768245513873647,0.609609079857976,2.20139815711603,0.116194514075249,-5.32192809488736,19.600674520134,0.428107998350116,1.47758408326277,3.17532939916287,1.0236618708776,7,1.0,0.299411391272862,0.746169,1037.97,7.65196,0.687448,0.667684,1.08318,3-3A,8.97748579111647,11.1811753946843,12.051101629319,8.97748579111647,2,0,6.14285714285714,53-56-64-65,0-3-11-12,0.7448064088821411,0.8109573721885681,0.561147928237915,0.2695958912372589,0.22126397490501404,0.7304041385650635,0.5736131072044373
206,te166c,3.30979020979021,0.626,0.114,bowl18,4,te166c,,,60,55,63,8,0.0576388888888889,0.712418541856751,0.617308583056919,2.36643191323985,0.0699205896427783,-5.35872932612292,15.5570656762735,0.55357588637249,2.24933858009455,5.56102829994412,1.07974144788764,3,1.0,-0.0032156211950211,0.7603,1049.07,6.22319,0.475468,0.715869,0.439492,4-29A,8.97748579111647,11.1811753946843,12.051101629319,8.97748579111647,1,1,6.14285714285714,55-60-61-63,0-5-6-8,0.796893835067749,0.9494001269340515,0.5534917712211609,0.23870474100112915,0.12584182620048523,0.7612952589988708,0.382775217294693
207,te188c,3.30979020979021,0.728,0.133,bowl18,4,te188c,,,60,54,64,10,0.0616071428571429,0.719599648918748,0.62006263665824,2.22287572090485,0.0777209654926303,-5.77824730240108,15.5570656762735,0.46405462802506,2.02203492778706,4.90633540984308,1.17676662997972,8,1.0,0.154591557930964,0.801459,1115.35,7.14456,0.697979,0.777855,0.628217,4-15A,8.97748579111647,11.1811753946843,12.051101629319,8.97748579111647,2,0,6.14285714285714,54-60-61-64,0-6-7-10,0.7535314559936523,0.8867893218994141,0.5854995846748352,0.21796169877052307,0.15511107444763184,0.7820383906364441,0.3713601231575012
208,tr17c,3.30874125979021,0.678910554,0.123951542,bowl18,3,tr17c,,,58,56,64,8,0.146666666666667,0.802289788464618,0.631533057415607,2.20139815711603,0.247469023849079,-4.3785697620348,25.4295319690724,0.331216418874075,1.05465742152787,2.45949867607155,1.03067903187512,3,1.0,0.516972952867905,0.810782,1252.29,4.24316,0.420808,0.82284,0.707196,3-8B,8.97748579111647,11.1811753946843,12.051101629319,8.97748579111647,1,1,3.57142857142857,56-58-64,0-2-8,0.6904611587524414,0.8511981964111328,0.5172271728515625,0.3051607310771942,0.21134540438652039,0.6948392987251282,0.4126115143299103
209,dy10c,3.26573426573427,0.359,0.066,bowl18,2,minor 7th,,,59,54,64,10,0.108571428571429,1.0943008651589,0.732423362285411,1.87082869338697,0.578217462763458,-2.74592654816484,144.630345557053,0.133460613312949,0.290972406291006,0.521271218898304,0.500157293851166,4,3.69781848126641,1.63685645843329,0.807134,1115.35,2.38488,0.69987,0.822884,0.471006,2-2,5.48096108326621,7.28041317199458,2.04603276215678,5.48096108326621,1,1,4.85714285714286,54-64,0-10,0.3465205132961273,0.4327907860279083,0.4334324896335602,0.13340526819229126,0.3936876654624939,0.866594672203064,0.43702611327171326
210,dy11c,3.26573426573427,0.541,0.099,bowl18,2,major 7th,,,60,54,65,11,0.0714285714285714,0.941931969299263,0.707106787773168,2.04939015319192,0.513492126221863,-3.0,164.231020077187,0.242442497093554,0.311195517803457,0.508856936473435,0.525478811557282,4,1.0,0.909340034162346,0.775041,929.292,9.80132,0.520318,0.715565,1.006,2-1,8.97748579111647,9.85758902795363,6.3296798252698,8.97748579111647,1,1,6.14285714285714,54-65,0-11,0.2962478697299957,0.33764833211898804,0.48090797662734985,0.129023477435112,0.4490204155445099,0.8709763884544373,0.45956525206565857
211,te22c,3.2027972027972,0.785,0.143,bowl18,4,major triad (r) + m2,,,60,57,64,7,0.0588888888888889,0.693042188490329,0.620735576199436,2.16024689946929,0.0777658244251549,-5.26064997042823,13.081880759045,0.462052927815429,2.13468763763004,5.57059629604417,1.05990717312617,7,2.67428545596906,0.284184926304904,0.8307,1172.21,5.01574,0.459679,0.824369,0.292772,4-18A,8.97748579111647,8.54211806506909,9.48615227185748,8.97748579111647,2,0,6.14285714285714,57-58-61-64,0-1-4-7,0.5744370222091675,0.8613945841789246,0.5514000058174133,0.3578781187534332,0.2263144999742508,0.6421219110488892,0.40916910767555237
212,te23c,3.2027972027972,0.828,0.151,bowl18,4,te23c,,,58,56,64,8,0.0566666666666667,0.754353510193137,0.636943902696878,2.36643191323985,0.177328896956392,-5.98737261933036,12.3476512100274,0.451240354342245,2.09753433166655,5.35465662155563,1.08852673904927,7,1.59639251268661,0.299055024394465,0.794969,1104.25,6.27512,0.499371,0.804281,0.702673,4-19A,8.97748579111647,7.96229956981614,7.01414902690538,8.97748579111647,2,0,3.57142857142857,56-57-60-64,0-1-4-8,0.8249792456626892,0.8960819244384766,0.5977586507797241,0.3112212121486664,0.186839297413826,0.688778817653656,0.3781961500644684
213,te39c,3.2027972027972,0.691,0.126,bowl18,4,te39c,,,58,55,66,11,0.0604166666666667,0.759801626740419,0.69035941032465,2.29128784747792,0.0735445025653438,-6.77824730240108,11.6546307990979,0.528321645642405,1.92820785106974,4.42660493141798,0.993558966586701,12,1.0,0.122034780268679,0.753875,984.135,12.5417,0.255603,0.685613,0.466899,4-6,8.97748579111647,11.1811753946843,12.051101629319,8.97748579111647,3,0,3.57142857142857,55-56-61-66,0-1-6-11,0.6401030421257019,0.8568617701530457,0.48768606781959534,0.22994042932987213,0.1778591424226761,0.7700595259666443,0.40091845393180847
214,te62c,3.2027972027972,0.64,0.117,bowl18,4,te62c,,,58,56,66,10,0.0463095238095238,0.751393406647986,0.640955610125411,2.36643191323985,0.155741290038547,-5.03840779852542,13.8597698690171,0.581147977233944,2.13900586247974,5.18142398099319,1.17371728803889,3,1.0,0.0214895914895694,0.788829,1111.32,6.22073,0.685037,0.724218,0.547939,4-11B,8.97748579111647,11.1811753946843,12.051101629319,8.97748579111647,1,1,3.57142857142857,56-58-59-66,0-2-3-10,0.8105918765068054,0.9197441935539246,0.42767852544784546,0.1970008760690689,0.1269538551568985,0.8029991984367371,0.4352605640888214
215,te118c,3.2027972027972,0.64,0.117,bowl18,4,dimished 7th chord,,,60,55,64,9,0.0606018518518519,0.573024701164252,0.50979080012731,2.89827534923789,0.0523153155589374,-4.27824730240108,37.0841627681703,0.326681955472497,2.04403252610447,4.91544554753496,1.3087427640373,7,3.95464558589437,0.422636718954289,0.805703,1112.32,4.99561,0.47613,0.745669,0.714339,4-28,5.02396217594065,7.77997801302219,5.31769973748165,5.02396217594065,2,0,6.14285714285714,55-58-61-64,0-3-6-9,0.6359982490539551,0.9258426427841187,0.4514453113079071,0.3040901720523834,0.16613049805164337,0.695909857749939,0.381618469953537
216,te131c,3.2027972027972,0.691,0.126,bowl18,4,te131c,,,60,54,64,10,0.060952380952381,0.690686465348618,0.6227306588088,2.36643191323985,0.0922396775777342,-4.36888982224726,18.500573190789,0.482946982536276,1.98922909733272,4.57383681819265,1.07427419310441,3,1.0,0.0725224911784937,0.795188,1115.02,8.39515,0.677925,0.785124,0.382803,4-13A,8.97748579111647,9.79488103356445,12.051101629319,8.97748579111647,1,1,6.14285714285714,54-57-63-64,0-3-9-10,0.7912089228630066,0.8660740256309509,0.5221319794654846,0.31047558784484863,0.20454582571983337,0.6895243525505066,0.49178192019462585
217,te176c,3.2027972027972,0.785,0.143,bowl18,4,te176c,,,60,54,63,9,0.0476190476190476,0.731509773320763,0.620325482817263,2.16024689946929,0.0537634940532693,-4.90689059560852,17.4622158046733,0.456945026472408,2.10325812909662,5.06569070749906,1.167661741821,7,1.0,0.187308297231282,0.772851,991.537,10.618,0.864541,0.711984,0.369401,4-17,8.97748579111647,7.5176137485547,10.9524893406509,8.97748579111647,2,0,6.14285714285714,54-59-62-63,0-5-8-9,0.8056227564811707,0.9235268235206604,0.5092924237251282,0.2544577121734619,0.1476670205593109,0.7455422282218933,0.37900272011756897
218,te3c,3.09895104895105,0.837,0.153,bowl18,4,te3c,,,60,58,63,5,0.0427777777777778,0.716183176770706,0.624640991381892,2.36643191323985,0.0765903094749868,-6.59561247114939,13.8597698690171,0.740929771947968,2.55806225774992,6.83434974447703,1.2389542881068,12,1.0,-0.300030075391759,0.821096,1240.51,6.58724,0.543,0.762322,0.201518,4-4A,8.97748579111647,11.1811753946843,12.051101629319,8.97748579111647,3,0,6.14285714285714,58-59-60-63,0-1-2-5,0.8332523107528687,0.941741406917572,0.47743669152259827,0.17402765154838562,0.10456617921590805,0.8259722590446472,0.3726075291633606
219,te24c,3.09895104895105,0.596,0.109,bowl18,4,te24c,,,58,56,65,9,0.113333333333333,0.731509773320763,0.620325482817263,2.16024689946929,0.0988844893144741,-5.32640857188668,12.3476512100274,0.458805559389136,2.07234830026564,5.14204845235316,1.06102562081641,7,2.19278502537322,0.307984200337263,0.772459,1050.08,8.45769,0.792354,0.716388,0.636131,4-17,8.97748579111647,7.5176137485547,10.9524893406509,8.97748579111647,2,0,3.57142857142857,56-57-60-65,0-1-4-9,0.7950313091278076,0.9176406264305115,0.5274586081504822,0.3001136779785156,0.16946113109588623,0.6998863220214844,0.3654850423336029
220,te31c,3.09895104895105,0.466,0.085,bowl18,4,te31c,,,59,56,65,9,0.11,0.754353510193137,0.636943902696878,2.16024689946929,0.173115396724314,-4.65689059560852,12.3476512100274,0.431558278668864,1.98323957115871,4.89938730994275,0.980409530493509,7,2.19278502537322,0.392785181678,0.755428,1043.69,8.47614,0.744587,0.700763,0.437534,4-19B,8.97748579111647,8.98395081734813,8.4675826908629,8.97748579111647,2,0,4.85714285714286,56-57-61-65,0-1-5-9,0.599147379398346,0.8707519173622131,0.5235527753829956,0.3425911068916321,0.2145853191614151,0.6574088931083679,0.37043046951293945
221,te36c,3.09895104895105,0.75,0.137,bowl18,4,te36c,,,60,56,64,8,0.0298148148148148,0.792841884635678,0.678210185899313,2.29128784747792,0.10169973433791,-5.10872932612292,12.3476512100274,0.504816935166045,2.00021776131893,4.96405240487172,1.09601920813121,4,1.59639251268661,0.280766780874228,0.77389,1102.9,5.9369,0.456306,0.760637,0.653842,4-16B,8.97748579111647,10.4880282141244,12.051101629319,8.97748579111647,1,1,6.14285714285714,56-57-62-64,0-1-6-8,0.7096721529960632,0.9014082551002502,0.5339344143867493,0.32503581047058105,0.18916936218738556,0.674964189529419,0.38679251074790955
222,te40c,3.09895104895105,0.75,0.137,bowl18,4,te40c,,,58,55,67,12,0.0520833333333333,0.842879489623361,0.685685156085516,2.04939015319192,0.199358067907129,-4.27824730240108,11.6546307990979,0.434398203545517,1.38425555006391,2.92930260407606,0.886215416910864,4,1.0,0.422063971251884,0.747228,1043.35,13.3057,0.260661,0.709577,0.657749,3-5A,8.97748579111647,11.1811753946843,12.051101629319,8.97748579111647,1,1,3.57142857142857,55-56-61-67,0-1-6-12,0.6038757562637329,0.7350524067878723,0.573732316493988,0.2360086590051651,0.2533720135688782,0.7639913558959961,0.5013419985771179
223,te52c,3.09895104895105,0.702,0.128,bowl18,4,te52c,,,59,54,66,12,0.161904761904762,0.768245513873647,0.609609079857976,2.20139815711603,0.112060753366038,-4.65689059560852,11.0005066350574,0.445480388435748,1.40297142398499,2.95276222091018,0.99594614581794,7,1.0,0.271267941098061,0.773689,983.462,12.9661,0.332102,0.705011,0.334518,3-3B,8.97748579111647,11.1811753946843,12.051101629319,8.97748579111647,2,0,4.85714285714286,54-55-63-66,0-1-9-12,0.7025527358055115,0.7747824788093567,0.5060915946960449,0.2083173543214798,0.2184574455022812,0.7916825413703918,0.5848522186279297
224,te58c,3.09895104895105,0.596,0.109,bowl18,4,te58c,,,60,57,63,6,0.015,0.62087737611148,0.549232913137562,2.36643191323985,0.054095817316825,-5.77824730240108,14.6839146725366,0.592903810824598,2.45017678173696,6.34162370276028,1.28515297436699,7,1.0,-0.229863546198713,0.797843,1104.25,5.89684,0.454127,0.758196,0.596046,4-12A,8.97748579111647,11.1811753946843,12.051101629319,8.97748579111647,2,0,6.14285714285714,57-59-60-63,0-2-3-6,0.8391245603561401,0.9543594717979431,0.5445740222930908,0.27446216344833374,0.1371692419052124,0.725537896156311,0.3989616334438324
225,te63c,3.09895104895105,0.651,0.119,bowl18,4,te63c,,,58,55,66,11,0.0645502645502646,0.621098311109278,0.522359002525111,2.54195563720897,0.113183732353235,-5.93016794670639,13.081880759045,0.670623420657792,2.27966895532301,5.31626164440704,1.13225649554268,7,1.0,-0.355376864087943,0.811133,1103.91,10.4195,0.677873,0.753326,0.405198,4-3,8.97748579111647,11.1811753946843,12.051101629319,8.97748579111647,2,0,3.57142857142857,55-57-58-66,0-2-3-11,0.8833847045898438,0.9384739398956299,0.5208168625831604,0.23752370476722717,0.13192512094974518,0.7624763250350952,0.3805873990058899
226,te64c,3.09895104895105,0.596,0.109,bowl18,4,te64c,,,58,55,67,12,0.0548148148148148,0.759117620523861,0.610642420173434,2.29128784747792,0.264822356401948,-5.18016794670639,13.081880759045,0.528932856297371,1.68568898846662,3.75281438622379,1.02888298411229,4,1.0,0.119827133909833,0.803973,1121.75,4.12104,0.754661,0.780807,0.631412,3-2B,8.97748579111647,11.1811753946843,12.051101629319,8.97748579111647,1,1,3.57142857142857,55-57-58-67,0-2-3-12,0.6906196475028992,0.8457562923431396,0.4901120960712433,0.2795161306858063,0.20435267686843872,0.7204838991165161,0.504372239112854
227,te102c,3.09895104895105,0.75,0.137,bowl18,4,te102c,,,60,57,63,6,0.114444444444444,0.62087737611148,0.549232913137562,2.54195563720897,0.0301393385058033,-4.83952542686021,15.5570656762735,0.575095351836705,2.42011535412876,6.2348188416713,1.20719121854065,7,1.0,-0.201013659928298,0.793792,1112.66,6.56674,0.386656,0.793602,0.285402,4-12B,8.97748579111647,11.1811753946843,12.051101629319,8.97748579111647,2,0,6.14285714285714,57-60-61-63,0-3-4-6,0.754798948764801,0.9468326568603516,0.5718340277671814,0.3114568293094635,0.15648315846920013,0.6885431408882141,0.40799203515052795
228,te127c,3.09895104895105,0.75,0.137,bowl18,4,te127c,,,60,55,64,9,0.16,0.693042188490329,0.620735576199436,2.16024689946929,0.0683054503368882,-5.09113199415007,18.500573190789,0.474410527101747,2.04140028405389,4.85245724474409,1.08361039366854,7,1.0,0.0905446438464917,0.811701,1171.2,6.13669,0.715124,0.754957,0.556197,4-18A,8.97748579111647,8.54211806506909,9.48615227185748,8.97748579111647,2,0,6.14285714285714,55-58-63-64,0-3-8-9,0.7250197529792786,0.9159430861473083,0.5032552480697632,0.28938642144203186,0.16618868708610535,0.7106136083602905,0.45544180274009705
229,te156c,3.09895104895105,0.702,0.128,bowl18,4,augmented triad + m7,,,60,54,64,10,0.0926984126984127,0.713211751073517,0.555940435146082,2.36643191323985,0.0902508365448294,-4.61440934524794,35.9627889954623,0.370133176302537,1.96359115692237,4.4064681402271,1.15386196141714,7,4.67969707469813,0.676954270061646,0.826834,1115.35,5.52677,0.451072,0.775619,0.442271,4-24,8.97748579111647,6.82446656799475,5.92641823842481,8.97748579111647,2,0,6.14285714285714,54-58-62-64,0-4-8-10,0.7069642543792725,0.935386061668396,0.4461026191711426,0.3072572946548462,0.16167132556438446,0.6927427053451538,0.3972017168998718
230,te162c,3.09895104895105,0.702,0.128,bowl18,4,te162c,,,60,53,64,11,0.0577777777777778,0.70305787527733,0.62355296685609,2.36643191323985,0.0808677736186429,-5.59968592298455,18.500573190789,0.540197021265029,1.98428447963568,4.36164519163665,1.04714407961733,12,1.0,0.0017970059187225,0.77722,1103.58,7.6142,0.573328,0.746272,0.698491,4-5A,8.97748579111647,11.1811753946843,12.051101629319,8.97748579111647,3,0,6.14285714285714,53-57-63-64,0-4-10-11,0.7231054306030273,0.8597419261932373,0.5709174275398254,0.30718204379081726,0.20702765882015228,0.6928179264068604,0.5126248598098755
231,te56c,2.9951048951049,0.711,0.13,bowl18,4,te56c,,,60,58,62,4,0.0292824074074074,0.651043182393322,0.547222968169106,2.44948974278318,0.0054224942812744,-6.43016794670639,15.5570656762735,0.845574954004069,2.76954236394148,7.27309118037638,1.35855145247681,12,1.0,-0.585500559111764,0.82381,1171.54,10.1625,0.477857,0.775626,0.370484,4-2B,8.97748579111647,11.1811753946843,12.051101629319,8.97748579111647,3,0,6.14285714285714,58-60-61-62,0-2-3-4,0.8753249049186707,0.9690027236938477,0.48909705877304077,0.19215428829193115,0.09546007961034775,0.8078457117080688,0.37556707859039307
232,te105c,2.9951048951049,0.711,0.13,bowl18,4,te105c,,,60,56,65,9,0.0145833333333333,0.693042188490329,0.620735576199436,2.36643191323985,0.0995976215797402,-5.43016794670639,14.6839146725366,0.459693001094125,2.09237578801145,5.22879378652537,1.0163469343975,7,1.0,0.114387186976721,0.756784,992.21,8.18846,0.3722,0.670587,0.400763,4-18B,8.97748579111647,11.1811753946843,12.051101629319,8.97748579111647,2,0,6.14285714285714,56-59-60-65,0-3-4-9,0.6994307041168213,0.8990893959999084,0.5010280609130859,0.23447391390800476,0.15433591604232788,0.7655260562896729,0.41871291399002075
233,te155c,2.9951048951049,0.661,0.121,bowl18,4,augmented triad + M6,,,60,54,63,9,0.0880952380952381,0.754353510193137,0.636943902696878,2.36643191323985,0.0701417602957814,-5.82640857188668,17.4622158046733,0.440714466490359,2.06524816793888,4.9263132005162,1.2140912083755,7,1.0,0.25426207794749,0.81732,1115.35,9.37775,0.717665,0.760097,0.226859,4-19A,8.97748579111647,7.96229956981614,7.01414902690538,8.97748579111647,2,0,6.14285714285714,54-58-62-63,0-4-8-9,0.7442421913146973,0.9158012866973877,0.5140644907951355,0.3161163926124573,0.17696577310562134,0.6838836073875427,0.4123459756374359
234,te218c,2.9951048951049,0.802,0.146,bowl18,4,te218c,,,62,52,64,12,0.0269212962962963,0.759117620523861,0.610642420173434,2.29128784747792,0.182542670552346,-3.53840779852542,16.4821369405355,0.468465770081475,1.64280507179446,3.97535861599784,1.19140953627083,4,1.0,0.21778443395572,0.76592,1112.32,9.87186,0.582309,0.744823,0.391694,3-2A,8.97748579111647,11.1811753946843,12.051101629319,8.97748579111647,1,1,8.71428571428571,52-61-62-64,0-9-10-12,0.5709511041641235,0.7983853816986084,0.4155215620994568,0.1655161827802658,0.1871752291917801,0.834483802318573,0.5466291904449463
235,tr2c,2.9940559451049,0.758098044,0.138409133,bowl18,3,tr2c,,,60,59,62,3,0.163888888888889,0.759117620523861,0.610642420173434,2.29128784747792,0.086270993649075,-4.15254579366392,14.6839146725366,0.571013054295732,1.41759450795293,3.79637265138737,1.21200403667554,4,1.0,0.0516567814209075,0.785615,1002.3,6.38167,0.596724,0.730966,0.193773,3-2A,8.97748579111647,11.1811753946843,12.051101629319,8.97748579111647,1,1,6.14285714285714,59-60-62,0-1-3,0.8597784042358398,0.9134745001792908,0.46370112895965576,0.13542981445789337,0.10608725994825363,0.8645702004432678,0.31627464294433594
236,tr46c,2.9940559451049,0.606478435,0.110727306,bowl18,3,tr46c,,,61,55,62,7,0.0224537037037037,0.842879489623361,0.685685156085516,2.04939015319192,0.172709827984724,-4.23808183922204,16.4821369405355,0.411021602379273,1.08882617084722,2.77830069510094,0.930445832629445,4,1.0,0.459934304978876,0.741628,883.198,9.53502,0.572254,0.689175,0.479985,3-5A,8.97748579111647,11.1811753946843,12.051101629319,8.97748579111647,1,1,7.42857142857143,55-61-62,0-6-7,0.5301111340522766,0.6881250143051147,0.5377848148345947,0.16902472078800201,0.25473490357398987,0.8309752345085144,0.4133501648902893
237,tr59c,2.88916083811189,0.556053417,0.101521,bowl18,3,tr59c,,,61,53,64,11,0.0491666666666667,0.768245513873647,0.609609079857976,2.20139815711603,0.129412791178781,-4.6552614282207,52.4449259359978,0.304574903277797,0.959781181868559,1.99508733911559,0.972669502966671,7,1.0,0.499536272706544,0.76814,1052.1,4.80967,0.577295,0.725307,0.578662,3-3B,8.97748579111647,11.1811753946843,12.051101629319,8.97748579111647,2,0,7.42857142857143,53-61-64,0-8-11,0.4804075062274933,0.7137855291366577,0.5496761798858643,0.24659067392349243,0.27036499977111816,0.7534092664718628,0.41904115676879883
238,te25c,2.88811188811189,0.615,0.112,bowl18,4,te25c,,,58,56,66,10,0.114285714285714,0.62087737611148,0.549232913137562,2.36643191323985,0.122069133462311,-5.9493718459691,12.3476512100274,0.494074164173324,2.08932218800666,5.03100920641962,1.04168916676686,7,1.0,-0.0697585046578997,0.791107,1103.91,7.48008,0.3671,0.771471,0.45742,4-12A,8.97748579111647,11.1811753946843,12.051101629319,8.97748579111647,2,0,3.57142857142857,56-57-60-66,0-1-4-10,0.822823703289032,0.916694700717926,0.5399389863014221,0.26215025782585144,0.15484319627285004,0.737849771976471,0.3647826015949249
239,te44c,2.88811188811189,0.49,0.089,bowl18,4,te44c,,,59,55,66,11,0.0861111111111111,0.70305787527733,0.62355296685609,2.36643191323985,0.156936137592436,-6.36440934524794,11.6546307990979,0.524162442816317,1.88626546570723,4.33035284723708,1.10835516882855,12,1.0,0.0277731875161246,0.756531,929.629,12.0085,0.579194,0.678657,0.475256,4-5B,8.97748579111647,11.1811753946843,12.051101629319,8.97748579111647,3,0,4.85714285714286,55-56-62-66,0-1-7-11,0.6423420310020447,0.8493382334709167,0.5065377950668335,0.22915329039096832,0.18205836415290833,0.7708466649055481,0.39985284209251404
240,te73c,2.88811188811189,0.615,0.112,bowl18,4,te73c,,,60,57,63,6,0.015,0.719599648918748,0.62006263665824,2.36643191323985,0.0260976663907169,-5.59400590385953,17.4622158046733,0.554225366598221,2.29706988803046,5.87099377791616,1.13797423712892,12,1.0,0.0085140363147761,0.776057,1102.9,9.88473,0.602573,0.725958,0.506523,4-15B,8.97748579111647,11.1811753946843,12.051101629319,8.97748579111647,3,0,6.14285714285714,57-59-62-63,0-2-5-6,0.8717887997627258,0.9568538665771484,0.4994984269142151,0.2616691589355469,0.13055536150932312,0.7383307814598083,0.40180134773254395
241,te137c,2.88811188811189,0.718,0.131,bowl18,4,te137c,,,60,56,62,6,0.0283564814814815,0.70305787527733,0.62355296685609,2.36643191323985,0.0472909937768808,-6.44776527867924,15.5570656762735,0.731280860589046,2.51636820358019,6.49013445183919,1.10983212532364,12,1.0,-0.307760774255281,0.761439,1050.08,10.6206,0.45396,0.732118,0.440583,4-5B,8.97748579111647,11.1811753946843,12.051101629319,8.97748579111647,3,0,6.14285714285714,56-60-61-62,0-4-5-6,0.8381845951080322,0.9489029049873352,0.550635814666748,0.18927207589149475,0.1063670888543129,0.8107280731201172,0.36399704217910767
242,tr12c,2.78426573426573,0.723973709,0.13217891,bowl18,3,tr12c,,,60,58,61,3,0.0949074074074074,0.759117620523861,0.610642420173434,2.29128784747792,0.0369472030425443,-5.1329145639794,15.5570656762735,0.587695947212129,1.45551988646657,3.87023907811907,1.29847329126214,4,1.0,0.0246303237343238,0.839269,1314.2,5.81231,0.645619,0.828195,0.538341,3-2B,8.97748579111647,11.1811753946843,12.051101629319,8.97748579111647,1,1,6.14285714285714,58-60-61,0-2-3,0.8854112029075623,0.92549729347229,0.5645227432250977,0.20719021558761597,0.12757772207260132,0.792809784412384,0.3505418002605438
243,te4c,2.78426573426573,0.724,0.132,bowl18,4,te4c,,,60,58,64,6,0.0422222222222222,0.70305787527733,0.62355296685609,2.36643191323985,0.0742958428647081,-6.17448792758137,13.8597698690171,0.730936322750346,2.4404520203093,6.44043473109221,1.13525295623087,12,1.0,-0.307202619421722,0.836776,1240.51,7.17948,0.392952,0.77156,1.22944,4-5A,8.97748579111647,11.1811753946843,12.051101629319,8.97748579111647,3,0,6.14285714285714,58-59-60-64,0-1-2-6,0.8397874236106873,0.9348480105400085,0.47363078594207764,0.15967275202274323,0.10296028852462769,0.8403272032737732,0.37882232666015625
244,te19c,2.78426573426573,0.855,0.156,bowl18,4,te19c,,,57,55,67,12,0.163888888888889,0.759117620523861,0.610642420173434,2.29128784747792,0.261788663601315,-4.09113199415007,11.6546307990979,0.561556960258552,1.66673113379695,3.56181072632244,1.15033256703029,4,1.0,0.0669757507781356,0.783543,1132.85,13.1514,0.562206,0.743451,0.81984,3-2A,8.97748579111647,11.1811753946843,12.051101629319,8.97748579111647,1,1,2.28571428571429,55-56-58-67,0-1-3-12,0.6326747536659241,0.7769613265991211,0.5064374804496765,0.21639075875282288,0.22037948668003082,0.7836093306541443,0.5213960409164429
245,te48c,2.78426573426573,0.563,0.103,bowl18,4,te48c,,,58,54,65,11,0.0312830687830688,0.716183176770706,0.624640991381892,2.22287572090485,0.0499799464285441,-6.59113199415007,11.0005066350574,0.546570202881435,1.95002273976033,4.4208701615971,1.0656262508607,12,1.0,0.0148344205732333,0.76042,928.283,11.7038,0.571927,0.658168,0.409657,4-4B,8.97748579111647,11.1811753946843,12.051101629319,8.97748579111647,3,0,3.57142857142857,54-55-62-65,0-1-8-11,0.721580445766449,0.879504919052124,0.5218467116355896,0.24188554286956787,0.16905122995376587,0.7581144571304321,0.4500080943107605
246,te13c,2.68041958041958,0.728,0.133,bowl18,4,te13c,,,59,57,63,6,0.114074074074074,0.690686465348618,0.6227306588088,2.36643191323985,0.0589328156766113,-4.85872932612292,13.081880759045,0.57923900750741,2.38362660595923,6.1853304450873,1.26982473358733,3,1.0,-0.0834715772051731,0.838282,1310.83,4.37362,0.617726,0.829927,0.294188,4-13A,8.97748579111647,9.79488103356445,12.051101629319,8.97748579111647,1,1,4.85714285714286,57-58-60-63,0-1-3-6,0.7772443890571594,0.9479740262031555,0.5428363084793091,0.3006274104118347,0.15146653354167938,0.6993725895881653,0.37130483984947205
247,te16c,2.68041958041958,0.626,0.114,bowl18,4,te16c,,,58,56,65,9,0.0155555555555556,0.62087737611148,0.549232913137562,2.54195563720897,0.115483454884192,-4.84113199415007,12.3476512100274,0.589560202954557,2.25204948615045,5.51056399009417,1.26682160352039,7,1.0,-0.224446867144724,0.756783,1041.67,7.9424,0.342546,0.681307,0.384328,4-12B,8.97748579111647,11.1811753946843,12.051101629319,8.97748579111647,2,0,3.57142857142857,56-57-59-65,0-1-3-9,0.8482565879821777,0.9497389793395996,0.4816986918449402,0.24313433468341827,0.12741036713123322,0.7568657398223877,0.35576850175857544
248,te107c,2.68041958041958,0.568,0.104,bowl18,4,te107c,,,58,55,66,11,0.0453174603174603,0.715761225865772,0.619526938245365,2.36643191323985,0.103485115370176,-5.49144607116552,13.8597698690171,0.54056011817569,2.07296613864585,4.91872041291878,0.861167129112905,7,1.0,0.0238197790726109,0.795547,991.537,9.68496,0.523206,0.693661,0.444556,4-7,8.97748579111647,11.1811753946843,12.051101629319,8.97748579111647,2,0,3.57142857142857,55-58-59-66,0-3-4-11,0.710871160030365,0.8359764218330383,0.46294474601745605,0.24873492121696472,0.19790811836719513,0.7512650489807129,0.4126127362251282
249,te159c,2.68041958041958,0.626,0.114,bowl18,4,te159c,,,60,54,64,10,0.177142857142857,0.712418541856751,0.617308583056919,2.36643191323985,0.086147074939568,-5.03840779852542,18.500573190789,0.463779427957177,1.98985993396557,4.56456274049069,1.23116355981887,3,1.0,0.14225556272544,0.826028,1172.55,8.41814,0.768827,0.791573,0.407857,4-29A,8.97748579111647,11.1811753946843,12.051101629319,8.97748579111647,1,1,6.14285714285714,54-58-63-64,0-4-9-10,0.7265080213546753,0.9185048937797546,0.49450674653053284,0.29242148995399475,0.16586560010910034,0.7075784802436829,0.453652560710907
250,te195c,2.68041958041958,0.679,0.124,bowl18,4,te195c,,,60,53,63,10,0.0161111111111111,0.62087737611148,0.549232913137562,2.54195563720897,0.0429921192434832,-4.34400590385953,17.4622158046733,0.497435912873245,2.1383461545833,4.97012315703313,1.12588718641167,7,1.0,-0.0752045720424149,0.74924,991.537,8.85444,0.355602,0.671232,0.392374,4-12B,8.97748579111647,11.1811753946843,12.051101629319,8.97748579111647,2,0,6.14285714285714,53-59-62-63,0-6-9-10,0.8758116960525513,0.9437288045883179,0.5079450011253357,0.23100526630878448,0.12616482377052307,0.7689947485923767,0.3667197823524475
251,te208c,2.68041958041958,0.679,0.124,bowl18,4,te208c,,,60,52,63,11,0.045,0.716183176770706,0.624640991381892,2.22287572090485,0.0796526224884404,-6.18016794670639,17.4622158046733,0.545209288709655,2.07010986212349,4.70220960551717,1.0232623555059,12,1.0,0.0170391154941334,0.753413,993.219,11.1796,0.733524,0.725449,0.290271,4-4B,8.97748579111647,11.1811753946843,12.051101629319,8.97748579111647,3,0,6.14285714285714,52-59-62-63,0-7-10-11,0.825452446937561,0.9000084400177002,0.5385149121284485,0.261373907327652,0.1645444631576538,0.7386261224746704,0.4227258861064911
252,tr29c,2.57447552342657,0.571346464,0.104313115,bowl18,3,tr29c,,,58,55,66,11,0.141269841269841,0.768245513873647,0.609609079857976,2.20139815711603,0.211522855784755,-5.32192809488736,37.0841627681703,0.32192753005973,0.988156513980632,2.08095520782801,0.744205084024396,7,1.0,0.471424839286502,0.81069,987.836,9.95817,0.664264,0.742514,0.498322,3-3A,8.97748579111647,11.1811753946843,12.051101629319,8.97748579111647,2,0,3.57142857142857,55-58-66,0-3-11,0.534697949886322,0.7105918526649475,0.5672309994697571,0.2612294554710388,0.278136670589447,0.7387704849243164,0.38116052746772766
253,tr62c,2.57447552342657,0.507416263,0.092641111,bowl18,3,tr62c,,,62,53,64,11,0.123148148148148,0.759117620523861,0.610642420173434,2.29128784747792,0.188142605411941,-4.38997500048077,35.9627889954623,0.371798467199884,0.986197009533669,1.97651158476651,1.06668852269631,4,1.0,0.374386456404577,0.769354,1050.42,5.41636,0.599329,0.715089,0.364251,3-2B,8.97748579111647,11.1811753946843,12.051101629319,8.97748579111647,1,1,8.71428571428571,53-62-64,0-9-11,0.37410658597946167,0.6926177740097046,0.3681289851665497,0.17714378237724304,0.25528684258461,0.8228561282157898,0.4331783354282379
254,te21c,2.57342657342657,0.73,0.133,bowl18,4,te21c,,,60,57,63,6,0.12,0.719599648918748,0.62006263665824,2.22287572090485,0.0595431258011025,-6.02824730240108,13.081880759045,0.545099883993859,2.30208992763164,5.9384579236888,1.15310984702539,8,1.0,0.023297411758854,0.819396,1172.21,4.92379,0.502052,0.801967,0.19135,4-15A,8.97748579111647,11.1811753946843,12.051101629319,8.97748579111647,2,0,6.14285714285714,57-58-61-63,0-1-4-6,0.7960281372070312,0.9352570176124573,0.5135471820831299,0.30990535020828247,0.16280794143676758,0.6900947093963623,0.390328586101532
255,te26c,2.57342657342657,0.629,0.115,bowl18,4,te26c,,,58,55,66,11,0.0475,0.716183176770706,0.624640991381892,2.36643191323985,0.120569599306742,-6.18016794670639,11.6546307990979,0.550715649858609,2.07581997794447,4.8757890306124,0.94389453871829,12,1.0,0.0081187539390343,0.75106,991.2,12.3457,0.563076,0.669206,0.591377,4-4A,8.97748579111647,11.1811753946843,12.051101629319,8.97748579111647,3,0,3.57142857142857,55-56-59-66,0-1-4-11,0.7073614597320557,0.8484063148498535,0.5143800973892212,0.22975189983844757,0.1828569918870926,0.7702481746673584,0.3937661647796631
256,te95c,2.57342657342657,0.571,0.104,bowl18,4,te95c,,,60,54,64,10,0.177142857142857,0.751393406647986,0.640955610125411,2.22287572090485,0.04338324547368,-4.10416639998386,18.500573190789,0.563671608756396,2.02320568457821,4.5525872681194,1.31310132912995,3,1.0,0.0498014877260656,0.774782,1115.02,9.0262,0.668028,0.758904,0.347196,4-11A,8.97748579111647,11.1811753946843,12.051101629319,8.97748579111647,1,1,6.14285714285714,54-56-63-64,0-2-9-10,0.8145052194595337,0.8998437523841858,0.49563318490982056,0.2728745639324188,0.16924357414245605,0.7271254062652588,0.4468172490596771
257,te108c,2.57342657342657,0.629,0.115,bowl18,4,te108c,,,58,55,67,12,0.113333333333333,0.768245513873647,0.609609079857976,2.20139815711603,0.258092874703982,-4.82192809488736,13.8597698690171,0.413732561696027,1.58569825368292,3.62181006226349,0.828840382482064,7,1.0,0.322699746140624,0.78819,1091.46,3.9444,0.532677,0.717291,0.419798,3-3B,8.97748579111647,11.1811753946843,12.051101629319,8.97748579111647,2,0,3.57142857142857,55-58-59-67,0-3-4-12,0.641230583190918,0.7716579437255859,0.4652402997016907,0.2690780758857727,0.2446364462375641,0.7309219837188721,0.5238683223724365
258,tr3c,2.46958041958042,0.572351471,0.104496604,bowl18,3,tr3c,,,59,58,62,4,0.1,0.768245513873647,0.609609079857976,2.20139815711603,0.148317540980799,-5.57355726227518,13.8597698690171,0.454682958858085,1.31381788834172,3.57245440094625,0.878187993472573,7,1.0,0.256359682597963,0.814374,992.546,6.12559,0.585755,0.740831,0.21434,3-3A,8.97748579111647,11.1811753946843,12.051101629319,8.97748579111647,2,0,4.85714285714286,58-59-62,0-1-4,0.7381091713905334,0.8381070494651794,0.4517456889152527,0.23252853751182556,0.19014722108840942,0.7674714922904968,0.34402623772621155
259,te2c,2.46958041958042,0.63,0.115,bowl18,4,te2c,,,60,58,62,4,0.0438888888888889,0.651043182393322,0.547222968169106,2.44948974278318,0.0225377566817761,-6.36888982224726,13.8597698690171,0.846723473451425,2.77633790295949,7.35338254425612,1.31526922805717,12,1.0,-0.587361172399982,0.823437,1068.59,8.28559,0.479441,0.743963,0.81078,4-2A,8.97748579111647,11.1811753946843,12.051101629319,8.97748579111647,3,0,6.14285714285714,58-59-60-62,0-1-2-4,0.914482831954956,0.9731906652450562,0.46821489930152893,0.17185859382152557,0.08482902497053146,0.8281415104866028,0.3307003378868103
260,te41c,2.46958041958042,0.509,0.093,bowl18,4,te41c,,,60,56,64,8,0.0533333333333333,0.768208277291536,0.593454267320328,2.36643191323985,0.0247420280784649,-5.09113199415007,12.3476512100274,0.610868869484831,2.03586753405988,5.15837559898033,1.29263675254739,4,1.0,0.003270626684609,0.778339,1104.25,8.01323,0.597082,0.789992,0.591937,4-8,8.97748579111647,11.1811753946843,12.051101629319,8.97748579111647,1,1,6.14285714285714,56-57-63-64,0-1-7-8,0.8313228487968445,0.8819888830184937,0.6225036978721619,0.30645740032196045,0.1933896541595459,0.6935425996780396,0.43696117401123047
261,te134c,2.46958041958042,0.572,0.104,bowl18,4,te134c,,,60,53,64,11,0.0588888888888889,0.716183176770706,0.624640991381892,2.36643191323985,0.075635951624766,-6.01064997042823,18.500573190789,0.573626711852785,2.0353669512131,4.4489799651598,1.07659457661237,12,1.0,-0.0289974015529006,0.754477,1051.43,8.34716,0.713661,0.718314,0.530997,4-4A,8.97748579111647,11.1811753946843,12.051101629319,8.97748579111647,3,0,6.14285714285714,53-56-63-64,0-3-10-11,0.8314277529716492,0.8840225338935852,0.5692740678787231,0.3078681528568268,0.1927337497472763,0.6921318769454956,0.46025800704956055
262,te200c,2.46958041958042,0.63,0.115,bowl18,4,te200c,,,60,52,64,12,0.08,0.842879489623361,0.685685156085516,2.04939015319192,0.0877051542144604,-5.00904340313837,18.500573190789,0.391373278654144,1.43473076752144,3.2921988340043,1.17903059230982,4,1.0,0.491764791000133,0.804828,1172.21,10.2572,0.424603,0.803086,0.805992,3-5B,8.97748579111647,9.79488103356445,12.051101629319,8.97748579111647,1,1,6.14285714285714,52-58-63-64,0-6-11-12,0.5535991191864014,0.7594790458679199,0.5296574234962463,0.2833167314529419,0.2576393187046051,0.7166832089424133,0.5861473679542542
263,te216c,2.46958041958042,0.572,0.104,bowl18,4,te216c,,,62,52,64,12,0.0766666666666667,0.768245513873647,0.609609079857976,2.20139815711603,0.118371466300831,-4.82192809488736,18.500573190789,0.411438662952583,1.5405773093712,3.68833282719427,1.0973746111427,7,1.0,0.32641588563979,0.79128,1159.76,10.7641,0.51136,0.789753,0.671795,3-3B,8.97748579111647,11.1811753946843,12.051101629319,8.97748579111647,2,0,8.71428571428571,52-60-63-64,0-8-11-12,0.6703563928604126,0.7709524035453796,0.6669066548347473,0.31048527359962463,0.26162266731262207,0.6895147562026978,0.5719861388206482
264,te5c,2.36573426573427,0.571,0.104,bowl18,4,suspended 2nd + m2,,,58,57,64,7,0.0144444444444444,0.759801626740419,0.69035941032465,2.29128784747792,0.139355416168643,-6.9493718459691,13.081880759045,0.716311917246919,2.33031727032397,6.14198870258605,1.10698943944724,12,1.0,-0.182511388460554,0.827257,1171.54,5.85874,0.441423,0.780022,0.888959,4-6,8.97748579111647,11.1811753946843,12.051101629319,8.97748579111647,3,0,3.57142857142857,57-58-59-64,0-1-2-7,0.7527255415916443,0.9004103541374207,0.4713439643383026,0.20087024569511414,0.14010187983512878,0.7991297841072083,0.4064987897872925
265,te6c,2.36573426573427,0.571,0.104,bowl18,4,te6c,,,58,57,65,8,0.0157407407407407,0.70305787527733,0.62355296685609,2.36643191323985,0.121176305821584,-6.77985386969094,13.081880759045,0.74116588028342,2.32019184445579,5.97519559895698,1.10449712163816,12,1.0,-0.323774607577826,0.805458,1102.23,6.18694,0.286917,0.707843,0.543467,4-5B,8.97748579111647,11.1811753946843,12.051101629319,8.97748579111647,3,0,3.57142857142857,57-58-59-65,0-1-2-8,0.8275931477546692,0.9331542253494263,0.5040892362594604,0.1786884367465973,0.11158277839422226,0.8213115930557251,0.401297003030777
266,te101c,2.36573426573427,0.571,0.104,bowl18,4,te101c,,,60,57,62,5,0.0300462962962963,0.716183176770706,0.624640991381892,2.22287572090485,0.0323644067628973,-6.51064997042823,15.5570656762735,0.741399883371476,2.59913558402415,6.83164158870434,1.16339463409927,12,1.0,-0.300791660721059,0.793647,1103.91,11.328,0.458876,0.7653,0.299738,4-4B,8.97748579111647,11.1811753946843,12.051101629319,8.97748579111647,3,0,6.14285714285714,57-60-61-62,0-3-4-5,0.7784390449523926,0.9382646083831787,0.5215291976928711,0.21187624335289001,0.12179174274206161,0.7881237268447876,0.39440202713012695
267,te183c,2.36573426573427,0.507,0.093,bowl18,4,te183c,,,60,53,64,11,0.0611111111111111,0.759801626740419,0.69035941032465,2.29128784747792,0.0562877968451851,-6.61888982224726,18.500573190789,0.537203823024695,1.97612195706392,4.36338620703454,1.24972024955759,12,1.0,0.107645561780604,0.806679,1171.88,7.9586,0.639017,0.752597,0.553937,4-6,8.97748579111647,11.1811753946843,12.051101629319,8.97748579111647,3,0,6.14285714285714,53-58-63-64,0-5-10-11,0.6244921684265137,0.8724682927131653,0.5401532649993896,0.3245173692703247,0.206325963139534,0.6754826903343201,0.4599063992500305
268,te212c,2.36573426573427,0.629,0.115,bowl18,4,te212c,,,62,53,64,11,0.0308796296296296,0.621098311109278,0.522359002525111,2.54195563720897,0.0391879882577154,-5.68016794670639,16.4821369405355,0.624904378223618,2.17669898721508,4.94039768543136,1.21486559845196,7,1.0,-0.28131154627943,0.75947,1051.09,8.55315,0.493162,0.699108,0.502283,4-3,8.97748579111647,11.1811753946843,12.051101629319,8.97748579111647,2,0,8.71428571428571,53-61-62-64,0-8-9-11,0.7189640402793884,0.9080613851547241,0.465681791305542,0.17339874804019928,0.12452270090579987,0.8266012072563171,0.4150150716304779
269,tr7c,2.36468531573427,0.507416263,0.092641111,bowl18,3,tr7c,,,58,57,65,8,0.0948148148148148,0.898206959300817,0.709916008353518,2.04939015319192,0.243304544803478,-3.90689059560852,13.081880759045,0.409181944338068,1.00970675456524,2.60700602319439,0.866632741628004,3,1.0,0.561393240468185,0.818555,1103.58,3.63735,0.73743,0.756407,0.758477,3-4B,8.97748579111647,11.1811753946843,12.051101629319,8.97748579111647,1,1,3.57142857142857,57-58-65,0-1-8,0.5504683256149292,0.6737585067749023,0.6201283931732178,0.26192817091941833,0.30051615834236145,0.738071858882904,0.4011697769165039
270,tr11c,2.36468531573427,0.571346464,0.104313115,bowl18,3,tr11c,,,56,55,67,12,0.125,0.941931969299263,0.707106787773168,2.04939015319192,0.380323071124105,-3.90689059560852,11.6546307990979,0.428667078328881,0.677076257915781,1.37467211556031,0.746575970632499,4,1.0,0.607654301946707,0.762604,1042.34,13.2553,0.450372,0.725201,1.23431,2-1,8.97748579111647,9.85758902795363,6.3296798252698,8.97748579111647,1,1,1.0,55-56-67,0-1-12,0.5086318850517273,0.4801119267940521,0.6045934557914734,0.10456632077693939,0.35375937819480896,0.8954336047172546,0.5764151215553284
271,te7c,2.25874125874126,0.568,0.104,bowl18,4,te7c,,,58,57,66,9,0.0158730158730159,0.716183176770706,0.624640991381892,2.22287572090485,0.151095863842728,-6.76513044742754,13.081880759045,0.723218415616223,2.25041814830813,5.71118650761251,1.07487368248033,12,1.0,-0.271337496420552,0.809013,1113.0,5.84748,0.6513,0.755502,0.550932,4-4B,8.97748579111647,11.1811753946843,12.051101629319,8.97748579111647,3,0,3.57142857142857,57-58-59-66,0-1-2-9,0.7757929563522339,0.9030135869979858,0.49986520409584045,0.1811637580394745,0.1306573897600174,0.8188362717628479,0.41683951020240784
272,te37c,2.25874125874126,0.504,0.092,bowl18,4,te37c,,,60,56,65,9,0.0301851851851852,0.693042188490329,0.620735576199436,2.36643191323985,0.0589785908091293,-5.42448792758137,12.3476512100274,0.458016862072061,1.97879655347111,4.84553818786556,1.00889632413312,7,1.0,0.117102549389202,0.75729,932.993,10.4504,0.55048,0.687329,0.441198,4-18B,8.97748579111647,11.1811753946843,12.051101629319,8.97748579111647,2,0,6.14285714285714,56-57-62-65,0-1-6-9,0.7542896270751953,0.9217802882194519,0.538699209690094,0.3170478641986847,0.17375093698501587,0.6829521656036377,0.37553897500038147
273,te98c,2.25874125874126,0.626,0.114,bowl18,4,te98c,,,60,54,65,11,0.0616666666666667,0.651043182393322,0.547222968169106,2.44948974278318,0.0176121573886383,-6.03840779852542,19.600674520134,0.664777931018957,2.09971339949017,4.46380726931532,1.21233955775489,12,1.0,-0.292607526946769,0.769675,1042.34,9.29349,0.496897,0.708721,0.595167,4-2A,8.97748579111647,11.1811753946843,12.051101629319,8.97748579111647,3,0,6.14285714285714,54-56-64-65,0-2-10-11,0.8364510536193848,0.9254088401794434,0.4738919138908386,0.19681298732757568,0.12347987294197083,0.8031870722770691,0.43178611993789673
274,te165c,2.25874125874126,0.568,0.104,bowl18,4,suspended 4th + tt,,,60,55,62,7,0.027662037037037,0.759801626740419,0.69035941032465,2.29128784747792,0.0963507711375122,-6.52824730240108,15.5570656762735,0.706332248908357,2.37425214640262,6.08181104255847,1.15833071257654,12,1.0,-0.166344223363355,0.760438,983.125,11.4337,0.556033,0.697191,0.478785,4-6,8.97748579111647,11.1811753946843,12.051101629319,8.97748579111647,3,0,6.14285714285714,55-60-61-62,0-5-6-7,0.7377843856811523,0.9061716198921204,0.5244120359420776,0.19477277994155884,0.13420617580413818,0.8052271604537964,0.36659950017929077
275,te198c,2.25874125874126,0.679,0.124,bowl18,4,te198c,,,61,53,64,11,0.0152777777777778,0.70305787527733,0.62355296685609,2.36643191323985,0.0606366905503393,-6.19776527867924,18.500573190789,0.541498582494567,2.01240198084305,4.48588394315242,1.10032549604245,12,1.0,-0.0003115366267981,0.761712,1051.09,8.41914,0.338207,0.694785,0.424993,4-5B,8.97748579111647,11.1811753946843,12.051101629319,8.97748579111647,3,0,7.42857142857143,53-59-63-64,0-6-10-11,0.7411006093025208,0.8953858017921448,0.5805171132087708,0.35146310925483704,0.20335370302200317,0.6485369205474854,0.4134206771850586
276,tr6c,2.1548951048951,0.498272879,0.090971765,bowl18,3,tr6c,,,58,57,64,7,0.0444444444444444,0.842879489623361,0.685685156085516,2.04939015319192,0.224661754929809,-5.15254579366392,13.081880759045,0.410713862182823,1.05089251051002,2.78514374994136,0.921339328017332,4,1.0,0.460432847254458,0.846304,1321.26,3.8624,0.303183,0.888291,0.345706,3-5B,8.97748579111647,9.79488103356445,12.051101629319,8.97748579111647,1,1,3.57142857142857,57-58-64,0-1-7,0.5447039008140564,0.688114583492279,0.5915948152542114,0.25827842950820923,0.29044264554977417,0.7417215704917908,0.39051946997642517
277,te1c,2.1548951048951,0.621,0.113,bowl18,4,te1c,,,60,58,61,3,0.0159375,0.605158702580908,0.523491557266986,2.64575131106459,0.0,-7.52985386969094,13.8597698690171,1.05831201836206,3.04223995040492,8.15266640821507,1.49658917308896,12,1.0,-1.01180765580008,0.817483,1172.21,7.45466,0.425396,0.752961,0.817965,4-1,8.97748579111647,11.1811753946843,12.051101629319,8.97748579111647,3,0,6.14285714285714,58-59-60-61,0-1-2-3,0.9639014005661011,0.986122727394104,0.5327628254890442,0.1493343859910965,0.06806011497974396,0.8506655693054199,0.3391372561454773
278,te11c,2.1548951048951,0.675,0.123,bowl18,4,te11c,,,60,58,62,4,0.0148611111111111,0.621098311109278,0.522359002525111,2.54195563720897,0.0,-6.09113199415007,13.8597698690171,0.774559516405975,2.71214077242397,7.2132929364067,1.34012403679454,7,1.0,-0.523754405556551,0.805644,1085.41,8.64451,0.562921,0.724069,0.69323,4-3,8.97748579111647,11.1811753946843,12.051101629319,8.97748579111647,2,0,6.14285714285714,58-59-61-62,0-1-3-4,0.8226543664932251,0.9502103924751282,0.40145355463027954,0.16903750598430634,0.09748873114585876,0.8309625387191772,0.34950533509254456
279,te35c,2.1548951048951,0.563,0.103,bowl18,4,te35c,,,60,56,63,7,0.03,0.740980563989747,0.570429584445242,2.36643191323985,0.0141698529159413,-6.35872932612292,12.3476512100274,0.628080052393781,2.18528981343371,5.63307962464204,1.12254905594421,12,1.0,-0.0730749164679392,0.769124,1103.24,10.4699,0.322734,0.751916,0.376362,4-9,8.97748579111647,11.1811753946843,12.051101629319,8.97748579111647,3,0,6.14285714285714,56-57-62-63,0-1-6-7,0.8282273411750793,0.9033132791519165,0.5437185168266296,0.24532607197761536,0.156142458319664,0.7546738982200623,0.3942893147468567
280,te46c,2.1548951048951,0.563,0.103,bowl18,4,te46c,,,60,55,64,9,0.166666666666667,0.715761225865772,0.619526938245365,2.36643191323985,0.0111744716850231,-5.48737261933036,11.6546307990979,0.635311143322858,2.09116287607173,5.06275866629449,1.15961825723148,7,1.0,-0.129677853785984,0.75839,1011.39,10.4367,0.521581,0.720347,0.73421,4-7,8.97748579111647,11.1811753946843,12.051101629319,8.97748579111647,2,0,6.14285714285714,55-56-63-64,0-1-8-9,0.8510440587997437,0.8883919715881348,0.6061403155326843,0.2622925043106079,0.17188185453414917,0.7377075552940369,0.4616405963897705
281,te55c,2.1548951048951,0.621,0.113,bowl18,4,te55c,,,59,53,65,12,0.0585714285714286,0.743182429003022,0.604909608600869,2.29128784747792,0.0217806920818584,-6.76064997042823,10.3830956393153,0.660962210128204,1.57533659363557,3.30846223624518,1.13416249069918,12,1.0,-0.122425197795789,0.774538,1029.89,9.25574,0.510492,0.679019,0.991889,3-1,8.97748579111647,11.1811753946843,12.051101629319,8.97748579111647,3,0,4.85714285714286,53-54-64-65,0-1-11-12,0.6992006301879883,0.8089843392372131,0.4714764952659607,0.11800023913383484,0.16180948913097382,0.8819997310638428,0.5663620233535767
282,te91c,2.1548951048951,0.563,0.103,bowl18,4,te91c,,,60,55,64,9,0.0555555555555556,0.719599648918748,0.62006263665824,2.22287572090485,0.0548737125221411,-5.86888982224726,18.500573190789,0.541903556000332,2.0265907668007,4.75708466639486,1.15950067678791,8,1.0,0.0284754959018383,0.775501,1103.24,6.67242,0.549732,0.748862,0.558628,4-15A,8.97748579111647,11.1811753946843,12.051101629319,8.97748579111647,2,0,6.14285714285714,55-57-63-64,0-2-8-9,0.8505950570106506,0.9107383489608765,0.4883807897567749,0.24050483107566833,0.14975892007350922,0.759495198726654,0.45819416642189026
283,te191c,2.1548951048951,0.621,0.113,bowl18,4,te191c,,,61,54,63,9,0.0904761904761905,0.62087737611148,0.549232913137562,2.36643191323985,0.0310790590416616,-5.52824730240108,17.4622158046733,0.565849023831747,2.22940214295751,5.29715214540601,1.34438728868845,7,1.0,-0.186034513695413,0.796662,1114.68,10.1405,0.448081,0.752533,0.355362,4-12A,8.97748579111647,11.1811753946843,12.051101629319,8.97748579111647,2,0,7.42857142857143,54-60-62-63,0-6-8-9,0.8612688183784485,0.9557498693466187,0.48871880769729614,0.22552993893623352,0.11676207184791565,0.7744700908660889,0.3832674026489258
284,te18c,2.05104895104895,0.615,0.112,bowl18,4,te18c,,,58,56,67,11,0.0158333333333333,0.651043182393322,0.547222968169106,2.44948974278318,0.0935074442181464,-6.19489136896978,12.3476512100274,0.680067434327858,2.24202191445487,5.1792329981222,1.30794480271742,12,1.0,-0.317376679173405,0.767543,1103.91,11.1771,0.468037,0.72848,0.574732,4-2A,8.97748579111647,11.1811753946843,12.051101629319,8.97748579111647,3,0,3.57142857142857,56-57-59-67,0-1-3-11,0.8810011148452759,0.9514495134353638,0.4963861107826233,0.23713670670986176,0.12398498505353928,0.7628633379936218,0.35001325607299805
285,te28c,2.05104895104895,0.615,0.112,bowl18,4,te28c,,,60,57,63,6,0.0288888888888889,0.768208277291536,0.593454267320328,2.36643191323985,0.0145523265442239,-5.17448792758137,13.081880759045,0.625989515425771,2.28018830622483,5.98062318373391,1.17564358523,4,1.0,-0.0212249748734989,0.821388,1127.8,8.90386,0.501565,0.786404,0.19362,4-8,8.97748579111647,11.1811753946843,12.051101629319,8.97748579111647,1,1,6.14285714285714,57-58-62-63,0-1-5-6,0.8553186058998108,0.9343624711036682,0.5891054272651672,0.30039557814598083,0.15954071283340454,0.6996044516563416,0.37964102625846863
286,tr39c,2.05000000104895,0.668675135,0.122082818,bowl18,3,tr39c,,,61,56,62,6,0.0228009259259259,0.842879489623361,0.685685156085516,2.04939015319192,0.126101463061602,-5.0686995379986,16.4821369405355,0.428637020805321,1.16600789810624,3.00359910315065,1.02231813220497,4,2.38478053078751,0.57499677261634,0.744707,1042.34,9.04748,0.460644,0.726725,0.436828,3-5B,8.97748579111647,9.79488103356445,12.051101629319,8.97748579111647,1,1,7.42857142857143,56-61-62,0-5-6,0.6056023240089417,0.7734650373458862,0.5001388788223267,0.1477525383234024,0.19502198696136475,0.852247416973114,0.40353792905807495
287,te17c,1.94405594405594,0.547,0.1,bowl18,4,te17c,,,58,56,66,10,0.016031746031746,0.723176680602415,0.621537043992771,2.22287572090485,0.194022853338905,-5.27985386969094,12.3476512100274,0.561623748580685,2.11428145826368,5.12645580784967,1.11421494974128,3,1.0,0.0028954248116817,0.766493,1103.24,6.84547,0.684486,0.718555,0.512076,4-10,8.97748579111647,11.1811753946843,12.051101629319,8.97748579111647,1,1,3.57142857142857,56-57-59-66,0-1-3-10,0.7306569814682007,0.8989978432655334,0.4709945023059845,0.28021782636642456,0.17268849909305573,0.7197821736335754,0.37296754121780396
288,te42c,1.94405594405594,0.479,0.088,bowl18,4,te42c,,,59,55,64,9,0.0861111111111111,0.719599648918748,0.62006263665824,2.36643191323985,0.115529692324076,-5.51064997042823,11.6546307990979,0.515711040005168,2.00140643974344,4.79239546776718,1.15972880339441,12,1.0,0.0709076405422144,0.755437,984.135,9.77422,0.603373,0.699577,0.814745,4-15B,8.97748579111647,11.1811753946843,12.051101629319,8.97748579111647,3,0,4.85714285714286,55-56-62-64,0-1-7-9,0.725446879863739,0.9032054543495178,0.5276326537132263,0.31028619408607483,0.18219125270843506,0.6897138357162476,0.39992737770080566
289,te53c,1.94405594405594,0.479,0.088,bowl18,4,te53c,,,60,54,65,11,0.0629365079365079,0.605158702580908,0.523491557266986,2.64575131106459,0.0087664907260057,-7.1993718459691,11.0005066350574,0.767197137317434,2.18123844689071,4.80831030509475,1.18458214694473,12,1.0,-0.540198561746951,0.769016,983.125,9.8046,0.354362,0.679829,0.547992,4-1,8.97748579111647,11.1811753946843,12.051101629319,8.97748579111647,3,0,6.14285714285714,54-55-64-65,0-1-10-11,0.8241534233093262,0.9162173271179199,0.44905126094818115,0.12480159103870392,0.1001901850104332,0.8751983642578125,0.4886060655117035
290,te213c,1.94405594405594,0.479,0.088,bowl18,4,te213c,,,60,52,64,12,0.0272916666666667,0.768245513873647,0.609609079857976,2.20139815711603,0.214079441617965,-4.90689059560852,15.5570656762735,0.40260894601167,1.59669164232876,3.87412243757331,0.930340056941756,7,1.0,0.340720117674604,0.788772,1159.09,8.18154,0.545557,0.781423,0.288796,3-3A,8.97748579111647,11.1811753946843,12.051101629319,8.97748579111647,2,0,6.14285714285714,52-60-61-64,0-8-9-12,0.6320832967758179,0.7755275964736938,0.5928821563720703,0.2424803376197815,0.23167559504508972,0.7575196623802185,0.54254150390625
291,te220c,1.94405594405594,0.661,0.121,bowl18,4,te220c,,,62,51,63,12,0.0273148148148148,0.743182429003022,0.604909608600869,2.29128784747792,0.092954839767067,-6.18016794670639,16.4821369405355,0.672042742432265,1.81666721101559,4.45326124924254,1.22685874794699,12,1.0,-0.140375773811667,0.73052,1096.17,10.4852,0.414917,0.752736,0.231664,3-1,8.97748579111647,11.1811753946843,12.051101629319,8.97748579111647,3,0,8.71428571428571,51-61-62-63,0-10-11-12,0.783507764339447,0.8761754631996155,0.48542097210884094,0.10799825936555862,0.11749407649040222,0.8920016884803772,0.6438872218132019
292,dy1c,1.89370629370629,0.542,0.099,bowl18,2,minor 2nd,,,60,59,60,1,0.125,0.941931969299263,0.707106787773168,2.04939015319192,0.0973320958807261,-3.90689059560852,14.6839146725366,0.486300084176412,0.59835260327581,1.71640733569443,1.12274987222776,4,1.0,0.514288241174479,0.799898,1234.79,4.46382,0.472533,0.784662,0.410347,2-1,8.97748579111647,9.85758902795363,6.3296798252698,8.97748579111647,1,1,6.14285714285714,59-60,0-1,0.8357612490653992,0.7228708863258362,0.6047108769416809,0.05695486441254616,0.18905940651893616,0.9430450797080994,0.32530462741851807
293,te201c,1.84020979020979,0.535,0.098,bowl18,4,te201c,,,62,54,63,9,0.0312996031746032,0.716183176770706,0.624640991381892,2.36643191323985,0.04991808673404,-6.01064997042823,16.4821369405355,0.707345212707136,2.27943260937167,5.56156012518293,1.25273354752828,12,1.0,-0.245622744853013,0.771325,1112.32,9.82038,0.661263,0.736674,0.236083,4-4A,8.97748579111647,11.1811753946843,12.051101629319,8.97748579111647,3,0,8.71428571428571,54-61-62-63,0-7-8-9,0.7892168164253235,0.9038767218589783,0.4850914478302002,0.16853997111320496,0.12508994340896606,0.8314599990844727,0.3988720178604126
294,te214c,1.73636363636364,0.45,0.082,bowl18,4,te214c,,,61,52,63,11,0.0922222222222222,0.651043182393322,0.547222968169106,2.44948974278318,0.0386900947087954,-6.01064997042823,17.4622158046733,0.670140056993022,2.25338238470267,5.01385353039984,1.21529114641351,12,1.0,-0.301294226038733,0.776143,1156.4,11.3914,0.477453,0.760323,0.382022,4-2B,8.97748579111647,11.1811753946843,12.051101629319,8.97748579111647,3,0,7.42857142857143,52-60-62-63,0-8-10-11,0.893628716468811,0.9596207737922668,0.4969175159931183,0.2164357304573059,0.1108018308877945,0.7835642695426941,0.4008353650569916
295,tr8c,1.73531468636364,0.449776445,0.082117568,bowl18,3,tr8c,,,57,56,65,9,0.0933333333333333,0.768245513873647,0.609609079857976,2.20139815711603,0.251082132167707,-4.90689059560852,12.3476512100274,0.439504856270482,1.08723695628604,2.66433509205418,0.97649953381376,7,1.0,0.280948364513155,0.759224,1042.68,7.97144,0.641291,0.712125,0.860978,3-3B,8.97748579111647,11.1811753946843,12.051101629319,8.97748579111647,2,0,2.28571428571429,56-57-65,0-1-9,0.6486442685127258,0.7593439221382141,0.5855002999305725,0.2711322009563446,0.25284650921821594,0.7288678288459778,0.3746153712272644
296,tr61c,1.63041957937063,0.430183067,0.078540323,bowl18,3,tr61c,,,62,53,63,10,0.025,0.759117620523861,0.610642420173434,2.29128784747792,0.0790864634491098,-3.41558019949771,17.4622158046733,0.464303359940674,1.11145958512668,2.47689320623725,1.14734980454313,4,1.0,0.224527581089033,0.755864,1047.05,8.78904,0.56939,0.697718,0.288722,3-2A,8.97748579111647,11.1811753946843,12.051101629319,8.97748579111647,1,1,8.71428571428571,53-62-63,0-9-10,0.6776608228683472,0.7912917137145996,0.4636802673339844,0.14124679565429688,0.1817236989736557,0.8587531447410583,0.44865354895591736
297,te8c,1.62937062937063,0.504,0.092,bowl18,4,te8c,,,58,56,66,10,0.126349206349206,0.651043182393322,0.547222968169106,2.44948974278318,0.0932304455554783,-6.59561247114939,12.3476512100274,0.778593340585582,2.37015666867866,5.81275926146157,1.18394789409798,12,1.0,-0.476989658160372,0.800906,1113.0,7.67927,0.451005,0.784122,0.380175,4-2B,8.97748579111647,11.1811753946843,12.051101629319,8.97748579111647,3,0,3.57142857142857,56-57-58-66,0-1-2-10,0.8918505907058716,0.9608243107795715,0.5498521327972412,0.20945818722248077,0.10728868842124939,0.7905418872833252,0.360042542219162
298,te50c,1.62937062937063,0.43,0.079,bowl18,4,te50c,,,59,54,64,10,0.186666666666667,0.621098311109278,0.522359002525111,2.54195563720897,0.0105623520602856,-5.84561247114939,11.0005066350574,0.675267333844174,2.1719411404157,5.01308019949737,1.26229676098019,7,1.0,-0.362900051095189,0.774917,992.546,9.64055,0.336969,0.724647,0.376363,4-3,8.97748579111647,11.1811753946843,12.051101629319,8.97748579111647,2,0,4.85714285714286,54-55-63-64,0-1-9-10,0.9020153284072876,0.9398640394210815,0.5291145443916321,0.20316490530967712,0.11734747886657715,0.79683518409729,0.4760439693927765
299,te211c,1.62937062937063,0.43,0.079,bowl18,4,te211c,,,62,53,63,10,0.0305555555555556,0.651043182393322,0.547222968169106,2.44948974278318,0.0380870188811241,-5.6993718459691,16.4821369405355,0.763520142591113,2.37292774552123,5.549909852687,1.23129439984393,12,1.0,-0.45257092276235,0.746693,1051.09,9.04023,0.498712,0.69444,0.412829,4-2A,8.97748579111647,11.1811753946843,12.051101629319,8.97748579111647,3,0,8.71428571428571,53-61-62-63,0-8-9-10,0.8467703461647034,0.9460312128067017,0.47793251276016235,0.1427888125181198,0.08949675410985947,0.857211172580719,0.40906643867492676
300,tr10c,1.52552447552448,0.484234198,0.088408664,bowl18,3,tr10c,,,56,55,66,11,0.15,0.743182429003022,0.604909608600869,2.29128784747792,0.189496828730979,-6.71190309536813,11.6546307990979,0.567932054007852,1.1366829133054,2.55998450324423,0.921566914818652,12,1.0,0.0282846095837076,0.762359,983.798,12.0176,0.38368,0.699208,0.691139,3-1,8.97748579111647,11.1811753946843,12.051101629319,8.97748579111647,3,0,1.0,55-56-66,0-1-11,0.6912708282470703,0.7677139639854431,0.5296499133110046,0.13135723769664764,0.19191452860832214,0.8686428070068359,0.40500354766845703
301,tr22c,1.52552447552448,0.406838102,0.074278135,bowl18,3,tr22c,,,61,58,62,4,0.022337962962963,0.768245513873647,0.609609079857976,2.20139815711603,0.127456895494213,-4.98859476155403,16.4821369405355,0.454592417223893,1.31171711920724,3.51673883112373,0.95435907298359,7,1.0,0.256506360974289,0.814979,1113.67,8.982,0.471342,0.78128,0.384599,3-3B,8.97748579111647,11.1811753946843,12.051101629319,8.97748579111647,2,0,7.42857142857143,58-61-62,0-3-4,0.6267175078392029,0.7950443029403687,0.43036407232284546,0.21486839652061462,0.20892079174518585,0.7851316928863525,0.3834999203681946
302,tr57c,1.52552447552448,0.406838102,0.074278135,bowl18,3,tr57c,,,62,54,63,9,0.0738095238095238,0.768245513873647,0.609609079857976,2.20139815711603,0.0996327106294701,-5.24022392894185,17.4622158046733,0.440541635462229,1.10708680315498,2.57458574779399,1.04727843451135,7,1.0,0.279268771585447,0.781637,1093.15,9.55851,0.497913,0.749094,0.22699,3-3A,8.97748579111647,11.1811753946843,12.051101629319,8.97748579111647,2,0,8.71428571428571,54-62-63,0-8-9,0.7507906556129456,0.7998519539833069,0.5634282231330872,0.2005464881658554,0.20030741393566132,0.7994535565376282,0.4366548955440521
303,tr64c,1.52552447552448,0.550861394,0.100573071,bowl18,3,tr64c,,,62,52,63,11,0.0766666666666667,0.743182429003022,0.604909608600869,2.29128784747792,0.0874575713564086,-6.46624789731273,17.4622158046733,0.577885416913508,1.15724702103121,2.45599211441322,0.985837431893731,12,1.0,0.0121600595577025,0.760116,993.219,10.9244,0.495798,0.756793,0.446331,3-1,8.97748579111647,11.1811753946843,12.051101629319,8.97748579111647,3,0,8.71428571428571,52-62-63,0-10-11,0.800157904624939,0.824715793132782,0.5705211758613586,0.1963355392217636,0.1837047040462494,0.8036644458770752,0.46562233567237854
304,tr66c,1.52552447552448,0.406838102,0.074278135,bowl18,3,tr66c,,,63,52,64,12,0.06,0.941931969299263,0.707106787773168,2.04939015319192,0.271832114529639,-3.0,18.500573190789,0.368707189323443,0.697242641595089,1.69000450590629,1.02679362376628,4,1.0,0.704789937307945,0.775467,1159.43,10.4622,0.541003,0.795489,0.752907,2-1,8.97748579111647,9.85758902795363,6.3296798252698,8.97748579111647,1,1,10.0,52-63-64,0-11-12,0.5401822924613953,0.5275607705116272,0.7610740065574646,0.38070881366729736,0.43574708700180054,0.6192911863327026,0.6761510372161865
305,te51c,1.52552447552448,0.484,0.088,bowl18,4,te51c,,,59,54,65,11,0.0646825396825397,0.651043182393322,0.547222968169106,2.44948974278318,0.0736942421510324,-6.18016794670639,11.0005066350574,0.631156979415616,2.05739292127171,4.47800202441529,1.22743822049654,12,1.0,-0.238141240407383,0.762513,936.021,10.7664,0.333774,0.673316,0.400071,4-2B,8.97748579111647,11.1811753946843,12.051101629319,8.97748579111647,3,0,4.85714285714286,54-55-63-65,0-1-9-11,0.8450927734375,0.9334441423416138,0.44615888595581055,0.1454300880432129,0.0981055498123169,0.8545699119567871,0.451603502035141
306,te217c,1.42167832167832,0.379,0.069,bowl18,4,te217c,,,62,52,63,11,0.0324305555555556,0.605158702580908,0.523491557266986,2.64575131106459,0.0410943358113857,-6.78840779852542,16.4821369405355,0.836933930662541,2.39933012764397,5.44770434107647,1.23600004604152,12,1.0,-0.653172882446877,0.751516,1111.99,12.0837,0.486108,0.738034,0.362483,4-1,8.97748579111647,11.1811753946843,12.051101629319,8.97748579111647,3,0,8.71428571428571,52-61-62-63,0-9-10-11,0.8868425488471985,0.9457836151123047,0.5009356737136841,0.15298497676849365,0.0937238335609436,0.8470150232315063,0.42886948585510254
307,tr9c,1.42062937167832,0.379049022,0.069204567,bowl18,3,tr9c,,,57,56,66,10,0.0971428571428571,0.759117620523861,0.610642420173434,2.29128784747792,0.271404107724043,-4.96353226275596,12.3476512100274,0.451847935362199,1.07052221030395,2.53667424674684,0.994511074576878,4,1.0,0.244705496695488,0.779837,1103.91,7.03938,0.560921,0.777907,0.722242,3-2B,8.97748579111647,11.1811753946843,12.051101629319,8.97748579111647,1,1,2.28571428571429,56-57-66,0-1-10,0.5420069098472595,0.7405000925064087,0.5368489027023315,0.2820549011230469,0.2685219347476959,0.7179450988769531,0.3802121579647064
308,te10c,1.21083916083916,0.403,0.074,bowl18,4,te10c,,,56,55,67,12,0.0588888888888889,0.743182429003022,0.604909608600869,2.29128784747792,0.176756283756527,-6.9493718459691,11.6546307990979,0.755743626376695,1.8108232428327,4.03074925872376,1.110428554323,12,1.0,-0.275972064550331,0.768965,1103.24,13.6334,0.456452,0.738333,1.19463,3-1,8.97748579111647,11.1811753946843,12.051101629319,8.97748579111647,3,0,1.0,55-56-57-67,0-1-2-12,0.7634317874908447,0.8522727489471436,0.5191165208816528,0.1996067762374878,0.1684790551662445,0.8003932237625122,0.4897155463695526
309,tr1c,1.10594405699301,0.253708132,0.046320556,bowl18,3,tr1c,,,60,59,61,2,0.0119791666666667,0.743182429003022,0.604909608600869,2.29128784747792,7.79090274787286e-05,-6.96353226275596,14.6839146725366,0.82163004057976,1.61290398152505,4.39147687267599,1.29936966577231,12,1.0,-0.382708731536289,0.785318,1112.66,7.03362,0.430907,0.743435,0.196813,3-1,8.97748579111647,11.1811753946843,12.051101629319,8.97748579111647,3,0,6.14285714285714,59-60-61,0-1-2,0.9485559463500977,0.9533209204673767,0.5824164748191833,0.10338736325502396,0.06936241686344147,0.8966126441955566,0.33191660046577454
310,te9c,1.0,0.183,0.033,bowl18,4,te9c,,,58,56,67,11,0.121481481481481,0.605158702580908,0.523491557266986,2.64575131106459,0.0785291888817822,-7.36888982224726,12.3476512100274,0.844077981548532,2.38301506304959,5.68433794051181,1.23148056742094,12,1.0,-0.664746318178233,0.803709,1172.55,11.9217,0.36579,0.795807,0.622739,4-1,8.97748579111647,11.1811753946843,12.051101629319,8.97748579111647,3,0,3.57142857142857,56-57-58-67,0-1-2-11,0.8300269842147827,0.940794825553894,0.5247899889945984,0.21540972590446472,0.12168698012828827,0.7845902442932129,0.36259207129478455
311,1a,10.0,,,jl12a,3,1a,,,64,48,67,19,0.6,0.928588602237831,0.702134069832943,1.87082869338697,0.519769829636504,-1.0,62.3678790688793,0.101648440683899,0.602828910994291,1.31057988627659,0.67214160741284,1,10.0,2.04696393101144,0.72884,1180.96,4.37656,0.703549,0.711884,0.665944,3-11B,2.69089884378532,0.632235176200951,5.26777642871505,2.69089884378532,1,1,5.26315789473684,48-64-67,,0.3144547641277313,0.4241580665111542,0.5208754539489746,0.36729195713996887,0.4924219846725464,0.6327080726623535,0.6280449032783508
312,5a,8.668,,,jl12a,3,5a,,,60,45,64,19,0.266666666666667,0.928588602237831,0.702134069832943,2.04939015319192,0.455707020708008,-2.32192809488736,68.0019916122713,0.128803563568726,0.707849490022623,1.38425478478287,0.705184694929758,3,8.71728717881205,1.86995699272508,0.766648,1215.28,2.99134,0.800363,0.758731,1.03165,3-11A,3.29198082096815,2.14376085786175,5.46355161449422,3.29198082096815,1,1,3.36842105263158,45-60-64,,0.33015456795692444,0.4647926390171051,0.6929494142532349,0.38096654415130615,0.4735110402107239,0.6190335154533386,0.658923864364624
313,2a,8.5348,,,jl12a,3,2a,,,74,55,77,22,0.138888888888889,0.934734306954438,0.70414111353318,1.92506684375924,0.578240371376003,-3.1329145639794,111.126927031193,0.074589593373978,0.386136268421503,0.92820969553347,0.712000381125401,3,4.99609207960734,1.58284081689199,0.813916,983.125,2.76598,0.721338,0.787286,0.82622,3-7B,3.87008572567373,6.41900145988659,12.051101629319,3.87008572567373,1,1,10.0,55-74-77,,0.18533749878406525,0.27689242362976074,0.6653230786323547,0.3628905415534973,0.5790207386016846,0.6371094584465027,0.5900695323944092
314,3a,8.2666,,,jl12a,3,3a,,,71,55,77,22,0.0805555555555556,0.802289788464618,0.631533057415607,2.04939015319192,0.33440578486149,-3.27126039707235,204.573161609884,0.11206878114276,0.443269519242041,0.775896423125211,0.683574118332764,3,1.0,0.8719943743888,0.858189,996.247,2.90402,0.654855,0.826825,0.973903,3-8A,8.97748579111647,11.1811753946843,12.051101629319,8.97748579111647,1,1,8.57894736842105,55-71-77,,0.20598597824573517,0.29736754298210144,0.481766939163208,0.22671449184417725,0.5122652649879456,0.7732855081558228,0.5899538993835449
315,8a,8.2666,,,jl12a,3,8a,,,64,48,71,23,0.333333333333333,0.898206959300817,0.709916008353518,2.04939015319192,0.413422069159436,-2.0,164.255744343254,0.128839355653157,0.471034124886584,0.733808426308011,0.593691979397684,3,1.94525976831915,1.11357310475943,0.802342,1315.88,3.45034,0.589889,0.777514,0.375245,3-4A,8.97748579111647,10.0825631060162,12.051101629319,8.97748579111647,1,1,5.26315789473684,48-64-71,,0.22218537330627441,0.3035338222980499,0.4294496774673462,0.4028535485267639,0.579021155834198,0.5971464514732361,0.6418470144271851
316,1c,8.0668,,,jl12a,3,1c,,,72,55,76,21,0.466666666666667,0.928588602237831,0.702134069832943,1.87082869338697,0.341175607878184,-1.58496250072116,136.003983224543,0.121968376818303,0.459726013277227,0.890832386232894,0.814111937390774,1,7.514147556966,1.75626632402753,0.745102,982.789,3.8764,0.665813,0.75425,0.69873,3-11B,2.69089884378532,0.632235176200951,5.26777642871505,2.69089884378532,1,1,9.05263157894737,55-72-76,,0.28237271308898926,0.3985927104949951,0.5486768484115601,0.13728740811347961,0.4157593250274658,0.862712562084198,0.5407056212425232
317,6b,7.867,,,jl12a,3,6b,,,55,48,65,17,0.263888888888889,1.05597977834256,0.763252924065916,1.98431348329844,0.417364583820844,-2.83061769877656,65.1849353405753,0.18117141368481,0.783509606800203,1.34171181185988,0.887512177294463,4,6.89028075835381,1.8224093270654,0.694325,842.823,5.06639,0.757301,0.604397,0.596761,3-9,8.97748579111647,4.09193223965683,9.97166008763918,8.97748579111647,1,1,1.0,48-55-65,,0.3111729621887207,0.6324977278709412,0.4157983064651489,0.4477686285972595,0.3996088206768036,0.5522313714027405,0.4542911648750305
318,1b,7.8004,,,jl12a,3,1b,,,67,52,72,20,0.3,0.928588602237831,0.702134069832943,1.87082869338697,0.267927479077406,-2.32192809488736,131.255694619448,0.178295513190401,0.538242196073793,0.90035428200565,0.634026229628612,1,7.17190398701256,1.62952564967078,0.756592,1159.09,4.09442,0.697563,0.80699,0.40737,3-11B,2.69089884378532,0.632235176200951,5.26777642871505,2.69089884378532,1,1,6.68421052631579,52-67-72,,0.3771696984767914,0.4558301866054535,0.46450352668762207,0.20557817816734314,0.40873318910598755,0.7944218516349792,0.5550395250320435
319,4a,7.7338,,,jl12a,3,4a,,,65,50,72,22,0.056712962962963,0.934734306954438,0.70414111353318,2.04939015319192,0.345168223208463,-3.1329145639794,174.022899168193,0.118618051216551,0.481803893332914,0.740525431211295,0.594731446734568,3,3.61954522428821,1.36876845682135,0.738342,1004.99,6.7118,0.649465,0.716081,0.926685,3-7A,8.97748579111647,7.54358923495796,12.051101629319,8.97748579111647,1,1,5.73684210526316,50-65-72,,0.19842220842838287,0.3580474555492401,0.5395586490631104,0.34885144233703613,0.5247121453285217,0.6511484980583191,0.6148605346679688
320,6c,7.4008,,,jl12a,3,6c,,,65,55,72,17,0.180555555555556,1.05597977834256,0.763252924065916,1.98431348329844,0.346570146368778,-3.41558019949771,153.230513442129,0.144481050092682,0.515034958795786,0.881186639680222,0.741973970124499,4,4.71482082989417,1.65625622028135,0.725529,785.625,5.12882,0.529389,0.664566,0.45005,3-9,8.97748579111647,4.09193223965683,9.97166008763918,8.97748579111647,1,1,5.73684210526316,55-65-72,,0.22697687149047852,0.3785058856010437,0.33512458205223083,0.25147390365600586,0.473486065864563,0.7485260963439941,0.5143051147460938
321,6a,7.3342,,,jl12a,3,6a,,,60,53,67,14,0.388888888888889,1.05597977834256,0.763252924065916,1.98431348329844,0.362392514051378,-2.91829583405449,87.0114495840967,0.117512984582952,0.585946671739636,1.15598605571186,0.600418398669707,4,5.50091134991306,1.78146114950718,0.787965,1152.03,3.48472,0.753648,0.734528,0.394958,3-9,8.97748579111647,4.09193223965683,9.97166008763918,8.97748579111647,1,1,3.36842105263158,53-60-67,,0.20246733725070953,0.37332579493522644,0.38911235332489014,0.49334993958473206,0.5733445286750793,0.5066500902175903,0.4783940017223358
322,13c,7.201,,,jl12a,3,13c,,,64,55,74,19,0.466666666666667,0.934734306954438,0.70414111353318,2.04939015319192,0.471796202965804,-2.38997500048077,133.629838921995,0.108227683973297,0.482506536289494,0.853579139037687,0.785022963159655,3,1.59639251268661,1.17580311190703,0.807522,991.2,4.40785,0.692307,0.7682,0.898059,3-7A,8.97748579111647,7.54358923495796,12.051101629319,8.97748579111647,1,1,5.26315789473684,55-64-74,,0.2438696324825287,0.3509421944618225,0.29082244634628296,0.19363552331924438,0.4668889045715332,0.8063644766807556,0.5287464261054993
323,7b,7.0678,,,jl12a,3,7b,,,59,55,72,17,0.154166666666667,0.898206959300817,0.709916008353518,2.04939015319192,0.38152168379137,-3.58496250072116,50.9439326371874,0.25662936255411,0.769313516659051,1.41485485890139,0.962870349939782,3,1.0,0.808529988106896,0.742326,988.172,6.26594,0.659357,0.70024,0.378501,3-4B,8.97748579111647,11.1811753946843,12.051101629319,8.97748579111647,1,1,2.89473684210526,55-59-72,,0.45506978034973145,0.6032619476318359,0.5029691457748413,0.2778855562210083,0.3491970896720886,0.7221144437789917,0.4056345522403717
324,4b,7.0012,,,jl12a,3,4b,,,60,53,74,21,0.194444444444444,0.934734306954438,0.70414111353318,2.04939015319192,0.578478476570723,-2.7233083338141,87.0114495840967,0.129619317710782,0.517723929660895,0.849902341111066,0.780190326635874,3,1.59639251268661,1.14114844577986,0.851242,1052.1,5.55211,0.738522,0.758073,0.532431,3-7A,8.97748579111647,7.54358923495796,12.051101629319,8.97748579111647,1,1,3.36842105263158,53-60-74,,0.15574967861175537,0.37220877408981323,0.3624665141105652,0.36626961827278137,0.5231825709342957,0.633730411529541,0.424591064453125
325,13b,7.0012,,,jl12a,3,13b,,,62,52,79,27,0.311111111111111,0.934734306954438,0.70414111353318,2.04939015319192,0.53871662299571,-3.1329145639794,128.850989460973,0.19136294788613,0.498437755829405,0.688071267019788,0.780706509531717,3,3.61954522428821,1.25092097787344,0.800577,1058.49,3.54987,0.603395,0.819488,0.385377,3-7A,8.97748579111647,7.54358923495796,12.051101629319,8.97748579111647,1,1,4.31578947368421,52-62-79,,0.24496640264987946,0.4057646095752716,0.4000071883201599,0.21447041630744934,0.44232940673828125,0.7855295538902283,0.5386643409729004
326,7a,6.9346,,,jl12a,3,7a,,,67,48,71,23,0.3,0.898206959300817,0.709916008353518,2.04939015319192,0.436005858945556,-2.0,101.887865274375,0.122779067729707,0.470201490092801,0.996708801765708,0.725913640990437,3,1.0,1.02536883899066,0.79235,1303.43,2.72945,0.714952,0.773208,0.582885,3-4B,8.97748579111647,11.1811753946843,12.051101629319,8.97748579111647,1,1,6.68421052631579,48-67-71,,0.25895944237709045,0.30252695083618164,0.6455802917480469,0.3238220512866974,0.5480126738548279,0.6761779189109802,0.6528626084327698
327,11b,6.8014,,,jl12a,3,11b,,,57,53,71,18,0.116666666666667,0.802289788464618,0.631533057415607,2.20139815711603,0.519164539802399,-3.70976100564832,45.3858842834981,0.234914263001347,0.786363998451109,1.44285399633925,0.803053181672125,3,1.0,0.672983433416093,0.84543,1104.25,4.68207,0.60623,0.812584,0.823079,3-8B,8.97748579111647,11.1811753946843,12.051101629319,8.97748579111647,1,1,1.94736842105263,53-57-71,,0.4891372621059418,0.6650950312614441,0.4420800805091858,0.23053158819675446,0.2931556701660156,0.7694684863090515,0.5126609206199646
328,5c,6.7348,,,jl12a,3,5c,,,69,52,72,20,0.1,0.928588602237831,0.702134069832943,2.04939015319192,0.259725146216779,-3.90689059560852,83.2511306011972,0.200828078659077,0.594003204207929,1.14104711230786,0.755906179767448,3,5.78116443842024,1.4488050951705,0.789312,1325.97,3.09028,0.659292,0.906628,0.492544,3-11A,3.29198082096815,2.14376085786175,5.46355161449422,3.29198082096815,1,1,7.63157894736842,52-69-72,,0.3857542872428894,0.5326308608055115,0.5361230373382568,0.18330253660678864,0.3537425398826599,0.8166974186897278,0.5700861215591431
329,13a,6.7348,,,jl12a,3,13a,,,64,50,67,17,0.177777777777778,0.934734306954438,0.70414111353318,2.04939015319192,0.243281202862146,-3.30827083453526,62.3678790688793,0.210968336873306,0.746470882855351,1.41462367652185,0.860344549101736,3,3.4869120493249,1.20540618888077,0.778388,1181.63,4.65321,0.776291,0.796353,0.965883,3-7A,8.97748579111647,7.54358923495796,12.051101629319,8.97748579111647,1,1,5.26315789473684,50-64-67,,0.38654959201812744,0.6668669581413269,0.4103095531463623,0.2936955690383911,0.3173580467700958,0.7063044309616089,0.557809591293335
330,9b,6.6664,,,jl12a,3,9b,,,65,50,71,21,0.0592592592592593,0.727581329514965,0.587538205311478,2.50998007960223,0.354768873306662,-3.3785697620348,144.65506982312,0.174384485030651,0.602406805907469,0.991310746554323,0.758829049040795,3,3.43773223440645,0.890856053232243,0.836347,1031.24,6.61168,0.612434,0.776726,0.920615,3-10,4.64377597831346,5.91848520577946,7.57376481484081,4.64377597831346,1,1,5.73684210526316,50-65-71,,0.3353155851364136,0.4994227886199951,0.6070783138275146,0.21896395087242126,0.3879319131374359,0.7810360193252563,0.617098867893219
331,3b,6.5998,,,jl12a,3,3b,,,65,59,79,20,0.0416666666666667,0.802289788464618,0.631533057415607,2.04939015319192,0.46337328010271,-3.5910464022399,102.286580804942,0.199270011458351,0.544418893806396,0.927196787375582,0.640234076812249,3,1.0,0.730727486616237,0.785542,990.864,4.05555,0.288097,0.718211,0.380476,3-8A,8.97748579111647,11.1811753946843,12.051101629319,8.97748579111647,1,1,5.73684210526316,59-65-79,,0.40064311027526855,0.5074533820152283,0.5676628351211548,0.20691512525081635,0.37829405069351196,0.7930848598480225,0.5071157813072205
332,5b,6.5332,,,jl12a,3,5b,,,64,48,69,21,0.233333333333333,0.928588602237831,0.702134069832943,2.04939015319192,0.28254254710028,-2.58496250072116,110.37244308713,0.122113416137904,0.553242458108639,0.961868563214069,0.814530924228724,3,5.90185056611313,1.58883862317707,0.768109,1325.64,3.41036,0.591776,0.79911,0.392281,3-11A,3.29198082096815,2.14376085786175,5.46355161449422,3.29198082096815,1,1,5.26315789473684,48-64-69,,0.19573168456554413,0.39044126868247986,0.39675402641296387,0.405216783285141,0.5278220176696777,0.5947831869125366,0.6208884716033936
333,2c,6.4666,,,jl12a,3,2c,,,67,53,74,21,0.185185185185185,0.934734306954438,0.70414111353318,1.92506684375924,0.39687086806559,-3.30827083453526,195.334099853066,0.139600515714515,0.450650934166143,0.685953259131531,0.660122104551648,3,3.06317911550661,1.2770823332573,0.810087,1052.1,4.39657,0.642781,0.739587,0.176278,3-7B,3.87008572567373,6.41900145988659,12.051101629319,3.87008572567373,1,1,6.68421052631579,53-67-74,,0.21157784759998322,0.3625926673412323,0.298066645860672,0.2508575916290283,0.48278743028640747,0.7491424679756165,0.5440480709075928
334,14a,6.4666,,,jl12a,3,14a,,,60,45,71,26,0.144444444444444,0.759117620523861,0.610642420173434,2.29128784747792,0.416696322782054,-3.79958123064606,151.625565300599,0.268945578510606,0.670288871132469,0.883313451838105,0.772441815613479,4,1.0,0.541009191324343,0.823901,1317.9,4.28304,0.753487,0.81379,1.1418,3-2B,8.97748579111647,11.1811753946843,12.051101629319,8.97748579111647,1,1,3.36842105263158,45-60-71,,0.4896065592765808,0.5691142678260803,0.5603405833244324,0.21900396049022675,0.3461330235004425,0.7809960246086121,0.607487142086029
335,9c,6.4,,,jl12a,3,9c,,,71,53,74,21,0.0962962962962963,0.727581329514965,0.587538205311478,2.50998007960223,0.329092096535574,-3.29472350636948,93.446234578691,0.19167547558817,0.556853180362466,1.07348154997646,0.855370362270329,3,3.27067796865568,0.845521198893678,0.87541,1176.92,4.22788,0.622593,0.811027,0.461048,3-10,4.64377597831346,5.91848520577946,7.57376481484081,4.64377597831346,1,1,8.57894736842105,53-71-74,,0.2859596312046051,0.41740527749061584,0.5745733976364136,0.210727259516716,0.43384772539138794,0.7892727255821228,0.5393911600112915
336,8b,6.3334,,,jl12a,3,8b,,,59,52,72,20,0.158333333333333,0.898206959300817,0.709916008353518,2.04939015319192,0.380979850576214,-3.32192809488736,82.1278721716271,0.27291261190985,0.648554626223255,0.998860819821858,0.808748928677465,3,1.59639251268661,0.843995949848638,0.756024,1145.63,4.2196,0.810119,0.773099,0.510476,3-4A,8.97748579111647,10.0825631060162,12.051101629319,8.97748579111647,1,1,2.89473684210526,52-59-72,,0.44756919145584106,0.4788074195384979,0.5419052243232727,0.16656099259853363,0.3793399930000305,0.8334389925003052,0.465131551027298
337,12b,6.3334,,,jl12a,3,12b,,,59,53,72,19,0.0527777777777778,0.842879489623361,0.685685156085516,2.04939015319192,0.461305281651587,-3.90474850588871,72.3275349115601,0.226160207989262,0.653317008671082,1.19380696590965,0.619051328862019,4,1.0,0.759411660519172,0.758627,1049.74,4.59855,0.422829,0.703382,0.403496,3-5A,8.97748579111647,11.1811753946843,12.051101629319,8.97748579111647,1,1,2.89473684210526,53-59-72,,0.4167260229587555,0.4648732542991638,0.5817499160766602,0.24927031993865967,0.4207841753959656,0.7507296800613403,0.4581242799758911
338,9a,6.0004,,,jl12a,3,9a,,,62,47,65,18,0.037037037037037,0.727581329514965,0.587538205311478,2.50998007960223,0.229497471341883,-3.78603390248028,55.5634635155963,0.245722437124728,0.83240214856424,1.53014409947571,0.735420805977697,3,5.39321941461327,0.978068873114913,0.704709,867.048,8.48546,0.566855,0.615259,0.682245,3-10,4.64377597831346,5.91848520577946,7.57376481484081,4.64377597831346,1,1,4.31578947368421,47-62-65,,0.44872793555259705,0.6501994729042053,0.5498412847518921,0.4228149950504303,0.37900638580322266,0.5771850347518921,0.666454017162323
339,12a,5.9338,,,jl12a,3,12a,,,65,48,71,23,0.120833333333333,0.842879489623361,0.685685156085516,2.04939015319192,0.355481413591029,-3.49728436544323,144.65506982312,0.204102216543192,0.58247661165897,0.953777406437225,0.783927269376331,4,1.0,0.795145832970899,0.775037,991.2,3.21003,0.715589,0.693071,0.920225,3-5A,8.97748579111647,11.1811753946843,12.051101629319,8.97748579111647,1,1,5.73684210526316,48-65-71,,0.3955422639846802,0.4611373543739319,0.5637421607971191,0.23390540480613708,0.4168797731399536,0.7660946249961853,0.6019405722618103
340,8c,5.8672,,,jl12a,3,8c,,,60,59,64,5,0.15,0.898206959300817,0.709916008353518,2.04939015319192,0.230107556905297,-3.90689059560852,14.6839146725366,0.401060347066044,1.13149660905848,3.08216396995537,0.919375340673232,3,1.0,0.574550311374281,0.807885,1213.6,4.57147,0.597311,0.763914,0.464964,3-4A,8.97748579111647,10.0825631060162,12.051101629319,8.97748579111647,1,1,3.36842105263158,59-60-64,,0.6726391911506653,0.724806010723114,0.5845321416854858,0.1645757555961609,0.23094670474529266,0.8354242444038391,0.3846048414707184
341,10a,5.8672,,,jl12a,3,10a,,,71,48,74,26,0.322222222222222,0.759117620523861,0.610642420173434,2.29128784747792,0.364204027466117,-2.91829583405449,93.446234578691,0.158115164386346,0.502153934932048,1.05419264720956,0.732411703365118,4,1.0,0.720555599296059,0.814293,1179.95,3.36389,0.613499,0.792046,0.4391,3-2A,8.97748579111647,11.1811753946843,12.051101629319,8.97748579111647,1,1,8.57894736842105,48-71-74,,0.22923912107944489,0.3586065173149109,0.5363624691963196,0.2515242099761963,0.4854457378387451,0.7484757900238037,0.6206724643707275
342,3c,5.8006,,,jl12a,3,3c,,,67,53,71,18,0.1,0.802289788464618,0.631533057415607,2.04939015319192,0.316123366351975,-3.43306933946243,101.887865274375,0.218431533389469,0.627180111203246,1.12044912441427,0.813968330662445,3,1.0,0.699685624495734,0.838121,1183.99,3.98141,0.638093,0.786243,0.259286,3-8A,8.97748579111647,11.1811753946843,12.051101629319,8.97748579111647,1,1,6.68421052631579,53-67-71,,0.41339918971061707,0.5118241906166077,0.5104645490646362,0.24748216569423676,0.39189836382865906,0.7525178790092468,0.5409242510795593
343,14c,5.8006,,,jl12a,3,14c,,,59,45,72,27,0.075,0.759117620523861,0.610642420173434,2.29128784747792,0.425597438448071,-4.46624789731273,136.941650628062,0.327657917978024,0.684875801658806,0.852188660965877,0.772126233330237,4,1.0,0.445894599014222,0.726127,1049.74,8.54299,0.652958,0.694187,0.687915,3-2B,8.97748579111647,11.1811753946843,12.051101629319,8.97748579111647,1,1,2.89473684210526,45-59-72,,0.46779099106788635,0.5398185849189758,0.5182182788848877,0.1962340623140335,0.35460251569747925,0.8037660121917725,0.5900627970695496
344,10b,5.5342,,,jl12a,3,10b,,,59,50,72,22,0.181944444444444,0.759117620523861,0.610642420173434,2.29128784747792,0.406768050086774,-3.41558019949771,100.109266669358,0.258138784315496,0.696532908079785,0.997714714998281,0.871412383856729,4,1.0,0.55851630879524,0.757928,1040.32,4.94257,0.634826,0.760983,0.827421,3-2A,8.97748579111647,11.1811753946843,12.051101629319,8.97748579111647,1,1,2.89473684210526,50-59-72,,0.544796347618103,0.6096444129943848,0.4260774254798889,0.16302742063999176,0.29942429065704346,0.8369726538658142,0.49724262952804565
345,17c,5.5342,,,jl12a,3,17c,,,60,59,63,4,0.0333333333333333,0.768245513873647,0.609609079857976,2.20139815711603,0.15680755904758,-5.57355726227518,14.6839146725366,0.446302040178057,1.27743441284239,3.48183511626708,1.01819893912646,7,1.0,0.269936856845594,0.783936,1240.18,5.08287,0.550885,0.757714,0.174988,3-3A,8.97748579111647,11.1811753946843,12.051101629319,8.97748579111647,2,0,3.36842105263158,59-60-63,,0.7559539675712585,0.8341988921165466,0.5730236768722534,0.21410343050956726,0.18512199819087982,0.7858965396881104,0.38591182231903076
346,18b,5.3344,,,jl12a,3,18b,,,59,56,72,16,0.0316666666666667,0.768245513873647,0.609609079857976,2.20139815711603,0.358897731264277,-4.6552614282207,39.2893018380895,0.265053068934478,0.809826409468577,1.59860341626992,0.778974321693143,7,1.0,0.563562049826172,0.740586,1043.01,4.62871,0.533098,0.739972,0.601679,3-3B,8.97748579111647,11.1811753946843,12.051101629319,8.97748579111647,2,0,2.89473684210526,56-59-72,,0.41034531593322754,0.603074848651886,0.4928477108478546,0.24612770974636078,0.3366062045097351,0.7538723349571228,0.46562501788139343
347,4c,5.2678,,,jl12a,3,4c,,,74,48,77,29,0.206018518518519,0.934734306954438,0.70414111353318,2.04939015319192,0.376047504280754,-2.97493750120193,111.126927031193,0.131502505758858,0.436756892691053,0.978815473161268,0.7081458972938,3,3.4869120493249,1.33414165058436,0.773356,1049.74,3.05902,0.615614,0.754853,0.478011,3-7A,8.97748579111647,7.54358923495796,12.051101629319,8.97748579111647,1,1,10.0,48-74-77,,0.22265760600566864,0.3577136695384979,0.5633705258369446,0.2556091248989105,0.48761552572250366,0.7443908452987671,0.6473907232284546
348,2b,5.0014,,,jl12a,3,2b,,,65,50,79,29,0.0555555555555556,0.934734306954438,0.70414111353318,1.92506684375924,0.52082824979571,-3.3785697620348,202.3958474743,0.16263567773555,0.461724910734866,0.560048797456726,0.803141281118456,3,2.38478053078751,1.16941623725803,0.797508,983.462,6.71389,0.615639,0.751159,0.935264,3-7B,3.87008572567373,6.41900145988659,12.051101629319,3.87008572567373,1,1,5.73684210526316,50-65-79,,0.20108142495155334,0.3936347961425781,0.4730966091156006,0.32921507954597473,0.495505154132843,0.6707849502563477,0.6491152048110962
349,12c,4.8664,,,jl12a,3,12c,,,60,59,65,6,0.0520833333333333,0.842879489623361,0.685685156085516,2.04939015319192,0.177038145881137,-4.40203287133193,14.6839146725366,0.41869905156443,1.08609259503807,2.88962359185613,0.906347282695922,4,1.0,0.447496758530347,0.769314,991.537,5.29041,0.226193,0.680118,0.38123,3-5A,8.97748579111647,11.1811753946843,12.051101629319,8.97748579111647,1,1,3.36842105263158,59-60-65,,0.7348957657814026,0.7882941365242004,0.5181223750114441,0.13909731805324554,0.18266244232654572,0.860902726650238,0.3776642382144928
350,7c,4.4668,,,jl12a,3,7c,,,60,59,67,8,0.141666666666667,0.898206959300817,0.709916008353518,2.04939015319192,0.240559107647061,-3.90689059560852,14.6839146725366,0.402050881715016,0.961426990894803,2.4799086194727,0.880247296442356,3,1.0,0.572945635080325,0.78453,1182.98,4.87838,0.575432,0.745156,0.1631,3-4B,8.97748579111647,11.1811753946843,12.051101629319,8.97748579111647,1,1,3.36842105263158,59-60-67,,0.6445907354354858,0.6383025646209717,0.5621017217636108,0.1252882331609726,0.26713377237319946,0.8747117519378662,0.4168824851512909
351,15a,4.3336,,,jl12a,3,15a,,,64,53,71,18,0.102777777777778,0.842879489623361,0.685685156085516,2.04939015319192,0.272283606105576,-4.57141517255537,155.013441196368,0.277022205104183,0.596409356769981,0.933287987045962,0.651052857576441,4,1.0,0.67701470336251,0.853938,1227.73,3.27198,0.613864,0.801856,0.75311,3-5B,8.97748579111647,9.79488103356445,12.051101629319,8.97748579111647,1,1,5.26315789473684,53-64-71,,0.34495091438293457,0.38373711705207825,0.48352980613708496,0.15521129965782166,0.43184223771095276,0.844788670539856,0.5690948367118835
352,11a,3.7342,,,jl12a,3,11a,,,65,47,69,22,0.0340277777777778,0.802289788464618,0.631533057415607,2.20139815711603,0.395377109023512,-3.54037870442488,90.7717685669961,0.202535992162407,0.636213865761387,1.13757951784914,0.695890542286216,3,1.0,0.725436564367577,0.757455,1242.2,4.35438,0.476641,0.71395,0.804398,3-8B,8.97748579111647,11.1811753946843,12.051101629319,8.97748579111647,1,1,5.73684210526316,47-65-69,,0.2989526391029358,0.4375429153442383,0.5739099979400635,0.3085823357105255,0.4609071910381317,0.6914176344871521,0.7367959022521973
353,10c,3.6676,,,jl12a,3,10c,,,60,59,62,3,0.163888888888889,0.759117620523861,0.610642420173434,2.29128784747792,0.086270993649075,-4.15254579366392,14.6839146725366,0.571013054295732,1.41759450795293,3.79637265138737,1.21200403667554,4,1.0,0.0516567814209075,0.782821,1001.29,6.41875,0.596842,0.729448,0.194347,3-2A,8.97748579111647,11.1811753946843,12.051101629319,8.97748579111647,1,1,3.36842105263158,59-60-62,,0.8597784042358398,0.9134745001792908,0.46370112895965576,0.13542981445789337,0.10608725994825363,0.8645702004432678,0.31627464294433594
354,14b,3.6676,,,jl12a,3,14b,,,60,59,69,10,0.05,0.759117620523861,0.610642420173434,2.29128784747792,0.258420019477504,-4.96353226275596,14.6839146725366,0.432519703549295,0.998447689001727,2.36035580333574,0.975675499934722,4,1.0,0.276017430534883,0.824903,1325.64,5.17388,0.474258,0.84817,1.46181,3-2B,8.97748579111647,11.1811753946843,12.051101629319,8.97748579111647,1,1,3.36842105263158,59-60-69,,0.6575573682785034,0.7457013130187988,0.5000091791152954,0.10616381466388702,0.19504474103450775,0.8938362002372742,0.4365081787109375
355,16,3.5344,,,jl12a,3,16,,,64,48,68,20,0.145,0.863664232550099,0.614699522067638,2.20139815711603,0.351879573162082,-3.6552614282207,85.6771406670752,0.182627763441707,0.646806099784726,1.17544437560248,0.872919219223057,7,4.17395806884735,1.19606452686322,0.75963,1250.94,4.45729,0.591818,0.753787,0.384532,3-12,5.63569907288043,7.5176137485547,8.20095402760895,5.63569907288043,2,0,5.26315789473684,48-64-68,,0.3140839636325836,0.41374143958091736,0.6593284010887146,0.3040987551212311,0.47339463233947754,0.6959012150764465,0.5701130628585815
356,11c,3.4678,,,jl12a,3,11c,,,71,57,77,20,0.0791666666666667,0.802289788464618,0.631533057415607,2.20139815711603,0.283553508702166,-4.04523642870147,204.573161609884,0.208390695885507,0.521817951111025,0.839567161359551,0.676800379731192,3,1.0,0.71595188426846,0.886686,1400.33,3.63986,0.575554,0.980689,0.833682,3-8B,8.97748579111647,11.1811753946843,12.051101629319,8.97748579111647,1,1,8.57894736842105,57-71-77,,0.30216360092163086,0.4466739594936371,0.38950610160827637,0.060722678899765015,0.3562847077846527,0.9392772912979126,0.6415115594863892
357,15b,3.4678,,,jl12a,3,15b,,,65,64,71,7,0.0736111111111111,0.842879489623361,0.685685156085516,2.04939015319192,0.194377993204958,-5.15254579366392,19.600674520134,0.382599621929495,0.894522637406774,2.36236982594469,0.745070207125525,4,1.0,0.505978204909437,0.860421,1051.76,3.6614,0.547336,0.785817,1.26986,3-5B,8.97748579111647,9.79488103356445,12.051101629319,8.97748579111647,1,1,5.73684210526316,64-65-71,,0.4773256480693817,0.5719144344329834,0.49255773425102234,0.10085749626159668,0.29719433188438416,0.8991425633430481,0.4296298027038574
358,18c,3.4678,,,jl12a,3,18c,,,60,59,68,9,0.03125,0.768245513873647,0.609609079857976,2.20139815711603,0.248717958797686,-4.90689059560852,14.6839146725366,0.425468446254442,1.01339820481272,2.48002767470605,0.957823366031704,7,1.0,0.303687492748953,0.809509,1251.28,4.72398,0.461241,0.804817,0.508164,3-3B,8.97748579111647,11.1811753946843,12.051101629319,8.97748579111647,2,0,3.36842105263158,59-60-68,,0.7805618047714233,0.7794240117073059,0.6254148483276367,0.09716878086328506,0.17121310532093048,0.9028312563896179,0.38687923550605774
359,15c,3.4012,,,jl12a,3,15c,,,64,59,77,18,0.040625,0.842879489623361,0.685685156085516,2.04939015319192,0.29949835392445,-5.0686995379986,82.6859062848079,0.259545107313572,0.617046227267767,1.03329605888205,0.643653652597338,4,2.38478053078751,0.848927407310792,0.802935,1067.24,2.93929,0.595193,0.794139,1.2035,3-5B,8.97748579111647,9.79488103356445,12.051101629319,8.97748579111647,1,1,5.26315789473684,59-64-77,,0.3699951171875,0.5142803192138672,0.4641450047492981,0.20013047754764557,0.3714839816093445,0.7998694777488708,0.508492648601532
360,17a,2.9332,,,jl12a,3,17a,,,63,48,71,23,0.0766666666666667,0.768245513873647,0.609609079857976,2.20139815711603,0.374679366392867,-4.6552614282207,180.314201071782,0.203114698090489,0.612255508641529,0.903559307581997,0.819790590244757,7,1.0,0.663902846064558,0.788687,1251.28,3.43617,0.684139,0.77642,0.446424,3-3A,8.97748579111647,11.1811753946843,12.051101629319,8.97748579111647,2,0,4.78947368421053,48-63-71,,0.37841302156448364,0.46509698033332825,0.6259181499481201,0.2999019920825958,0.44090262055397034,0.7000980377197266,0.60382080078125
361,19a,2.9332,,,jl12a,3,19a,,,62,48,73,25,0.0258680555555556,0.743182429003022,0.604909608600869,2.29128784747792,0.38201916050597,-5.96353226275596,162.851985267108,0.31933630154868,0.643619445265217,0.812116117288113,0.808311483428315,12,1.0,0.431012279093514,0.711703,919.199,4.88059,0.595712,0.687619,0.467268,3-1,8.97748579111647,11.1811753946843,12.051101629319,8.97748579111647,3,0,4.31578947368421,48-62-73,,0.44246143102645874,0.5323386192321777,0.4893105924129486,0.2570972144603729,0.3834356963634491,0.7429027557373047,0.5181646943092346
362,18a,2.8666,,,jl12a,3,18a,,,68,48,71,23,0.0725,0.768245513873647,0.609609079857976,2.20139815711603,0.298943899131621,-3.98859476155403,78.578603676179,0.234349945347242,0.617031388671605,1.17129681720394,0.770715815726281,7,1.0,0.613301425043334,0.803546,1316.55,3.87122,0.603949,0.820506,0.392098,3-3B,8.97748579111647,11.1811753946843,12.051101629319,8.97748579111647,2,0,7.15789473684211,48-68-71,,0.28896185755729675,0.41397783160209656,0.5522571802139282,0.22882778942584991,0.44314444065093994,0.7711721658706665,0.6123901605606079
363,17b,2.5336,,,jl12a,3,17b,,,59,51,72,21,0.0375,0.768245513873647,0.609609079857976,2.20139815711603,0.400796479461564,-5.24022392894185,91.3781587670216,0.278230463258336,0.714863640902095,1.07120597547741,0.8446724537799,7,1.0,0.542214535824981,0.75055,1058.16,5.69816,0.479037,0.764577,1.20672,3-3A,8.97748579111647,11.1811753946843,12.051101629319,8.97748579111647,2,0,2.89473684210526,51-59-72,,0.5164575576782227,0.6109890937805176,0.5694674849510193,0.22954711318016052,0.3252254128456116,0.7704529166221619,0.5134307146072388
364,19b,2.467,,,jl12a,3,19b,,,60,49,74,25,0.0513888888888889,0.743182429003022,0.604909608600869,2.29128784747792,0.548378827130644,-6.04523642870147,123.034249812163,0.29959724133061,0.617863966933991,0.83420779330115,0.880036896000685,12,1.0,0.462989759164267,0.843728,1314.2,4.20247,0.508689,0.888247,0.35449,3-1,8.97748579111647,11.1811753946843,12.051101629319,8.97748579111647,3,0,3.36842105263158,49-60-74,,0.2890802025794983,0.4346480667591095,0.5378366112709045,0.2461298555135727,0.43766310811042786,0.7538701295852661,0.49784934520721436
365,19c,1.0,,,jl12a,3,19c,,,61,50,72,22,0.0129050925925926,0.743182429003022,0.604909608600869,2.29128784747792,0.382170037472105,-6.1329145639794,130.350247018168,0.361421368540878,0.71310541042861,0.971686318317989,0.881622328513636,12,1.0,0.362834038784619,0.742138,1058.49,8.55707,0.32844,0.790511,0.655725,3-1,8.97748579111647,11.1811753946843,12.051101629319,8.97748579111647,3,0,3.84210526315789,50-61-72,,0.36650949716567993,0.512560248374939,0.5526155829429626,0.23168782889842987,0.38513892889022827,0.7683122158050537,0.5227630734443665
366,3,10.0,,,jl12b,4,3,,,63,48,67,19,0.377777777777778,0.851740027175046,0.675052507383902,2.10262993215139,0.238519312328351,-2.93872187554087,35.9627889954623,0.285845542679144,1.44992359561029,3.07987518443948,0.901785811487026,1,6.73742707433197,1.27345431157254,0.72605,991.537,5.52611,0.706077,0.685243,0.644613,4-22A,8.97748579111647,3.73225929214014,7.59675433306551,8.97748579111647,1,1,7.54545454545455,48-62-64-67,,0.4726743996143341,0.7624277472496033,0.3843527138233185,0.3121715784072876,0.2674120366573334,0.6878284215927124,0.6026532649993896
367,4a,9.92561983471074,,,jl12b,4,4a,,,63,48,71,23,0.4,0.751393406647986,0.640955610125411,2.22287572090485,0.245897372997514,-2.93872187554087,35.9627889954623,0.311816508053732,1.29194536450742,2.2885850733494,0.847410647930122,3,1.0,0.45780933483037,0.792188,1050.75,4.04408,0.590393,0.736214,0.387226,4-11A,8.97748579111647,11.1811753946843,12.051101629319,8.97748579111647,1,1,7.54545454545455,48-62-64-71,,0.3763847351074219,0.636961817741394,0.35856443643569946,0.3073190748691559,0.340750515460968,0.6926808953285217,0.6149833798408508
368,2,9.80165289256198,,,jl12b,4,2,,,62,48,67,19,0.2,0.815233587107258,0.593204732098434,2.16024689946929,0.193711827407081,-3.0,62.3678790688793,0.272531147485137,1.37616127203084,2.74465443005179,0.850222102164586,1,7.42894391227048,1.30175433313252,0.737754,1051.09,5.1969,0.61979,0.680368,0.317394,4-20,3.50094154161012,3.54780574500476,3.45232845091035,3.50094154161012,1,1,6.72727272727273,48-59-64-67,,0.5296328067779541,0.6578810214996338,0.5247665047645569,0.2508060932159424,0.3055938184261322,0.7491939067840576,0.556211531162262
369,5,9.05785123966942,,,jl12b,4,5,,,60,48,67,19,0.216666666666667,0.801958787793059,0.706575278810354,2.16024689946929,0.161946731305453,-3.43872187554087,46.7231172893455,0.330945704259223,1.47937768643041,2.90109779006665,0.870567129773568,1,6.04758256715958,1.0402489609926,0.725696,990.864,5.67409,0.613554,0.656623,0.251473,4-14B,8.97748579111647,5.17976051672319,12.051101629319,8.97748579111647,1,1,5.09090909090909,48-59-62-67,,0.47920700907707214,0.6956761479377747,0.43710392713546753,0.27261853218078613,0.2916417419910431,0.7273814082145691,0.5246548056602478
370,8a,8.98347107438017,,,jl12b,4,8a,,,60,48,67,19,0.144444444444444,0.907772360666524,0.672732400497647,2.22287572090485,0.191984389695071,-3.87744375108173,73.6647679174076,0.235439005297655,1.36946014910103,2.54055711905471,0.774352212070277,4,3.38557005074645,1.10726423921668,0.732976,1103.24,5.09717,0.700601,0.692416,0.570569,4-23,8.97748579111647,4.54785696140397,5.96660221624384,8.97748579111647,1,1,5.09090909090909,48-57-62-67,,0.3203705847263336,0.6468279361724854,0.36140620708465576,0.4057976305484772,0.3742222487926483,0.5942023992538452,0.5616079568862915
371,7a,8.85950413223141,,,jl12b,4,7a,,,60,48,67,19,0.266666666666667,0.83411290484838,0.588306983990921,2.16024689946929,0.231758967667753,-2.93872187554087,62.3678790688793,0.198415041509502,1.31432249041282,2.52456688554663,0.84116436737546,1,6.79247838232887,1.38942642551329,0.745211,1104.25,5.33085,0.679812,0.727907,0.692601,4-26,3.82007212224573,2.34742117126595,2.54958529563679,3.82007212224573,1,1,5.09090909090909,48-57-64-67,,0.3413906693458557,0.6275831460952759,0.44586181640625,0.36761683225631714,0.3704968988895416,0.6323831677436829,0.5921744108200073
372,7b,8.85950413223141,,,jl12b,4,7b,,,58,45,64,19,0.333333333333333,0.83411290484838,0.588306983990921,2.16024689946929,0.276759379461094,-2.93016794670639,65.627847309724,0.25436794255193,1.59241424013792,2.97361790398375,0.937729008802864,1,8.39084535786945,1.46453036611331,0.740469,1027.87,7.31348,0.690426,0.691128,0.736534,4-26,3.82007212224573,2.34742117126595,2.54958529563679,3.82007212224573,1,1,3.45454545454545,45-55-60-64,,0.393065869808197,0.6968365907669067,0.49485617876052856,0.38020193576812744,0.3339788317680359,0.6197980046272278,0.5891018509864807
373,1,8.66115702479339,,,jl12b,4,1,,,56,43,62,19,0.0944444444444444,0.728916578223825,0.644295763132923,2.04939015319192,0.179349854191,-3.93016794670639,46.7231172893455,0.294270500804394,1.7797791545125,3.32680722284184,0.947262592762722,1,8.42519428100781,1.21620831582848,0.752326,991.537,8.84141,0.4248,0.653853,0.62331,4-27B,3.09212901186637,2.41821647391762,2.60505692398376,3.09212901186637,1,1,1.81818181818182,43-53-59-62,,0.6247823238372803,0.7921848297119141,0.422382652759552,0.3238978683948517,0.2542482316493988,0.6761022210121155,0.5563457012176514
374,4b,8.04132231404959,,,jl12b,4,4b,,,61,52,71,19,0.377777777777778,0.751393406647986,0.640955610125411,2.22287572090485,0.242486265759961,-3.51064997042823,32.039202616809,0.39477140517536,1.51368975695041,2.84199578555431,0.956305867795775,3,1.0,0.323421550398271,0.838483,1171.88,5.68788,0.571886,0.832913,0.401114,4-11A,8.97748579111647,11.1811753946843,12.051101629319,8.97748579111647,1,1,5.90909090909091,52-60-62-71,,0.6354008913040161,0.7901493906974792,0.4143684506416321,0.23021571338176727,0.21799661219120026,0.7697843313217163,0.4945114850997925
375,9a,7.99173553719008,,,jl12b,4,9a,,,63,48,69,21,0.142592592592593,0.851740027175046,0.675052507383902,2.16024689946929,0.230611080412014,-3.87744375108173,35.9627889954623,0.290959797901706,1.32244647535749,2.50769526133038,0.957863213711146,3,1.0,0.670206740184665,0.759653,1315.88,3.84171,0.590588,0.749943,0.429763,4-22B,8.97748579111647,5.52518358386449,9.85387705198279,8.97748579111647,1,1,7.54545454545455,48-62-64-69,,0.3318454325199127,0.6436426639556885,0.3411868214607239,0.33943912386894226,0.34959009289741516,0.6605608463287354,0.6152443885803223
376,24,7.89256198347107,,,jl12b,4,24,,,56,44,62,18,0.0216666666666667,0.573024701164252,0.50979080012731,2.89827534923789,0.090239430009968,-4.02824730240108,46.7231172893455,0.359020315249135,1.93649900990022,3.48431937538391,1.04196197403739,7,3.95464558589437,0.370248244333211,0.752963,1042.34,7.83497,0.426541,0.650108,0.537419,4-28,5.02396217594065,7.77997801302219,5.31769973748165,5.02396217594065,2,0,1.81818181818182,44-53-59-62,,0.7215709686279297,0.9059567451477051,0.4716913402080536,0.38614484667778015,0.2108839452266693,0.6138551235198975,0.5650108456611633
377,10a,7.71900826446281,,,jl12b,4,10a,,,62,48,69,21,0.075,0.801958787793059,0.706575278810354,2.29128784747792,0.136219336823653,-4.18872187554087,82.6859062848079,0.293583762550247,1.31252516737602,2.27794833498478,0.893180080641017,3,1.0,0.577349086297117,0.766523,1294.35,4.61908,0.526762,0.738765,0.628931,4-14A,8.97748579111647,6.51773630057228,10.6648072681991,8.97748579111647,1,1,6.72727272727273,48-59-64-69,,0.32479315996170044,0.6123061180114746,0.3936828076839447,0.25706109404563904,0.3354407846927643,0.7429389357566833,0.5429598689079285
378,11a,7.64462809917355,,,jl12b,4,11a,,,60,48,69,21,0.0805555555555556,0.723176680602415,0.621537043992771,2.22287572090485,0.19814571008916,-4.62744375108173,46.7231172893455,0.36752280592105,1.46761456421821,2.57506993624265,0.846730005578916,3,1.0,0.317340943344061,0.75546,1183.65,5.51027,0.521088,0.712652,0.636137,4-10,8.97748579111647,11.1811753946843,12.051101629319,8.97748579111647,1,1,5.09090909090909,48-59-62-69,,0.4731239974498749,0.7304796576499939,0.3982626795768738,0.22851809859275818,0.25311943888664246,0.7714819312095642,0.5166494250297546
379,10b,7.24793388429752,,,jl12b,4,10b,,,60,45,64,19,0.0833333333333333,0.801958787793059,0.706575278810354,2.29128784747792,0.192694864002894,-4.43016794670639,14.6839146725366,0.443392256605424,1.77399504884501,3.80467273093793,1.00917896586571,3,4.9709074761972,0.746434829876807,0.764134,1103.91,7.81088,0.724299,0.699919,0.493442,4-14A,8.97748579111647,6.51773630057228,10.6648072681991,8.97748579111647,1,1,5.09090909090909,45-59-60-64,,0.6479414105415344,0.7767514586448669,0.5567604303359985,0.21936282515525818,0.2216942459344864,0.7806372046470642,0.6269955635070801
380,15b,7.17355371900826,,,jl12b,4,15b,,,60,47,65,18,0.0467592592592593,0.728916578223825,0.644295763132923,2.36643191323985,0.0966529084347092,-4.85872932612292,55.5634635155963,0.346569762643204,1.66843096453154,3.08805079688048,0.974731545825089,3,5.40872276234805,0.818679485318823,0.72851,883.198,8.50495,0.573795,0.641347,0.765604,4-27A,4.97985225373369,5.22017005506107,4.26829436647932,4.97985225373369,1,1,5.09090909090909,47-57-62-65,,0.6295843720436096,0.872944176197052,0.4713852107524872,0.3316658139228821,0.20889981091022491,0.6683341860771179,0.6411020755767822
381,8b,7.12396694214876,,,jl12b,4,8b,,,58,45,62,17,0.185185185185185,0.907772360666524,0.672732400497647,2.22287572090485,0.122831518676889,-4.36888982224726,32.039202616809,0.374806088280755,1.81099879570519,3.38640053060455,0.958657717714038,4,3.4869120493249,0.89199714539896,0.73297,983.462,7.3897,0.629956,0.663408,0.893647,4-23,8.97748579111647,4.54785696140397,5.96660221624384,8.97748579111647,1,1,3.45454545454545,45-55-60-62,,0.5215375423431396,0.8460607528686523,0.37722787261009216,0.38613128662109375,0.24681608378887177,0.6138687133789062,0.5163503885269165
382,13b,7.04958677685951,,,jl12b,4,13b,,,57,45,60,15,0.1,0.751393406647986,0.640955610125411,2.36643191323985,0.0547911268105154,-4.53840779852542,14.6839146725366,0.545919191179134,2.19762463819175,4.49092133097724,1.31502928974916,3,1.0,0.078560586336287,0.738076,991.537,9.57123,0.598272,0.650682,0.885308,4-11B,8.97748579111647,11.1811753946843,12.051101629319,8.97748579111647,1,1,2.63636363636364,45-55-59-60,,0.6624781489372253,0.885420024394989,0.4443087577819824,0.23257362842559814,0.16177743673324585,0.7674262523651123,0.47411856055259705
383,9b,6.97520661157025,,,jl12b,4,9b,,,62,50,69,19,0.075,0.851740027175046,0.675052507383902,2.16024689946929,0.208601253479697,-4.53840779852542,68.0019916122713,0.230597117246476,1.28466544566943,2.48542084000953,0.938415932578171,3,5.60887389773921,1.24592808671207,0.840902,1326.98,3.55447,0.559196,0.891727,0.579199,4-22B,8.97748579111647,5.52518358386449,9.85387705198279,8.97748579111647,1,1,6.72727272727273,50-60-64-69,,0.3891105353832245,0.6857554912567139,0.4328038990497589,0.2871825098991394,0.30341964960098267,0.7128175497055054,0.5911201238632202
384,12,6.65289256198347,,,jl12b,4,12,,,56,43,64,21,0.104166666666667,0.712418541856751,0.617308583056919,2.36643191323985,0.123313286311785,-4.53840779852542,72.3275349115601,0.38889005956831,1.74217544880092,2.88171655883468,0.991370234169811,3,1.0,0.263577107860299,0.75708,1000.96,6.17086,0.416117,0.65709,0.696143,4-29A,8.97748579111647,11.1811753946843,12.051101629319,8.97748579111647,1,1,1.81818181818182,43-53-59-64,,0.5451550483703613,0.7715203166007996,0.4420047104358673,0.30917128920555115,0.26075631380081177,0.6908286809921265,0.5214696526527405
385,6,6.57851239669422,,,jl12b,4,6,,,55,43,59,16,0.111111111111111,0.716686045757288,0.559941365521435,2.29128784747792,0.0976964211365848,-3.99592654816484,26.9416506280621,0.467358358893465,2.23132645556271,4.26152686016029,1.20353101377984,3,1.0,0.14405348891738,0.758464,1051.09,6.75436,0.471738,0.66582,0.732105,4-21,8.97748579111647,11.1811753946843,12.051101629319,8.97748579111647,1,1,1.0,43-53-57-59,,0.7283633947372437,0.9360397458076477,0.41272830963134766,0.3182857036590576,0.16569054126739502,0.6817142963409424,0.4457491338253021
386,15a,6.45454545454546,,,jl12b,4,15a,,,62,50,69,19,0.075,0.728916578223825,0.644295763132923,2.36643191323985,0.250343564302588,-4.11440934524794,90.7717685669961,0.226611468889483,1.31645334419397,2.50380667570629,0.857469944431605,3,5.11201769037551,0.982245289101881,0.782664,1240.85,6.93265,0.412745,0.742613,0.866529,4-27A,4.97985225373369,5.22017005506107,4.26829436647932,4.97985225373369,1,1,6.72727272727273,50-59-65-69,,0.5140619277954102,0.7036297917366028,0.511415421962738,0.25668787956237793,0.28049731254577637,0.7433120608329773,0.5580552816390991
387,14,6.30578512396694,,,jl12b,4,14,,,56,43,60,17,0.101388888888889,0.792841884635678,0.678210185899313,2.29128784747792,0.049810889430568,-4.53840779852542,14.6839146725366,0.508023726457025,2.05715537535841,4.03847154343353,1.17782986960941,4,1.0,0.213726753322194,0.76118,1050.42,7.25497,0.499499,0.657647,0.708609,4-16B,8.97748579111647,10.4880282141244,12.051101629319,8.97748579111647,1,1,1.81818181818182,43-53-59-60,,0.6901286244392395,0.8398939967155457,0.45828011631965637,0.2204732745885849,0.18425293266773224,0.7795267105102539,0.5012352466583252
388,13a,6.18181818181818,,,jl12b,4,13a,,,58,48,67,19,0.0777777777777778,0.751393406647986,0.640955610125411,2.36643191323985,0.281825256779865,-4.29248125036058,26.9416506280621,0.430183958669259,1.68695636685295,3.16880342512321,1.01435114859608,3,1.0,0.266052850414824,0.736605,1103.91,5.32015,0.604676,0.688725,0.773464,4-11B,8.97748579111647,11.1811753946843,12.051101629319,8.97748579111647,1,1,3.45454545454545,48-57-59-67,,0.5244627594947815,0.775018036365509,0.4129851758480072,0.23970763385295868,0.2308722585439682,0.7602924108505249,0.48417720198631287
389,19,5.8099173553719,,,jl12b,4,19,,,62,50,71,21,0.0724537037037037,0.690686465348618,0.6227306588088,2.36643191323985,0.128841843455296,-4.11888982224726,87.6026661324053,0.34192451417489,1.36528059425972,2.27952824131577,1.00743048355135,3,1.0,0.300980336776757,0.839595,1050.75,7.69757,0.64151,0.762951,0.811766,4-13A,8.97748579111647,9.79488103356445,12.051101629319,8.97748579111647,1,1,6.72727272727273,50-60-65-71,,0.5538522601127625,0.7824957966804504,0.47908180952072144,0.2425667941570282,0.22752924263477325,0.7574331164360046,0.5345396995544434
390,11b,5.68595041322314,,,jl12b,4,11b,,,60,50,69,19,0.0777777777777778,0.723176680602415,0.621537043992771,2.22287572090485,0.20571696636275,-4.53840779852542,14.6839146725366,0.451930233045236,1.65644336334648,3.37063941515456,0.971723940743489,3,1.0,0.180600045405247,0.811772,1325.3,6.2283,0.611823,0.81093,0.856553,4-10,8.97748579111647,11.1811753946843,12.051101629319,8.97748579111647,1,1,5.09090909090909,50-59-60-69,,0.6474469304084778,0.7638124227523804,0.4628866910934448,0.1359657347202301,0.19609880447387695,0.8640342950820923,0.5552639365196228
391,22,5.68595041322314,,,jl12b,4,22,,,62,48,68,20,0.04625,0.754353510193137,0.636943902696878,2.16024689946929,0.21377366467118,-3.99144607116552,82.6859062848079,0.315513347950443,1.38862452669585,2.51934967048009,0.985856971459472,7,2.67428545596906,0.630710019341064,0.759022,1189.37,5.10781,0.509952,0.703259,0.198851,4-19B,8.97748579111647,8.98395081734813,8.4675826908629,8.97748579111647,2,0,6.72727272727273,48-59-64-68,,0.3977864682674408,0.6128568053245544,0.5227022767066956,0.24595637619495392,0.33066850900650024,0.7540435791015625,0.5189432501792908
392,26b,5.61157024793388,,,jl12b,4,26b,,,64,52,68,16,0.0290740740740741,0.62087737611148,0.549232913137562,2.36643191323985,0.0939689809029977,-5.4493718459691,55.5634635155963,0.350898810039191,1.59177468479958,3.27568963483894,1.04996588429721,7,1.0,0.162187037980245,0.774578,993.219,8.30116,0.428082,0.71881,0.745035,4-12A,8.97748579111647,11.1811753946843,12.051101629319,8.97748579111647,2,0,8.36363636363636,52-62-65-68,,0.40408092737197876,0.7424182891845703,0.4809713661670685,0.2829444408416748,0.2677268087863922,0.7170555591583252,0.4721600413322449
393,23a,5.21487603305785,,,jl12b,4,23a,,,62,50,68,18,0.04625,0.713211751073517,0.555940435146082,2.36643191323985,0.159635324755792,-4.19776527867924,68.0019916122713,0.336399678691682,1.51385490786894,2.8421613829804,1.06287819791003,7,1.0,0.350023915245033,0.824834,1313.86,4.48501,0.524893,0.841779,0.488979,4-24,8.97748579111647,6.82446656799475,5.92641823842481,8.97748579111647,2,0,6.72727272727273,50-60-64-68,,0.5976630449295044,0.8043912649154663,0.5585004687309265,0.2474794238805771,0.2163570076227188,0.7525206208229065,0.48304617404937744
394,23b,5.21487603305785,,,jl12b,4,23b,,,65,52,72,20,0.0791666666666667,0.713211751073517,0.555940435146082,2.36643191323985,0.178680855378123,-4.11440934524794,107.946433021252,0.286464988741566,1.24941388581707,2.24346365354013,1.15332101188747,7,4.67969707469813,0.812497592323651,0.77058,1159.09,5.41584,0.555318,0.800407,0.254636,4-24,8.97748579111647,6.82446656799475,5.92641823842481,8.97748579111647,2,0,9.18181818181818,52-62-68-72,,0.3852815628051758,0.6732149720191956,0.4344657063484192,0.17847448587417603,0.26746082305908203,0.8215255737304688,0.509415864944458
395,30,5.21487603305785,,,jl12b,4,30,,,64,45,71,26,0.0330555555555556,0.621098311109278,0.522359002525111,2.54195563720897,0.109342766691037,-4.93016794670639,78.578603676179,0.345335191411491,1.29328647658651,2.13790899008313,1.0433534600065,7,1.0,0.171593404661318,0.816425,1326.31,4.35895,0.743538,0.82808,0.99064,4-3,8.97748579111647,11.1811753946843,12.051101629319,8.97748579111647,2,0,8.36363636363636,45-60-68-71,,0.6022928953170776,0.7175112962722778,0.6393460035324097,0.2102658748626709,0.2535995841026306,0.7897341251373291,0.6514420509338379
396,16b,5.1404958677686,,,jl12b,4,16b,,,58,47,65,18,0.0458333333333333,0.712418541856751,0.617308583056919,2.16024689946929,0.0748082072932713,-4.67448792758137,41.6255653005986,0.431484021868475,1.75913350635351,3.2711576211211,0.943759417332418,1,2.98117304347412,0.400019070908336,0.749345,1049.74,5.95705,0.426188,0.666928,0.919014,4-29B,8.97748579111647,8.23673641551791,11.3579544487591,8.97748579111647,1,1,3.45454545454545,47-57-60-65,,0.5019217133522034,0.8056893944740295,0.42255356907844543,0.27045968174934387,0.22477023303508759,0.7295403480529785,0.6168688535690308
397,17,5.09090909090909,,,jl12b,4,17,,,60,53,71,18,0.127777777777778,0.792841884635678,0.678210185899313,2.29128784747792,0.195637954016162,-4.42856137941653,45.3858842834981,0.319295800206771,1.33563827957749,2.44578596584932,0.764134844797447,4,1.0,0.519467930145666,0.841238,1113.67,4.57277,0.617666,0.801216,1.03699,4-16A,8.97748579111647,11.1811753946843,12.051101629319,8.97748579111647,1,1,5.09090909090909,53-57-64-71,,0.4514427185058594,0.6272987127304077,0.4380967915058136,0.2381891906261444,0.31889647245407104,0.761810839176178,0.5781811475753784
398,25,5.09090909090909,,,jl12b,4,25,,,62,53,72,19,0.0966666666666667,0.731509773320763,0.620325482817263,2.16024689946929,0.276946075407744,-4.57192809488736,45.3858842834981,0.269198319366164,1.30005437848624,2.47042168006623,0.815558644587688,7,4.10687898245118,0.813638494654379,0.790555,1104.92,5.6015,0.705234,0.793338,0.998702,4-17,8.97748579111647,7.5176137485547,10.9524893406509,8.97748579111647,2,0,6.72727272727273,53-57-68-72,,0.48434728384017944,0.6281400322914124,0.5956968665122986,0.25945642590522766,0.3268985450267792,0.7405436038970947,0.5682417750358582
399,20,5.01652892561984,,,jl12b,4,20,,,58,50,71,21,0.0837962962962963,0.690686465348618,0.6227306588088,2.22287572090485,0.220458604648695,-5.36888982224726,27.7817317577982,0.412530007307757,1.49761342340901,2.60361686495361,0.924203150878333,3,1.0,0.186598713508031,0.833924,1068.25,4.93893,0.5964,0.768428,0.581306,4-13B,8.97748579111647,11.1811753946843,12.051101629319,8.97748579111647,1,1,3.45454545454545,50-53-64-71,,0.5502527356147766,0.7618780136108398,0.4478873014450073,0.17639672756195068,0.2134319245815277,0.8236033320426941,0.5453088879585266
400,31,5.01652892561984,,,jl12b,4,31,,,58,50,68,18,0.0172685185185185,0.719599648918748,0.62006263665824,2.22287572090485,0.112951308281647,-5.52824730240108,41.6255653005986,0.406609695435901,1.67325295746619,3.08613815505143,1.08705232626739,8,1.0,0.24765293809505,0.817426,1252.96,6.02761,0.661051,0.851252,0.39494,4-15A,8.97748579111647,11.1811753946843,12.051101629319,8.97748579111647,2,0,3.45454545454545,50-57-60-68,,0.7476782202720642,0.8838525414466858,0.5580370426177979,0.28264057636260986,0.18274469673633575,0.7173593640327454,0.47672349214553833
401,16a,4.96694214876033,,,jl12b,4,16a,,,64,53,72,19,0.0583333333333333,0.712418541856751,0.617308583056919,2.16024689946929,0.295012145195741,-4.42856137941653,72.3275349115601,0.275847457896355,1.25249634325931,2.37290493173647,0.889145324177902,1,3.06317911550661,0.660655805763466,0.778276,1228.4,5.01706,0.417836,0.759356,0.499226,4-29B,8.97748579111647,8.23673641551791,11.3579544487591,8.97748579111647,1,1,8.36363636363636,53-59-69-72,,0.4476476311683655,0.6345606446266174,0.5394013524055481,0.22171694040298462,0.3079504072666168,0.7782830595970154,0.49361318349838257
402,18,4.94214876033058,,,jl12b,4,18,,,62,53,72,19,0.0625,0.768208277291536,0.593454267320328,2.36643191323985,0.149236709662023,-4.92856137941653,72.3275349115601,0.355338944549998,1.35924494663195,2.51418119251756,0.843275822618468,4,1.0,0.417231726747742,0.766101,1050.75,5.08989,0.401801,0.70421,0.406867,4-8,8.97748579111647,11.1811753946843,12.051101629319,8.97748579111647,1,1,6.72727272727273,53-59-64-72,,0.5790471434593201,0.6663057804107666,0.5954843163490295,0.2240479588508606,0.28983575105667114,0.7759519815444946,0.4608110785484314
403,33,4.94214876033058,,,jl12b,4,33,,,60,53,68,15,0.113333333333333,0.719599648918748,0.62006263665824,2.36643191323985,0.115914736490986,-5.26064997042823,45.3858842834981,0.344931380468952,1.62780946318347,3.16486203449085,0.973922717050654,12,1.0,0.347572441144525,0.791887,1109.97,5.69733,0.626107,0.765425,0.500121,4-15B,8.97748579111647,11.1811753946843,12.051101629319,8.97748579111647,3,0,5.09090909090909,53-57-63-68,,0.6036726236343384,0.8123749494552612,0.5489820241928101,0.3119488060474396,0.2373545914888382,0.688051164150238,0.49604544043540955
404,27,4.89256198347107,,,jl12b,4,27,,,61,50,68,18,0.016712962962963,0.693042188490329,0.620735576199436,2.36643191323985,0.0799837654766828,-4.92000745058205,66.0764661469412,0.35400736266405,1.49413915185446,2.67912599946773,1.0534703396483,7,1.0,0.285599005539834,0.787002,1103.91,8.19567,0.706722,0.761799,0.66135,4-18B,8.97748579111647,11.1811753946843,12.051101629319,8.97748579111647,2,0,5.90909090909091,50-57-65-68,,0.5366867184638977,0.8071238398551941,0.5823511481285095,0.31188538670539856,0.24047987163066864,0.688114583492279,0.5611681342124939
405,29,4.74380165289256,,,jl12b,4,29,,,60,53,68,15,0.055,0.715761225865772,0.619526938245365,2.36643191323985,0.179532339436923,-4.99144607116552,45.3858842834981,0.370402972580024,1.5810988715158,3.06600149461162,0.966561681244429,7,1.0,0.299476100704406,0.802363,1227.39,5.29519,0.612483,0.794087,1.03182,4-7,8.97748579111647,11.1811753946843,12.051101629319,8.97748579111647,2,0,5.09090909090909,53-57-64-68,,0.5430013537406921,0.7187463045120239,0.5780640244483948,0.2546292841434479,0.27060389518737793,0.7453706860542297,0.5309110879898071
406,34,4.6198347107438,,,jl12b,4,34,,,60,53,71,18,0.0288888888888889,0.671305647780641,0.539070950077028,2.36643191323985,0.188952694911247,-4.40528402831866,45.3858842834981,0.337803400621913,1.53247197691022,2.82958519799593,1.05360612163492,12,3.27067796865568,0.508626045472498,0.827213,1104.25,5.15838,0.582757,0.784166,0.510757,4-25,8.97748579111647,8.61622603722281,7.58519351066443,8.97748579111647,3,0,5.09090909090909,53-57-63-71,,0.7181773781776428,0.8526844382286072,0.5246801376342773,0.2630036771297455,0.19359076023101807,0.7369963526725769,0.5262768864631653
407,21,4.34710743801653,,,jl12b,4,21,,,58,45,64,19,0.07,0.754353510193137,0.636943902696878,2.36643191323985,0.24774232128142,-5.07192809488736,53.9732165106261,0.316674945614446,1.65724676812049,3.18618734203844,0.919944189921045,7,3.43773223440645,0.707996484201967,0.739808,1175.58,4.91911,0.721658,0.73188,0.525182,4-19A,8.97748579111647,7.96229956981614,7.01414902690538,8.97748579111647,2,0,3.45454545454545,45-56-60-64,,0.5746177434921265,0.7359533309936523,0.7019447088241577,0.39894217252731323,0.31800490617752075,0.6010578274726868,0.5731185674667358
408,26a,4.0,,,jl12b,4,26a,,,66,53,74,21,0.0501851851851852,0.62087737611148,0.549232913137562,2.36643191323985,0.20422258351751,-5.2839273215261,85.6771406670752,0.310452500431162,1.24637890097862,2.21113705246198,0.986584737013616,7,1.0,0.227710474513574,0.814939,1225.04,5.33814,0.643739,0.783324,0.640824,4-12A,8.97748579111647,11.1811753946843,12.051101629319,8.97748579111647,2,0,10.0,53-64-68-74,,0.43800613284111023,0.6605874300003052,0.48266148567199707,0.1481437087059021,0.2629050314426422,0.8518563508987427,0.5115584135055542
409,32,3.60330578512397,,,jl12b,4,32,,,60,53,71,18,0.0288888888888889,0.693042188490329,0.620735576199436,2.16024689946929,0.189891305223635,-5.08952542686021,33.0382330734706,0.375419179283088,1.48975420500536,2.76579326301431,0.886336583152719,7,2.89051953663829,0.446955631700867,0.813631,1077.0,5.69442,0.711202,0.765409,0.849168,4-18A,8.97748579111647,8.54211806506909,9.48615227185748,8.97748579111647,2,0,5.09090909090909,53-56-64-71,,0.6848140358924866,0.7648972868919373,0.550936758518219,0.31297487020492554,0.2662515938282013,0.6870250701904297,0.539446234703064
410,28,3.40495867768595,,,jl12b,4,28,,,60,47,69,22,0.0088888888888888,0.62087737611148,0.549232913137562,2.54195563720897,0.178559497344172,-3.84400590385953,84.1815234759415,0.355690071489006,1.44079805605707,2.31435027141693,1.03795471931326,7,1.0,0.154425145274483,0.740868,1197.78,9.05952,0.446802,0.701928,0.991884,4-12B,8.97748579111647,11.1811753946843,12.051101629319,8.97748579111647,2,0,5.09090909090909,47-56-65-69,,0.33202192187309265,0.6008260250091553,0.4774419069290161,0.2745109498500824,0.34930872917175293,0.7254890203475952,0.6846150755882263
411,35,3.13223140495868,,,jl12b,4,35,,,60,51,68,17,0.032962962962963,0.740980563989747,0.570429584445242,2.36643191323985,0.116612475102558,-5.94776527867924,64.4365081389595,0.41442173316881,1.62245817239745,2.99275838502802,1.01249706632648,12,1.0,0.273053752753739,0.793502,1118.04,5.57999,0.501544,0.810897,0.411308,4-9,8.97748579111647,11.1811753946843,12.051101629319,8.97748579111647,3,0,5.09090909090909,51-57-62-68,,0.6242833137512207,0.8138806819915771,0.5452178716659546,0.24957285821437836,0.21150073409080505,0.7504271864891052,0.4912494421005249
412,36,2.1900826446281,,,jl12b,4,36,,,64,53,74,21,0.052962962962963,0.605158702580908,0.523491557266986,2.64575131106459,0.0944032784155727,-6.78840779852542,18.500573190789,0.613769460647816,1.65546140680927,3.00187828947409,1.1731234765593,12,1.0,-0.291644151415231,0.806129,1051.76,7.9975,0.60164,0.73964,0.316064,4-1,8.97748579111647,11.1811753946843,12.051101629319,8.97748579111647,3,0,8.36363636363636,53-63-64-74,,0.7888172268867493,0.8759498000144958,0.562118649482727,0.19223636388778687,0.15132464468479156,0.8077636361122131,0.4944794774055481
413,37,1.0,,,jl12b,4,37,,,58,43,64,21,0.0427777777777778,0.651043182393322,0.547222968169106,2.44948974278318,0.0327719885325703,-5.4493718459691,18.500573190789,0.665394901095869,1.944421842929,3.34755571943008,1.21829967602401,12,1.0,-0.293607024801314,0.750305,1051.09,10.4282,0.582531,0.683154,0.538689,4-2A,8.97748579111647,11.1811753946843,12.051101629319,8.97748579111647,3,0,3.45454545454545,43-53-63-64,,0.7479910254478455,0.8567700386047363,0.5734937191009521,0.2529779374599457,0.1871291697025299,0.7470220923423767,0.5676144361495972
414,MajorA,10.0,1.22974430767988,0.0429445340266907,lah16,3,MajorA,,,71,67,74,7,0.466666666666667,0.928588602237831,0.702134069832943,1.87082869338697,0.358200320602238,-2.0,93.446234578691,0.0841348050506696,0.583793624088448,1.72033889058873,0.561045029526055,1,10.0,2.07533620042249,0.899884,1489.16,3.24199,0.761177,0.931129,1.38627,3-11B,2.69089884378532,0.632235176200951,5.26777642871505,2.69089884378532,1,1,2.5,67-71-74,0-4-7,0.21674208343029022,0.3455985486507416,0.6639049053192139,0.37689322233200073,0.5433982014656067,0.6231067180633545,0.36009785532951355
415,MajorB,9.6635792259345,1.31306855179385,0.0458543428497555,lah16,3,MajorB,,,70,67,75,8,0.4,0.928588602237831,0.702134069832943,1.87082869338697,0.227811325972463,-2.32192809488736,74.1683255363407,0.118802109400859,0.622607427959594,1.67066549463873,0.614981252225949,1,7.17190398701256,1.72590557419626,0.910842,1438.35,3.04839,0.652783,0.955471,1.38805,3-11B,2.69089884378532,0.632235176200951,5.26777642871505,2.69089884378532,1,1,1.0,67-70-75,0-3-8,0.2309112399816513,0.401075154542923,0.5054736137390137,0.19380533695220947,0.4368770718574524,0.8061947226524353,0.3753012418746948
416,MajorC,9.30929540191863,1.37628216415534,0.0480618579486704,lah16,3,MajorC,,,72,67,76,9,0.6,0.928588602237831,0.702134069832943,1.87082869338697,0.26386305913657,-1.58496250072116,131.255694619448,0.0757986199606041,0.518863584466652,1.40100401330578,0.702798751254175,1,7.514147556966,1.83106180382636,0.780099,1054.79,2.85628,0.797034,0.853338,0.944553,3-11B,2.69089884378532,0.632235176200951,5.26777642871505,2.69089884378532,1,1,4.0,67-72-76,0-5-9,0.22873590886592865,0.33529746532440186,0.6679709553718567,0.24676872789859772,0.4975290298461914,0.7532312870025635,0.35853105783462524
417,MinorA,8.21369500496196,1.37371345505561,0.047972154735857,lah16,3,MinorA,,,70,67,74,7,0.2,0.928588602237831,0.702134069832943,2.04939015319192,0.25515925582886,-3.32192809488736,74.1683255363407,0.0902527360268284,0.600826370536017,1.75189350880879,0.579380328614664,3,8.71728717881205,1.93240972886414,0.908767,1578.32,3.16086,0.866246,0.954641,1.37097,3-11A,3.29198082096815,2.14376085786175,5.46355161449422,3.29198082096815,1,1,1.0,67-70-74,0-3-7,0.2634730637073517,0.40172821283340454,0.6245343685150146,0.2440989911556244,0.45660269260406494,0.755901038646698,0.3569648265838623
418,MinorB,7.72543830631823,1.34133387666486,0.0468414108102395,lah16,3,MinorB,,,71,67,76,9,0.166666666666667,0.928588602237831,0.702134069832943,2.04939015319192,0.244956921143583,-3.58496250072116,101.887865274375,0.0794406866925623,0.530270506198929,1.41812854107776,0.672238263724871,3,5.90185056611313,1.65796888268932,0.893256,1437.34,3.11195,0.647563,0.930138,1.38738,3-11A,3.29198082096815,2.14376085786175,5.46355161449422,3.29198082096815,1,1,2.5,67-71-76,0-4-9,0.20592187345027924,0.31986796855926514,0.5283357501029968,0.3040253221988678,0.529689371585846,0.6959747076034546,0.37034130096435547
419,MinorC,7.32351968243467,1.47351010176805,0.0514572048098662,lah16,3,MinorC,,,72,67,75,8,0.133333333333333,0.928588602237831,0.702134069832943,2.04939015319192,0.236714474971145,-3.90689059560852,99.0028368429646,0.109695272119279,0.592820172358421,1.61887020437895,0.68569792635362,3,5.78116443842024,1.59644117676319,0.794898,1179.62,3.53958,0.865318,0.853427,0.998749,3-11A,3.29198082096815,2.14376085786175,5.46355161449422,3.29198082096815,1,1,4.0,67-72-75,0-5-8,0.2817225754261017,0.44503504037857056,0.6040762662887573,0.20957455039024353,0.4168088138103485,0.7904254198074341,0.3599829077720642
420,m7,7.20145550777374,1.30976842009334,0.0457390972517723,lah16,4,m7,,,72,67,77,10,0.0277777777777778,0.83411290484838,0.588306983990921,2.16024689946929,0.246767492903542,-3.68016794670639,74.1683255363407,0.134070115466336,1.07011550939485,2.92651952470359,0.674430982851979,1,8.39084535786945,1.65941408021551,0.902405,1407.73,3.82957,0.857779,0.939458,1.25476,4-26,3.82007212224573,2.34742117126595,2.54958529563679,3.82007212224573,1,1,4.0,67-70-74-77,0-3-7-10,0.24515800178050995,0.48851996660232544,0.5836341381072998,0.2916070520877838,0.42353084683418274,0.7083929777145386,0.388403058052063
421,Add6,6.8412173337744,1.28027179281827,0.0447090303461755,lah16,4,Add6,,,72,67,76,9,0.188888888888889,0.83411290484838,0.588306983990921,2.16024689946929,0.249340930293536,-3.68872187554087,71.9255779909247,0.159365237307261,1.14306365301341,3.14853956156241,0.856745761068385,1,6.79247838232887,1.45268750896146,0.891375,1322.95,4.14715,0.799115,0.898161,1.22546,4-26,3.82007212224573,2.34742117126595,2.54958529563679,3.82007212224573,1,1,4.0,67-71-74-76,0-4-7-9,0.263845831155777,0.5135023593902588,0.42997613549232483,0.23326358199119568,0.385204017162323,0.7667364478111267,0.36938855051994324
422,M9,6.36784651008932,1.38781899886208,0.0484647416924942,lah16,5,M9,,,74,67,81,14,0.0152910052910053,0.745377692609482,0.615766179489839,2.35081172990814,0.190414304415679,-3.75097750043269,93.446234578691,0.217207303735963,1.60641993972624,3.98283813081992,0.758287506892891,1,6.22333874970109,1.14202195623412,0.899755,1181.63,4.61039,0.805554,0.913597,1.22743,5-27A,8.97748579111647,4.96058522458461,7.89221854595934,8.97748579111647,1,1,7.0,67-71-74-78-81,0-4-7-11-14,0.3057062029838562,0.5177949070930481,0.5693640112876892,0.2345976084470749,0.38316208124160767,0.7654024362564087,0.4049583375453949
423,m9,5.79325173668541,1.36715784798818,0.0477432230067044,lah16,5,m9,,,74,67,81,14,0.0311111111111111,0.745377692609482,0.615766179489839,2.41522945769824,0.182930581927488,-4.4951118577978,74.1683255363407,0.22359905001039,1.64473440052421,4.04467265265987,0.787868067654545,1,6.42127498656736,1.15219294716837,0.902161,1406.72,4.41301,0.877508,0.932683,1.22293,5-27B,8.97748579111647,4.76935712697445,6.95123520149481,8.97748579111647,1,1,7.0,67-70-74-77-81,0-3-7-10-14,0.3080841898918152,0.5643782019615173,0.5493789911270142,0.24649201333522797,0.3599698841571808,0.7535079717636108,0.41902950406074524
424,Dom9,5.44789943764472,1.33599751698016,0.0466550570465938,lah16,5,Dom9,,,74,67,81,14,0.0740740740740741,0.703403966287306,0.613100284658183,2.23606797749979,0.172343887815619,-4.89511185779781,93.446234578691,0.193590157608828,1.66598749616819,4.22283097023861,0.767757776443857,1,5.68272433979482,1.04951105932014,0.899213,1384.85,4.6115,0.737899,0.917015,1.22917,5-34,8.97748579111647,5.57905657380464,5.84856611213109,8.97748579111647,1,1,7.0,67-71-74-77-81,0-4-7-10-14,0.2986968755722046,0.5854508876800537,0.5622597932815552,0.2619622051715851,0.3535143733024597,0.7380378246307373,0.40551504492759705
425,Pent.,5.36156136288455,1.409435325408,0.0492196165596399,lah16,5,Pent.,,,71,67,76,9,0.0796296296296296,0.811487108561658,0.613158008795516,2.35081172990814,0.140756620210745,-5.01894750100962,48.0045640182507,0.284526179093802,2.05620372427933,5.53602071846473,1.1269472128249,1,5.36134864068513,1.06124734112462,0.883708,1338.76,5.14653,0.831488,0.925009,1.17593,5-35,8.97748579111647,4.29566572464953,6.35400814281361,8.97748579111647,1,1,2.5,67-69-71-74-76,0-2-4-7-9,0.313065767288208,0.7216475009918213,0.37245017290115356,0.21110042929649353,0.25145167112350464,0.7888995409011841,0.37036457657814026
426,Hex.,3.10783989414489,1.35846720888959,0.0474397327249015,lah16,6,Hex.,,,72,67,76,9,0.0907407407407407,0.720465344557444,0.556066142622349,2.57518522583686,0.053631667431207,-5.43109843356296,29.3678293450731,0.475738515840295,3.452175125938,9.37591051307562,1.46316348943906,1,2.54165228100576,0.297071399060706,0.853599,1326.31,8.31422,0.902306,0.894699,1.08829,6-32,8.97748579111647,5.48073182129366,7.08825699905911,8.97748579111647,1,1,4.0,67-69-71-72-74-76,0-2-4-5-7-9,0.6395517587661743,0.914354145526886,0.4553978145122528,0.16331711411476135,0.11671433597803116,0.8366827964782715,0.3961532413959503
427,Dom7#11,2.55110817069137,1.25687306069686,0.0438919111763663,lah16,6,Dom7#11,,,76,67,85,18,0.0163773148148148,0.606672529396742,0.558379921675964,2.44948974278318,0.142937906693377,-5.64464611862796,93.446234578691,0.300586728404517,2.39038017369138,5.45314010185852,0.840696711792659,11,2.38478053078751,0.362009210326219,0.901514,1329.34,4.86601,0.737887,0.938438,1.22619,6-34B,8.97748579111647,9.79488103356445,6.92120291439594,8.97748579111647,3,0,10.0,67-71-74-77-81-85,0-4-7-10-14-18,0.4660487473011017,0.6987929344177246,0.6291343569755554,0.20592553913593292,0.2630944848060608,0.7940744161605835,0.5815821886062622
428,Neap.,1.0,1.12584383711646,0.0393161722073804,lah16,5,Neap.,,,71,67,76,9,0.0184375,0.66830428024437,0.559679186047238,2.41522945769824,0.0560142003932921,-6.05658284220933,23.3092615981959,0.413787468002338,2.38514952176936,6.35304276158753,1.38624634432636,7,1.0,0.144723034155414,0.862563,1322.61,7.46967,0.561687,0.902533,1.27024,5-32A,8.97748579111647,11.1811753946843,12.051101629319,8.97748579111647,2,0,2.5,67-68-71-73-76,0-1-4-6-9,0.7339053750038147,0.8753755688667297,0.5799036622047424,0.14157089591026306,0.13140301406383514,0.8584291338920593,0.3543024957180023
429,DYA_05_1,10.0,1.13643374236119,0.160716001118561,lah20a,2,DYA_05_1,,,60,54,66,12,1.0,1.56429584559343,1.0,1.44913767461894,0.877019069288599,0.0,184.997211355817,0.0048826499328742,0.0507902289560383,0.111482621977161,0.35788882280237,3,7.3032164978325,3.05558351745498,0.79468,1114.68,1.28986,0.681749,0.783957,0.860613,1-1,0.891128221913467,5.69565816435588,1.25264921891698,0.891128221913467,1,1,5.5,54-66,,0.1633632928133011,0.17151431739330292,0.7975547909736633,0.6396262645721436,0.752941906452179,0.36037376523017883,0.6878809332847595
430,TRI_05_1,9.87090163934426,1.04524146079995,0.147819464981795,lah20a,3,TRI_05_1,,,61,54,66,12,0.0773809523809524,1.2521137715718,0.80404805919527,1.67332005306815,0.468775884851372,-1.0,92.1854196210549,0.0441984785813854,0.373636349923009,0.876549885283462,0.608008533240177,3,7.25246923394618,2.43096880794173,0.776889,1114.34,3.81226,0.815328,0.757958,0.610093,2-5,1.85694148254459,5.71986443207317,1.48686327573291,1.85694148254459,1,1,7.75,54-61-66,,0.18687205016613007,0.34321102499961853,0.4155339300632477,0.304677277803421,0.5159443020820618,0.6953226923942566,0.6076188087463379
431,DYA_04_1,9.37295081967213,1.06965670638062,0.15127230212468,lah20a,2,DYA_04_1,,,60,56,64,8,0.1,1.0699768326589,0.733508698953899,1.79743406854583,0.527443519997633,-2.32192809488736,121.975208122897,0.10249743072567,0.284932781311417,0.61001436761591,0.555158036955047,3,2.67428545596906,1.53758340011764,0.772957,1061.18,2.70501,0.606071,0.826847,1.01411,2-4,2.50511234872651,6.25113485824702,2.61404404066749,2.50511234872651,1,1,5.5,56-64,,0.39170408248901367,0.3979094922542572,0.8787570595741272,0.6663636565208435,0.6277997493743896,0.3336363732814789,0.4372984766960144
432,TET_05_2,9.37295081967213,1.08841687760919,0.15392539098307,lah20a,4,TET_05_2,,,61,55,64,9,0.355555555555556,0.851740027175046,0.675052507383902,2.10262993215139,0.158935858823719,-3.51920389926271,32.039202616809,0.35943171975466,1.88363535191898,4.49685682091497,0.981841813383577,1,4.41608887236599,0.913524723320583,0.781023,983.798,5.82444,0.78433,0.710419,0.835774,4-22A,8.97748579111647,3.73225929214014,7.59675433306551,8.97748579111647,1,1,7.75,55-60-62-64,,0.5891577005386353,0.8777539730072021,0.4031672775745392,0.35472461581230164,0.21523749828338623,0.6452754139900208,0.37669578194618225
433,TRI_05_2,8.74590163934426,1.08523247672376,0.153475048691048,lah20a,3,TRI_05_2,,,60,56,65,9,0.166666666666667,0.928588602237831,0.702134069832943,2.04939015319192,0.252997685666158,-3.58496250072116,53.9732165106261,0.132195801771241,0.834721605348197,1.97215007785823,0.841798094511204,3,5.90185056611313,1.57250505500848,0.763977,1042.01,7.45731,0.8431,0.703764,0.652,3-11A,3.29198082096815,2.14376085786175,5.46355161449422,3.29198082096815,1,1,5.5,56-60-65,,0.28663456439971924,0.6455758810043335,0.5035709738731384,0.35040488839149475,0.35281646251678467,0.6495950818061829,0.39444464445114136
434,TET_05_1,8.72745901639344,1.17558640498508,0.166253023767133,lah20a,4,TET_05_1,,,60,54,66,12,0.0140228174603175,1.05597977834256,0.763252924065916,1.98431348329844,0.329878396048384,-3.01920389926271,30.24098034881,0.205248908223551,1.20149990767036,2.81058049815078,0.965126810526814,4,6.89028075835381,1.78340353888398,0.775271,1111.99,7.4535,0.755205,0.710678,0.672932,3-9,8.97748579111647,4.09193223965683,9.97166008763918,8.97748579111647,1,1,5.5,54-59-61-66,,0.37018242478370667,0.6557155251502991,0.33561763167381287,0.30291396379470825,0.3277362585067749,0.6970860362052917,0.5184405446052551
435,TRI_04_2,8.67213114754098,1.0273061094421,0.145283023268176,lah20a,3,TRI_04_2,,,59,56,66,10,0.0353571428571429,0.934734306954438,0.70414111353318,2.04939015319192,0.289492948252094,-3.1329145639794,39.2893018380895,0.189564797173052,0.843948785109884,1.93084767049303,0.726640900072312,3,3.61954522428821,1.25383400047717,0.755874,1042.34,5.56257,0.696362,0.70804,0.542837,3-7A,8.97748579111647,7.54358923495796,12.051101629319,8.97748579111647,1,1,3.25,56-59-66,,0.24787916243076324,0.5701141953468323,0.458604097366333,0.3688514232635498,0.405472069978714,0.6311485767364502,0.46566876769065857
436,TRI_04_1,8.19262295081967,1.12940184066444,0.159721540043679,lah20a,3,TRI_04_1,,,60,55,65,10,0.208333333333333,1.05597977834256,0.763252924065916,1.98431348329844,0.227342262004158,-3.41558019949771,65.627847309724,0.154795144648127,0.795390509455437,1.77393926721221,0.810269119506317,4,4.71482082989417,1.63954728128167,0.762698,787.308,5.19051,0.52618,0.656099,0.579452,3-9,8.97748579111647,4.09193223965683,9.97166008763918,8.97748579111647,1,1,5.5,55-60-65,,0.24337351322174072,0.5816372632980347,0.3909803330898285,0.4562075734138489,0.4335006773471832,0.5437924265861511,0.3885526657104492
437,TRI_03_2,7.73155737704918,1.14881363020919,0.162466781648091,lah20a,3,TRI_03_2,,,61,54,64,10,0.0508928571428571,0.934734306954438,0.70414111353318,1.92506684375924,0.203655785108352,-3.79958123064606,52.4449259359978,0.179225892234607,0.841647859712781,1.90041741490266,1.00061215266479,3,4.99609207960734,1.41332893919733,0.790408,1115.02,4.22191,0.815315,0.786679,0.574843,3-7B,3.87008572567373,6.41900145988659,12.051101629319,3.87008572567373,1,1,7.75,54-61-64,,0.36025193333625793,0.6699926257133484,0.42202648520469666,0.22831317782402039,0.28932973742485046,0.7716867923736572,0.42143353819847107
438,DYA_03_1,6.92008196721311,1.10736784750736,0.156605462848081,lah20a,2,DYA_03_1,,,60,57,63,6,0.0666666666666667,0.942577195756561,0.710131347576048,2.04939015319192,0.528509698612761,-2.56464150847248,91.1269837220809,0.103020989422265,0.316724011852414,0.771531678287403,0.705576954068403,3,1.0,1.13635276083435,0.794783,1109.3,1.84648,0.306707,0.862765,0.544631,2-6,7.25009767181935,11.1300541003761,8.40341790009005,7.25009767181935,1,1,5.5,57-63,,0.353672057390213,0.41204556822776794,0.7526527643203735,0.4852199852466583,0.5468606352806091,0.5147800445556641,0.5190551280975342
439,TET_04_2,6.14549180327869,1.20650797188488,0.170625993695085,lah20a,4,TET_04_2,,,60,54,66,12,0.108571428571429,0.727581329514965,0.587538205311478,2.50998007960223,0.193815878479089,-3.76064997042823,35.0027886441828,0.22271334747686,1.317642595485,2.85962140455427,0.94508034065273,3,3.43773223440645,0.812562800228178,0.787417,1113.33,7.55324,0.669472,0.763409,0.552817,3-10,4.64377597831346,5.91848520577946,7.57376481484081,4.64377597831346,1,1,5.5,54-57-63-66,,0.6170316338539124,0.7555480003356934,0.5179311037063599,0.39250096678733826,0.30367162823677063,0.6074990034103394,0.6023597717285156
440,DYA_02_1,6.09016393442623,1.12296570677011,0.158811333259418,lah20a,2,DYA_02_1,,,60,55,65,10,0.166666666666667,1.0943008651589,0.732423362285411,1.87082869338697,0.583258366292873,-2.74592654816484,153.230513442129,0.127668798512674,0.278866795808687,0.498803519206774,0.69986320426044,4,3.69781848126641,1.64623925783221,0.733989,784.953,4.1383,0.53988,0.643901,0.522592,2-2,5.48096108326621,7.28041317199458,2.04603276215678,5.48096108326621,1,1,5.5,55-65,,0.26287418603897095,0.38701683282852173,0.35562294721603394,0.2848880887031555,0.481745183467865,0.7151118516921997,0.4319296181201935
441,TET_04_1,5.38934426229508,1.15059563476691,0.162718795149465,lah20a,4,TET_04_1,,,59,54,66,12,0.0833333333333333,0.802289788464618,0.631533057415607,2.20139815711603,0.28550865233261,-4.61440934524794,22.6551374341554,0.326161696319321,1.36284746588798,2.79936983794655,0.950842962979968,3,1.0,0.525161655266708,0.769578,1042.34,6.98432,0.574054,0.722111,0.43122,3-8B,8.97748579111647,11.1811753946843,12.051101629319,8.97748579111647,1,1,3.25,54-56-62-66,,0.6599236726760864,0.8343388438224792,0.4705057144165039,0.22257140278816223,0.1884252429008484,0.7774285674095154,0.5318020582199097
442,TET_02_1,4.44877049180328,1.13661329134537,0.160741393179414,lah20a,4,TET_02_1,,,58,56,65,9,0.113333333333333,0.731509773320763,0.620325482817263,2.16024689946929,0.0988844893144741,-5.32640857188668,12.3476512100274,0.458805559389136,2.07234830026564,5.14204845235316,1.06102562081641,7,2.19278502537322,0.307984200337263,0.771134,1050.08,8.4445,0.792353,0.714743,0.635532,4-17,8.97748579111647,7.5176137485547,10.9524893406509,8.97748579111647,2,0,1.0,56-57-60-65,,0.7950313091278076,0.9176406264305115,0.5274586081504822,0.3001136779785156,0.16946113109588623,0.6998863220214844,0.3654850423336029
443,TET_02_2,3.85860655737705,1.18961155687991,0.168236479769534,lah20a,4,TET_02_2,,,60,56,65,9,0.0145833333333333,0.693042188490329,0.620735576199436,2.36643191323985,0.0995976215797402,-5.43016794670639,14.6839146725366,0.459693001094125,2.09237578801145,5.22879378652537,1.0163469343975,7,1.0,0.114387186976721,0.757397,993.219,8.19414,0.371862,0.67299,0.400388,4-18B,8.97748579111647,11.1811753946843,12.051101629319,8.97748579111647,2,0,5.5,56-59-60-65,,0.6994307041168213,0.8990893959999084,0.5010280609130859,0.23447391390800476,0.15433591604232788,0.7655260562896729,0.41871291399002075
444,TET_03_2,3.85860655737705,1.1338522833208,0.160350927679998,lah20a,4,TET_03_2,,,60,57,65,8,0.0694444444444444,0.712418541856751,0.617308583056919,2.16024689946929,0.0763659852747766,-5.01064997042823,14.6839146725366,0.570867321743813,2.21710811684865,5.5725515752245,1.12403534170899,1,1.0,-0.0312279239020682,0.780271,1050.08,6.2822,0.302351,0.694048,0.553788,4-29B,8.97748579111647,8.23673641551791,11.3579544487591,8.97748579111647,1,1,5.5,57-59-60-65,,0.7742285132408142,0.9290115237236023,0.4605249762535095,0.20045126974582672,0.12277363240718842,0.7995488047599792,0.40000608563423157
445,TRI_03_1,3.69262295081967,1.16654616690218,0.164974541036741,lah20a,3,TRI_03_1,,,61,57,62,5,0.0244907407407407,0.898206959300817,0.709916008353518,2.04939015319192,0.164224488281669,-3.58496250072116,16.4821369405355,0.410923760562206,1.19225765884192,3.16141680729997,1.03464972459698,3,1.0,0.558571480314513,0.781139,1103.58,9.45742,0.563766,0.774688,0.301129,3-4B,8.97748579111647,11.1811753946843,12.051101629319,8.97748579111647,1,1,7.75,57-61-62,,0.5312976837158203,0.7257799506187439,0.472675621509552,0.1816842406988144,0.23720572888851166,0.8183158040046692,0.4603406488895416
446,TRI_01_2,3.45286885245902,1.17444714944111,0.166091908703004,lah20a,3,TRI_01_2,,,58,55,66,11,0.141269841269841,0.768245513873647,0.609609079857976,2.20139815711603,0.211522855784755,-5.32192809488736,37.0841627681703,0.32192753005973,0.988156513980632,2.08095520782801,0.744205084024396,7,1.0,0.471424839286502,0.80939,987.836,9.99156,0.664394,0.743196,0.496332,3-3A,8.97748579111647,11.1811753946843,12.051101629319,8.97748579111647,2,0,1.0,55-58-66,,0.534697949886322,0.7105918526649475,0.5672309994697571,0.2612294554710388,0.278136670589447,0.7387704849243164,0.38116052746772766
447,TET_03_1,3.12090163934426,1.13108453562086,0.159959509046549,lah20a,4,TET_03_1,,,60,55,66,11,0.0603174603174603,0.62087737611148,0.549232913137562,2.54195563720897,0.0605001046940828,-4.68016794670639,24.0022820091254,0.454104432666677,1.89393384000356,4.110430459293,1.14441307833564,7,1.0,-0.0050071295383749,0.774565,1083.39,11.6065,0.488729,0.722467,0.441275,4-12B,8.97748579111647,11.1811753946843,12.051101629319,8.97748579111647,2,0,5.5,55-57-63-66,,0.8557472825050354,0.9193920493125916,0.49832701683044434,0.2589806318283081,0.15195707976818085,0.7410194277763367,0.43323415517807007
448,TET_01_2,3.02868852459017,1.10921643852016,0.156866893096239,lah20a,4,TET_01_2,,,60,56,65,9,0.106666666666667,0.719599648918748,0.62006263665824,2.36643191323985,0.123881745743238,-5.51064997042823,12.3476512100274,0.505677655035082,1.93781077033938,4.65849156113557,1.12539795137403,12,1.0,0.0871618271335997,0.762882,1043.35,7.98358,0.605161,0.71275,0.496161,4-15B,8.97748579111647,11.1811753946843,12.051101629319,8.97748579111647,3,0,5.5,56-57-63-65,,0.7710509300231934,0.8842262029647827,0.5025162100791931,0.21826708316802979,0.15677112340927124,0.7817329168319702,0.4173148572444916
449,TRI_02_1,3.01024590163934,1.15561442147989,0.16342855877308,lah20a,3,TRI_02_1,,,62,56,63,7,0.0625,0.842879489623361,0.685685156085516,2.04939015319192,0.180485297194041,-4.23808183922204,17.4622158046733,0.40677956176175,1.05649090139604,2.70221383568533,0.950743359621946,4,1.0,0.466806454301467,0.755066,1042.01,9.62397,0.439964,0.743728,0.351826,3-5A,8.97748579111647,11.1811753946843,12.051101629319,8.97748579111647,1,1,10.0,56-62-63,,0.6033918261528015,0.6950780153274536,0.5190269947052002,0.1669996678829193,0.24975307285785675,0.8330002427101135,0.508095383644104
450,TRI_02_2,2.06967213114754,1.16093497421946,0.164180998557442,lah20a,3,TRI_02_2,,,60,58,61,3,0.0949074074074074,0.759117620523861,0.610642420173434,2.29128784747792,0.0369472030425443,-5.1329145639794,15.5570656762735,0.587695947212129,1.45551988646657,3.87023907811907,1.29847329126214,4,1.0,0.0246303237343238,0.839522,1314.2,5.82278,0.645587,0.829096,0.53831,3-2B,8.97748579111647,11.1811753946843,12.051101629319,8.97748579111647,1,1,5.5,58-60-61,,0.8854112029075623,0.92549729347229,0.5645227432250977,0.20719021558761597,0.12757772207260132,0.792809784412384,0.3505418002605438
451,TRI_01_1,1.57172131147541,1.10124770440836,0.155739943910653,lah20a,3,TRI_01_1,,,62,54,63,9,0.0738095238095238,0.768245513873647,0.609609079857976,2.20139815711603,0.0996327106294701,-5.24022392894185,17.4622158046733,0.440541635462229,1.10708680315498,2.57458574779399,1.04727843451135,7,1.0,0.279268771585447,0.782116,1090.45,9.65932,0.497947,0.748252,0.227117,3-3A,8.97748579111647,11.1811753946843,12.051101629319,8.97748579111647,2,0,10.0,54-62-63,,0.7507906556129456,0.7998519539833069,0.5634282231330872,0.2005464881658554,0.20030741393566132,0.7994535565376282,0.4366548955440521
452,TET_01_1,1.51639344262295,1.10845086251673,0.156758624299531,lah20a,4,TET_01_1,,,58,57,65,8,0.0157407407407407,0.70305787527733,0.62355296685609,2.36643191323985,0.121176305821584,-6.77985386969094,13.081880759045,0.74116588028342,2.32019184445579,5.97519559895698,1.10449712163816,12,1.0,-0.323774607577826,0.805551,1102.9,6.38868,0.287679,0.709926,0.542697,4-5B,8.97748579111647,11.1811753946843,12.051101629319,8.97748579111647,3,0,1.0,57-58-59-65,,0.8275931477546692,0.9331542253494263,0.5040892362594604,0.1786884367465973,0.11158277839422226,0.8213115930557251,0.401297003030777
453,DYA_01_1,1.0,1.2250314167611,0.173245604391668,lah20a,2,DYA_01_1,,,60,59,60,1,0.125,0.941931969299263,0.707106787773168,2.04939015319192,0.0973320958807261,-3.90689059560852,14.6839146725366,0.486300084176412,0.59835260327581,1.71640733569443,1.12274987222776,4,1.0,0.514288241174479,0.80005,1230.76,4.5269,0.472558,0.78115,0.411141,2-1,8.97748579111647,9.85758902795363,6.3296798252698,8.97748579111647,1,1,5.5,59-60,,0.8357612490653992,0.7228708863258362,0.6047108769416809,0.05695486441254616,0.18905940651893616,0.9430450797080994,0.32530462741851807
454,tr33c,10.0,0.989741687307823,0.156491901355544,lah20b,3,major triad (r),Chord10,,60,56,63,7,0.466666666666667,0.928588602237831,0.702134069832943,1.87082869338697,0.271929709831119,-2.0,49.5014184214823,0.149261576715123,0.930022439665078,2.3857152410988,0.663963836877614,1,10.0,1.96983016214281,0.778035,1251.95,3.70124,0.839741,0.790103,0.454404,3-11B,2.69089884378532,0.632235176200951,5.26777642871505,2.69089884378532,1,1,7.75,56-60-63,,0.2779371738433838,0.5956873893737793,0.5583107471466064,0.3858432173728943,0.39692485332489014,0.6141567826271057,0.4614044725894928
455,dy4c,9.44549763033175,1.17892892818928,0.18640503062696,lah20b,2,major 3rd,Chord54,,60,58,62,4,0.4,1.0699768326589,0.733508698953899,1.79743406854583,0.533939179079726,-2.0,60.5828871583626,0.0777705748788746,0.355325843383768,0.951266661307462,0.605569370621003,3,2.19278502537322,1.52771030097112,0.832044,1171.88,3.65517,0.625565,0.840954,0.329356,2-4,2.50511234872651,6.25113485824702,2.61404404066749,2.50511234872651,1,1,7.75,58-62,,0.46581512689590454,0.5481427907943726,0.5265775322914124,0.40371173620224,0.4325990378856659,0.5962882041931152,0.35692623257637024
456,dy7c,9.44549763033175,1.042149677046,0.164778332113713,lah20b,2,perfect 5th,Chord03,,60,56,63,7,0.666666666666667,1.2521137715718,0.80404805919527,1.67332005306815,0.526445686533782,-1.0,103.474634932108,0.0291157784580692,0.204842691178943,0.533629239439252,0.422938183645359,3,7.25246923394618,2.45540293688598,0.75771,1064.88,2.27925,0.820736,0.798982,0.634415,2-5,1.85694148254459,5.71986443207317,1.48686327573291,1.85694148254459,1,1,7.75,56-63,,0.14438630640506744,0.22650164365768433,0.3568691313266754,0.39593619108200073,0.6224735379219055,0.6040638089179993,0.5470441579818726
457,te182c,9.18957345971564,1.09052304254844,0.17242683276749,lah20b,4,"Major triad 2nd inversion, 5th doubled",Chord04,,60,53,65,12,0.0268518518518519,0.928588602237831,0.702134069832943,1.87082869338697,0.249659974809706,-1.58496250072116,55.5634635155963,0.158333782854391,1.25819597992507,2.92464283619848,0.789741383887873,1,7.514147556966,1.69735399314972,0.789822,936.694,9.17732,0.616795,0.667468,1.05546,3-11B,2.69089884378532,0.632235176200951,5.26777642871505,2.69089884378532,1,1,7.75,53-58-62-65,,0.3242143988609314,0.6547899842262268,0.46207696199417114,0.4110030233860016,0.37152722477912903,0.588996946811676,0.571343719959259
458,tr56c,9.01895734597156,1.16678721498964,0.184485257206592,lah20b,3,power chord,Chord01,,60,53,65,12,0.666666666666667,1.2521137715718,0.80404805919527,1.67332005306815,0.459013347440321,-1.0,87.0114495840967,0.0465372337007789,0.397204393542263,0.916199492575052,0.574087911366348,3,7.25246923394618,2.42718000065331,0.767701,1048.73,3.40286,0.666616,0.668034,1.22631,2-5,1.85694148254459,5.71986443207317,1.48686327573291,1.85694148254459,1,1,7.75,53-60-65,,0.15540891885757446,0.325329452753067,0.4279478192329407,0.515744686126709,0.6111002564430237,0.48425528407096863,0.5811343193054199
459,dy5c,8.84834123222749,1.0835361705598,0.171322111307282,lah20b,2,perfect 4th,Chord28,,60,57,62,5,0.0851851851851852,1.2521137715718,0.80404805919527,1.67332005306815,0.428709048580747,-1.58496250072116,73.6647679174076,0.05603991807956,0.292219660133102,0.775746199049853,0.652179112966366,3,4.52282532447988,2.12872564974293,0.788087,1103.58,1.56724,0.821754,0.817941,0.410096,2-5,1.85694148254459,5.71986443207317,1.48686327573291,1.85694148254459,1,1,7.75,57-62,,0.21785061061382294,0.39309462904930115,0.3537159562110901,0.3901980221271515,0.5202224850654602,0.6098020076751709,0.4474606513977051
460,dy3c,8.59241706161137,1.12957928765032,0.178602167336276,lah20b,2,minor 3rd,Chord55,,60,58,61,3,0.0671296296296296,1.00354157407174,0.712561151403412,2.04939015319192,0.398256547448771,-2.32192809488736,44.1007502178271,0.125093836563789,0.42704364917774,1.15993065919086,0.673529690547899,3,2.19278502537322,1.33279644498779,0.831618,1314.87,2.22034,0.660707,0.857127,0.558113,2-3,2.33315009581831,7.30058898374176,3.39080942738383,2.33315009581831,1,1,7.75,58-61,,0.3963288962841034,0.5545987486839294,0.5252431035041809,0.38490498065948486,0.42120274901390076,0.6150950193405151,0.3391938805580139
461,dy9c,8.54976303317536,1.06371393794204,0.168187941138192,lah20b,2,major 6th,Chord52,,60,55,64,9,0.466666666666667,1.00354157407174,0.712561151403412,2.04939015319192,0.546538122328582,-1.58496250072116,133.629838921995,0.0740345549818558,0.265942939644323,0.53711077904625,0.654001805258941,3,1.0,1.29182301948544,0.763584,984.135,3.9022,0.63321,0.751838,0.93985,2-3,2.33315009581831,7.30058898374176,3.39080942738383,2.33315009581831,1,1,7.75,55-64,,0.2662680745124817,0.3577936887741089,0.2971179485321045,0.24322645366191864,0.4826143682003021,0.7567734718322754,0.4447137713432312
462,te207c,8.16587677725118,1.04063028612714,0.164538095315725,lah20b,4,power chord + M6,Chord60,,61,53,65,12,0.115740740740741,0.934734306954438,0.70414111353318,2.04939015319192,0.375771221076828,-2.93872187554087,32.039202616809,0.236102904523013,1.30439997573773,3.08838940963926,0.832909193873895,3,1.59639251268661,0.968643942650915,0.76375,883.198,9.59639,0.63498,0.65574,0.985337,3-7A,8.97748579111647,7.54358923495796,12.051101629319,8.97748579111647,1,1,10.0,53-60-62-65,,0.4237203598022461,0.7279871106147766,0.4145236313343048,0.4048849642276764,0.32516172528266907,0.595115065574646,0.5055503845214844
463,te154c,8.12322274881517,1.27233215550188,0.201173377582873,lah20b,4,major triad (r) + oct,Chord11,,60,54,66,12,0.108134920634921,0.928588602237831,0.702134069832943,1.87082869338697,0.300021847095883,-2.0,44.1007502178271,0.172928750778887,1.24652039314835,2.82457633594549,0.880518364500352,1,10.0,1.93148909734064,0.81246,1115.35,4.51436,0.836914,0.769533,0.665754,3-11B,2.69089884378532,0.632235176200951,5.26777642871505,2.69089884378532,1,1,7.75,54-58-61-66,,0.3696175813674927,0.6708481907844543,0.46158692240715027,0.3602187931537628,0.3415786623954773,0.6397812962532043,0.5402945280075073
464,te76c,8.08056872037915,1.06853738909723,0.168950595729842,lah20b,4,"Minor 7th chord, 3rd inversion",Chord14,,60,56,65,9,0.107407407407407,0.83411290484838,0.588306983990921,2.16024689946929,0.219306422220038,-3.52368437626202,25.4295319690724,0.318650230449448,1.85285069541307,4.5196920558181,1.02579522518582,1,6.28097720460181,1.14160229487981,0.781692,1043.35,7.95214,0.839235,0.703079,0.423698,4-26,3.82007212224573,2.34742117126595,2.54958529563679,3.82007212224573,1,1,7.75,56-58-61-65,,0.5556172132492065,0.869031548500061,0.41698986291885376,0.28697437047958374,0.19337080419063568,0.7130255699157715,0.44003501534461975
465,te151c,8.03791469194313,1.00937065239884,0.159595513245521,lah20b,4,major triad (r) + M6,Chord19,,60,55,64,9,0.188888888888889,0.83411290484838,0.588306983990921,2.16024689946929,0.123835079375222,-3.68872187554087,35.9627889954623,0.293520741377794,1.84600378013438,4.44715867402761,0.95333530789513,1,6.79247838232887,1.2353542159676,0.761982,983.125,6.86788,0.850754,0.67343,0.679218,4-26,3.82007212224573,2.34742117126595,2.54958529563679,3.82007212224573,1,1,7.75,55-59-62-64,,0.594698429107666,0.8776695728302002,0.40052908658981323,0.38936159014701843,0.2291429042816162,0.610638439655304,0.3716500401496887
466,dy12c,7.95260663507109,1.40066665863352,0.221464844196974,lah20b,2,octave,Chord09,,59,53,65,12,1.0,1.56429584559343,1.0,1.44913767461894,0.877702605293567,0.0,174.614115716502,0.0054092790495568,0.0550168698014833,0.118699915432456,0.236022809492706,3,7.3032164978325,3.05473037288288,0.747717,875.459,2.11235,0.615004,0.649892,1.06932,1-1,0.891128221913467,5.69565816435588,1.25264921891698,0.891128221913467,1,1,5.5,53-65,,0.14139710366725922,0.15435267984867096,0.7555660605430603,0.6462111473083496,0.7658728957176208,0.353788822889328,0.6849213242530823
467,tr25c,7.78199052132701,1.16753283096982,0.18460314944445,lah20b,3,minor triad (r),Chord08,,59,56,63,7,0.03375,0.928588602237831,0.702134069832943,2.04939015319192,0.287732323151807,-3.32192809488736,39.2893018380895,0.159975547229209,0.948194991584335,2.43401655096263,0.814179792200113,3,8.71728717881205,1.81945805937888,0.756182,1042.68,4.79526,0.785861,0.729975,0.587153,3-11A,3.29198082096815,2.14376085786175,5.46355161449422,3.29198082096815,1,1,5.5,56-59-63,,0.3201315402984619,0.6770188808441162,0.5319894552230835,0.4380500912666321,0.3690086901187897,0.5619499087333679,0.4735293388366699
468,tr35c,7.61137440758294,1.04328776811032,0.164958280111109,lah20b,3,minor triad (1),Chord07,,59,55,64,9,0.166666666666667,0.928588602237831,0.702134069832943,2.04939015319192,0.253094649752482,-3.58496250072116,50.9439326371874,0.138755564520662,0.875932087750222,2.04753472656119,0.855977169175062,3,5.90185056611313,1.56187817205301,0.764578,991.2,5.47623,0.703607,0.692037,0.845376,3-11A,3.29198082096815,2.14376085786175,5.46355161449422,3.29198082096815,1,1,5.5,55-59-64,,0.3698849678039551,0.6681431531906128,0.4510529935359955,0.42496511340141296,0.3691001236438751,0.5750349164009094,0.3811432421207428
469,tr41c,7.56872037914692,1.12508790092602,0.177892016741205,lah20b,3,minor triad (2),Chord02,,60,55,63,8,0.133333333333333,0.928588602237831,0.702134069832943,2.04939015319192,0.169579496507099,-3.90689059560852,49.5014184214823,0.184096277977744,0.957901752209272,2.30349432605133,0.867505482446585,3,5.78116443842024,1.47591078393806,0.773215,987.163,4.29521,0.786873,0.73042,0.629042,3-11A,3.29198082096815,2.14376085786175,5.46355161449422,3.29198082096815,1,1,7.75,55-60-63,,0.394949734210968,0.7515629529953003,0.5516759753227234,0.3621211051940918,0.2939106523990631,0.637878954410553,0.41223448514938354
470,dy8c,7.48341232227488,1.2218993308303,0.193199247842968,lah20b,2,minor 6th,Chord51,,59,55,63,8,0.3,1.0699768326589,0.733508698953899,1.79743406854583,0.521849351328427,-2.32192809488736,115.129265731206,0.104841926074305,0.297656333641686,0.634433325622787,0.62113552213726,3,2.67428545596906,1.53378529359896,0.747438,982.789,2.47355,0.621327,0.730794,0.618693,2-4,2.50511234872651,6.25113485824702,2.61404404066749,2.50511234872651,1,1,5.5,55-63,,0.373611181974411,0.4407122731208801,0.682451605796814,0.2567865252494812,0.43828728795051575,0.743213415145874,0.4683106541633606
471,tr45c,7.48341232227488,1.24244552640184,0.196447886605834,lah20b,3,power chord,Chord31,,59,54,66,12,0.030952380952381,1.2521137715718,0.80404805919527,1.67332005306815,0.434346859428391,-1.58496250072116,61.9444392722449,0.0574041366266938,0.436722178444605,0.970146869200304,0.736156096777752,3,4.52282532447988,2.12651560170005,0.776236,1102.23,4.6791,0.825527,0.722404,0.466985,2-5,1.85694148254459,5.71986443207317,1.48686327573291,1.85694148254459,1,1,5.5,54-59-66,,0.18875280022621155,0.34001511335372925,0.3600158989429474,0.2832837998867035,0.5093044638633728,0.7167161703109741,0.6026250123977661
472,te126c,7.44075829383886,1.24212710574862,0.196397539879923,lah20b,4,minor triad (r) + oct,Chord06,,59,54,66,12,0.114285714285714,0.928588602237831,0.702134069832943,2.04939015319192,0.26124751887785,-3.32192809488736,35.0027886441828,0.171470265631926,1.23505111388367,2.73760845254697,0.8850562284483,3,8.71728717881205,1.80083649763374,0.785525,1112.32,5.01466,0.88722,0.762641,0.598607,3-11A,3.29198082096815,2.14376085786175,5.46355161449422,3.29198082096815,1,1,5.5,54-57-61-66,,0.42753341794013977,0.6926441192626953,0.44860386848449707,0.33729276061058044,0.3193306624889374,0.6627072095870972,0.5782390236854553
473,te152c,7.3127962085308,1.16678721498964,0.184485257206592,lah20b,4,dominant 7th chord,Chord22,,60,54,64,10,0.0656547619047619,0.728916578223825,0.644295763132923,2.04939015319192,0.0923361033475774,-4.43016794670639,44.1007502178271,0.292291284903645,1.89872936471327,4.4620806432221,1.24313061285737,1,8.42519428100781,1.21941466589392,0.822519,1171.88,4.70847,0.77175,0.790733,0.501798,4-27B,3.09212901186637,2.41821647391762,2.60505692398376,3.09212901186637,1,1,7.75,54-58-61-64,,0.5601123571395874,0.8868716955184937,0.438979834318161,0.30560141801834106,0.19011753797531128,0.6943986415863037,0.38076505064964294
474,tr28c,7.27014218009479,1.0988342499489,0.173740950042064,lah20b,3,m3 + m7,Chord35,,58,55,65,10,0.0481481481481481,0.934734306954438,0.70414111353318,2.04939015319192,0.290364373661825,-3.1329145639794,37.0841627681703,0.199057934507344,0.880925002771849,2.00302813599434,0.708914990139169,3,3.61954522428821,1.23845502059857,0.796324,937.367,4.24735,0.651064,0.683674,0.48317,3-7A,8.97748579111647,7.54358923495796,12.051101629319,8.97748579111647,1,1,3.25,55-58-65,,0.32984596490859985,0.6300809383392334,0.46138688921928406,0.35986077785491943,0.36589574813842773,0.6401392817497253,0.4249672591686249
475,te161c,7.14218009478673,1.0835361705598,0.171322111307282,lah20b,4,"Minor triad 1st inversion, 3rd doubled",Chord12,,60,53,65,12,0.133333333333333,0.928588602237831,0.702134069832943,2.04939015319192,0.236460715520258,-3.58496250072116,45.3858842834981,0.185681330535038,1.29126424810268,2.84007313522782,0.861949043743512,3,5.90185056611313,1.48585794966391,0.756853,883.871,8.89606,0.571074,0.659477,1.05217,3-11A,3.29198082096815,2.14376085786175,5.46355161449422,3.29198082096815,1,1,7.75,53-57-62-65,,0.4245587885379791,0.7528472542762756,0.4639567732810974,0.365021288394928,0.2943001687526703,0.634978711605072,0.5713688731193542
476,tr40c,7.14218009478673,1.16243959962865,0.183797838860037,lah20b,3,suspended 4th,Chord05,,61,56,63,7,0.305555555555556,1.05597977834256,0.763252924065916,1.98431348329844,0.272462881860757,-3.16395103210989,33.9443527452088,0.219750173576247,0.906038679661909,2.2557105355546,0.663695759216156,4,6.89028075835381,1.75991134023351,0.747907,1112.32,4.27104,0.753452,0.756662,0.348145,3-9,8.97748579111647,4.09193223965683,9.97166008763918,8.97748579111647,1,1,10.0,56-61-63,,0.4156799614429474,0.6220397353172302,0.2997283935546875,0.18158474564552307,0.29941004514694214,0.8184153437614441,0.519579291343689
477,te67c,7.09952606635071,1.1826140322891,0.186987696745474,lah20b,4,major triad (r) + M2,Chord23,,60,57,64,7,0.01375,0.851740027175046,0.675052507383902,2.10262993215139,0.158887157419475,-3.93872187554087,26.9416506280621,0.402557808167204,2.04373302793591,5.16235509623848,1.17839288340222,1,6.73742707433197,1.08437924404525,0.791496,1104.25,7.48968,0.582066,0.747375,0.600052,4-22A,8.97748579111647,3.73225929214014,7.59675433306551,8.97748579111647,1,1,7.75,57-59-61-64,,0.6385084390640259,0.9064472317695618,0.3687538504600525,0.30469655990600586,0.17801032960414886,0.6953033804893494,0.4294135868549347
478,tr16c,7.01421800947867,1.1577340373617,0.183053824138272,lah20b,3,suspended 2nd,Chord36,,59,57,64,7,0.25,1.05597977834256,0.763252924065916,1.98431348329844,0.326540159832597,-3.58496250072116,26.9416506280621,0.238377861752135,0.906571669647222,2.29144544475036,0.813905150990291,4,5.50091134991306,1.58565880845179,0.799547,1103.91,3.8808,0.62823,0.774705,0.904121,3-9,8.97748579111647,4.09193223965683,9.97166008763918,8.97748579111647,1,1,5.5,57-59-64,,0.32276538014411926,0.5974385738372803,0.37662452459335327,0.3233519494533539,0.3708776831626892,0.6766480803489685,0.4782561957836151
479,te124c,6.97156398104265,1.12255359884439,0.177491308398361,lah20b,4,minor 7th chord,Chord16,,59,54,64,10,0.0638095238095238,0.83411290484838,0.588306983990921,2.16024689946929,0.154362346929905,-3.68016794670639,35.0027886441828,0.264714428574696,1.8029890869785,4.26925627557243,1.06978508759279,1,8.39084535786945,1.44776895260425,0.792164,1114.68,4.81879,0.902923,0.782881,0.499283,4-26,3.82007212224573,2.34742117126595,2.54958529563679,3.82007212224573,1,1,5.5,54-57-61-64,,0.5738808512687683,0.8446327447891235,0.4388611316680908,0.3044181764125824,0.2149876058101654,0.6955817937850952,0.43678322434425354
480,te82c,6.8436018957346,1.16046422400256,0.183485504549397,lah20b,4,"Dominant 7th chord, 3rd inversion",Chord21,,59,55,64,9,0.0591666666666667,0.728916578223825,0.644295763132923,2.04939015319192,0.144918387734097,-4.51352388013769,24.0022820091254,0.347430573463034,1.93411356774937,4.61797452383411,1.18725598440416,1,6.22333874970109,0.901759396772633,0.771839,1103.58,5.5296,0.389223,0.741645,0.711073,4-27B,3.09212901186637,2.41821647391762,2.60505692398376,3.09212901186637,1,1,5.5,55-57-61-64,,0.6638723611831665,0.8856156468391418,0.42434728145599365,0.2978728115558624,0.1877797245979309,0.70212721824646,0.3921258747577667
481,te90c,6.80094786729858,1.124806593783,0.177847538176504,lah20b,4,suspended 2nd + Oct,Chord47,,58,54,66,12,0.104166666666667,1.05597977834256,0.763252924065916,1.98431348329844,0.229085711698026,-3.43872187554087,22.6551374341554,0.258199494849772,1.21694692237433,2.56853048555624,0.8818332249048,4,5.50091134991306,1.55354755946896,0.769625,1112.66,6.99503,0.809528,0.731542,0.433613,3-9,8.97748579111647,4.09193223965683,9.97166008763918,8.97748579111647,1,1,3.25,54-56-61-66,,0.37598252296447754,0.6731102466583252,0.3703700602054596,0.27869683504104614,0.3076125979423523,0.7213031053543091,0.5221641659736633
482,te153c,6.71563981042654,1.18535365656805,0.187420869378202,lah20b,4,major 7th chord,Chord18,,60,54,65,11,0.125396825396825,0.815233587107258,0.593204732098434,2.16024689946929,0.153051458380088,-3.0,44.1007502178271,0.29037197696277,1.73001978677949,4.00302476894858,1.03074964888138,1,7.42894391227048,1.27285200633661,0.804362,1113.0,10.2823,0.788032,0.72434,0.708977,4-20,3.50094154161012,3.54780574500476,3.45232845091035,3.50094154161012,1,1,7.75,54-58-61-65,,0.4109612703323364,0.7492551207542419,0.45275378227233887,0.35541558265686035,0.29261314868927,0.6445844173431396,0.4295685887336731
483,te113c,6.6303317535545,1.06705557256251,0.16871629996363,lah20b,4,"Suspended 2nd/suspended 4th, inversion (root highest)",Chord46,,59,55,65,10,0.0564814814814815,0.907772360666524,0.672732400497647,2.22287572090485,0.190138984070596,-4.61888982224726,28.5436845415537,0.338156898341958,1.85204933638491,4.3838440629106,0.985223050091781,4,3.4869120493249,0.951369209110702,0.803722,983.125,5.69943,0.665649,0.684111,0.53701,4-23,8.97748579111647,4.54785696140397,5.96660221624384,8.97748579111647,1,1,5.5,55-58-60-65,,0.42678302526474,0.8402596116065979,0.5324567556381226,0.3585165739059448,0.23925088346004486,0.6414834260940552,0.3974432349205017
484,tr54c,6.6303317535545,1.03085315532723,0.162992195200269,lah20b,3,Perfect 5th + m7,Chord27,,61,54,64,10,0.0508928571428571,0.934734306954438,0.70414111353318,1.92506684375924,0.203655785108352,-3.79958123064606,52.4449259359978,0.179225892234607,0.841647859712781,1.90041741490266,1.00061215266479,3,4.99609207960734,1.41332893919733,0.790759,1115.35,4.136,0.815243,0.787767,0.574977,3-7B,3.87008572567373,6.41900145988659,12.051101629319,3.87008572567373,1,1,10.0,54-61-64,,0.36025193333625793,0.6699926257133484,0.42202648520469666,0.22831317782402039,0.28932973742485046,0.7716867923736572,0.42143353819847107
485,te117c,6.58767772511848,1.21898224823784,0.192738016587218,lah20b,4,"Dominant seventh chord, 1st inversion",Chord42,,60,55,63,8,0.0583333333333333,0.728916578223825,0.644295763132923,2.04939015319192,0.0579101098197798,-4.50048947430389,33.9443527452088,0.387384915194237,2.11838453647169,5.11614250696949,1.31929627731233,1,5.47759251020318,0.759700207108858,0.798089,1112.32,4.55238,0.471693,0.730992,0.470695,4-27B,3.09212901186637,2.41821647391762,2.60505692398376,3.09212901186637,1,1,7.75,55-58-61-63,,0.761535108089447,0.9468917846679688,0.45659923553466797,0.29080602526664734,0.14818733930587769,0.7091939449310303,0.42731133103370667
486,te209c,6.58767772511848,1.02739377781041,0.162445219588293,lah20b,4,power chord + m7,Chord30,,60,52,64,12,0.177777777777778,0.934734306954438,0.70414111353318,1.92506684375924,0.298595667030262,-3.68016794670639,35.9627889954623,0.241961596028543,1.33138786479005,3.10994120142071,0.923179283853296,3,4.99609207960734,1.3116964553996,0.768576,994.565,4.9676,0.800271,0.727741,0.400812,3-7B,3.87008572567373,6.41900145988659,12.051101629319,3.87008572567373,1,1,7.75,52-59-62-64,,0.4752357006072998,0.7495102882385254,0.3803428113460541,0.3069385290145874,0.27306926250457764,0.6930614709854126,0.529319167137146
487,tr30c,6.58767772511848,1.32830671690586,0.21002373283615,lah20b,3,Minor 3rd + oct,Chord53,,57,54,66,12,0.0857142857142857,1.00354157407174,0.712561151403412,2.04939015319192,0.474047505406878,-2.32192809488736,35.0027886441828,0.134556672866391,0.579992892941239,1.16243349054795,0.58043961958429,3,2.19278502537322,1.3174665530914,0.799806,1113.0,3.43136,0.766315,0.782172,0.952239,2-3,2.33315009581831,7.30058898374176,3.39080942738383,2.33315009581831,1,1,1.0,54-57-66,,0.39800265431404114,0.47486642003059387,0.47560539841651917,0.3344332277774811,0.448853462934494,0.6655668020248413,0.6464710831642151
488,te133c,6.37440758293839,1.15944115739797,0.183323743515969,lah20b,4,"Diminished triad, 1st inversion, 3rd doubled",Chord34,,59,53,65,12,0.0277777777777778,0.727581329514965,0.587538205311478,2.50998007960223,0.184283397992959,-3.76064997042823,33.0382330734706,0.232948828315589,1.37242163499575,2.95194188427424,0.952510781427874,3,3.43773223440645,0.79598121625614,0.739312,882.861,11.1109,0.660591,0.643773,0.81235,3-10,4.64377597831346,5.91848520577946,7.57376481484081,4.64377597831346,1,1,5.5,53-56-62-65,,0.525443971157074,0.767052948474884,0.4702613353729248,0.31012624502182007,0.26381880044937134,0.6898737549781799,0.5203121900558472
489,te79c,6.37440758293839,1.10350419980503,0.174479333947272,lah20b,4,power chord + M2,Chord39,,58,55,67,12,0.244444444444444,0.934734306954438,0.70414111353318,2.04939015319192,0.263450799315992,-3.87744375108173,24.0022820091254,0.295420669630613,1.37631347323951,2.98200817843139,0.995241845831177,3,3.4869120493249,1.06859254335558,0.786191,1103.91,4.69891,0.626872,0.755541,0.772557,3-7A,8.97748579111647,7.54358923495796,12.051101629319,8.97748579111647,1,1,3.25,55-57-60-67,,0.6058008074760437,0.8215856552124023,0.3843930661678314,0.28157636523246765,0.21967914700508118,0.7184236645698547,0.527107834815979
490,te123c,6.28909952606635,1.09515619370371,0.173159398287214,lah20b,4,minor triad (r) + M6,Chord40,,60,55,64,9,0.08,0.728916578223825,0.644295763132923,2.36643191323985,0.143136984528246,-4.86440934524794,35.9627889954623,0.329087876428097,1.90464264028127,4.52378385497897,1.04096433593171,3,5.11201769037551,0.816232457508785,0.812672,986.49,5.49711,0.913213,0.734795,0.7372,4-27A,4.97985225373369,5.22017005506107,4.26829436647932,4.97985225373369,1,1,7.75,55-58-62-64,,0.5663993954658508,0.9032033085823059,0.3974982500076294,0.32477596402168274,0.18798838555812836,0.6752240657806396,0.39825645089149475
491,tr60c,6.28909952606635,1.20521020804241,0.190560465834969,lah20b,3,Augmented 5th + oct,Chord58,,61,53,65,12,0.3,1.0699768326589,0.733508698953899,1.79743406854583,0.471560841877958,-2.32192809488736,72.0456004561318,0.107041109627435,0.519248214343475,1.15066698022237,0.703143800609919,3,2.67428545596906,1.53022259367985,0.739554,876.132,4.59562,0.585292,0.651081,1.06709,2-4,2.50511234872651,6.25113485824702,2.61404404066749,2.50511234872651,1,1,10.0,53-61-65,,0.3281233012676239,0.48093822598457336,0.6032733917236328,0.3049558103084564,0.433419406414032,0.695044219493866,0.5910574197769165
492,te197c,6.20379146919431,1.16488712986128,0.1841848273689,lah20b,4,"Diminished triad, 2nd inversion, 5th doubled",Chord33,,60,53,65,12,0.0666666666666667,0.727581329514965,0.587538205311478,2.50998007960223,0.234351705278385,-3.69776527867924,46.7231172893455,0.223403135256004,1.38379750786303,3.19388019649336,0.910967249357675,3,3.27067796865568,0.794122064714481,0.743814,882.861,9.49321,0.390066,0.627105,0.925594,3-10,4.64377597831346,5.91848520577946,7.57376481484081,4.64377597831346,1,1,7.75,53-59-62-65,,0.6432182192802429,0.8112057447433472,0.4973529577255249,0.3298134207725525,0.2452019453048706,0.6701865792274475,0.4753921627998352
493,te74c,6.20379146919431,1.23861907590263,0.195842871659264,lah20b,4,mu chord,Chord45,,60,56,63,7,0.104166666666667,0.907772360666524,0.672732400497647,2.22287572090485,0.129415238252202,-4.70792577480357,25.4295319690724,0.399769799447656,2.0360011306252,5.0893479713422,1.07869300041084,4,4.81233024966143,0.988999520394623,0.79447,1172.21,5.19907,0.71557,0.765002,0.328982,4-23,8.97748579111647,4.54785696140397,5.96660221624384,8.97748579111647,1,1,7.75,56-58-61-63,,0.7170839905738831,0.907977819442749,0.370996356010437,0.26906120777130127,0.16283775866031647,0.7309387922286987,0.46303072571754456
494,te140c,6.16113744075829,1.16046422400256,0.183485504549397,lah20b,4,"Major seventh chord, 2nd inversion",Chord43,,60,55,64,9,0.2,0.815233587107258,0.593204732098434,2.16024689946929,0.132278147584454,-3.58496250072116,14.6839146725366,0.41139654263134,2.0282930119185,5.07056704869979,1.07795852689522,1,3.2069145415475,0.638972970378659,0.777691,991.537,6.37523,0.689338,0.692767,0.848229,4-20,3.50094154161012,3.54780574500476,3.45232845091035,3.50094154161012,1,1,7.75,55-59-60-64,,0.6531105637550354,0.8478661775588989,0.46983250975608826,0.2253502607345581,0.18142035603523254,0.7746497988700867,0.37969914078712463
495,tr36c,6.16113744075829,1.11598001433944,0.176451933427,lah20b,3,Italian 6th,Chord49,,59,55,65,10,0.0583333333333333,0.802289788464618,0.631533057415607,2.04939015319192,0.336613044130369,-3.93792706373901,50.9439326371874,0.209182262101296,0.919916273991195,2.0205720898396,0.951034859355421,3,1.0,0.714669538877625,0.740827,786.298,5.85674,0.40116,0.62886,0.282809,3-8A,8.97748579111647,11.1811753946843,12.051101629319,8.97748579111647,1,1,5.5,55-59-65,,0.4571676254272461,0.7099787592887878,0.4950271248817444,0.3838658928871155,0.32755914330482483,0.6161340475082397,0.3694173991680145
496,te122c,6.03317535545024,1.18961753241019,0.18809504734427,lah20b,4,minor triad (r) + m6,Chord37,,60,55,63,8,0.233333333333333,0.815233587107258,0.593204732098434,2.16024689946929,0.0773581332867802,-3.32192809488736,17.4622158046733,0.442789425089746,2.04933617567189,5.10000226096281,1.09977775971611,1,4.72621718882644,0.745665542969686,0.805739,983.125,9.02464,0.871017,0.723529,0.465355,4-20,3.50094154161012,3.54780574500476,3.45232845091035,3.50094154161012,1,1,7.75,55-58-62-63,,0.6651369333267212,0.8947731256484985,0.5048270225524902,0.30854958295822144,0.18655595183372498,0.6914503574371338,0.4123443067073822
497,te30c,6.03317535545024,1.01756721545787,0.160891503658108,lah20b,4,"Major 7th chord, 3rd inversion",Chord24,,59,56,64,8,0.0566666666666667,0.815233587107258,0.593204732098434,2.16024689946929,0.0780729995463553,-3.90689059560852,12.3476512100274,0.430208374492795,1.99922049413312,5.09951882758352,1.06099148043968,1,5.65239829253021,0.862090540012824,0.77483,1104.25,6.64398,0.872161,0.7744,0.645523,4-20,3.50094154161012,3.54780574500476,3.45232845091035,3.50094154161012,1,1,5.5,56-57-61-64,,0.5677365660667419,0.8462345600128174,0.5687131881713867,0.3990804851055145,0.25189149379730225,0.6009195446968079,0.385126531124115
498,te184c,5.99052132701422,1.02430896743097,0.161957468240854,lah20b,4,power chord + m7,Chord26,,60,53,65,12,0.1,1.05597977834256,0.763252924065916,1.98431348329844,0.246150643327112,-3.53840779852542,38.101247710923,0.212217971003699,1.21956647461698,2.75107503961609,0.968875949116423,4,4.71482082989417,1.5465217134428,0.789214,1050.75,4.09147,0.60362,0.685827,1.04222,3-9,8.97748579111647,4.09193223965683,9.97166008763918,8.97748579111647,1,1,7.75,53-58-63-65,,0.3737947642803192,0.6766620874404907,0.37765392661094666,0.267363965511322,0.3009483218193054,0.7326360940933228,0.5862870812416077
499,te77c,5.9478672985782,1.11349603399452,0.176059181649348,lah20b,4,"Major triad with added M2, inversion (root highest)",Chord13,,58,55,65,10,0.277777777777778,0.851740027175046,0.675052507383902,2.10262993215139,0.091690852052679,-4.10416639998386,24.0022820091254,0.383229127425336,1.95215732159279,4.52258214612961,1.11806585173936,1,6.77381810231831,1.11946559918027,0.771416,983.462,5.99374,0.607088,0.68124,0.492609,4-22A,8.97748579111647,3.73225929214014,7.59675433306551,8.97748579111647,1,1,3.25,55-57-60-65,,0.6980658769607544,0.9244174957275391,0.3689482808113098,0.3031410276889801,0.1666058897972107,0.6968590021133423,0.36884763836860657
500,te118c,5.90521327014218,1.21690362411316,0.192409357255549,lah20b,4,dimished 7th chord,Chord41,,60,55,64,9,0.0606018518518519,0.573024701164252,0.50979080012731,2.89827534923789,0.0523153155589374,-4.27824730240108,37.0841627681703,0.326681955472497,2.04403252610447,4.91544554753496,1.3087427640373,7,3.95464558589437,0.422636718954289,0.805705,1112.32,4.99562,0.476126,0.745843,0.714349,4-28,5.02396217594065,7.77997801302219,5.31769973748165,5.02396217594065,2,0,7.75,55-58-61-64,,0.6359982490539551,0.9258426427841187,0.4514453113079071,0.3040901720523834,0.16613049805164337,0.695909857749939,0.381618469953537
501,tr55c,5.69194312796209,1.1351685315127,0.179485904386438,lah20b,3,Perfect 5th + M7,Chord50,,60,53,64,11,0.216666666666667,0.898206959300817,0.709916008353518,2.04939015319192,0.284265248875643,-3.0,68.0019916122713,0.231179900582926,0.830618845912228,1.76616866658781,0.812154862352649,3,1.0,0.849758377604888,0.806815,1052.1,2.93989,0.72854,0.755538,0.598842,3-4B,8.97748579111647,11.1811753946843,12.051101629319,8.97748579111647,1,1,7.75,53-60-64,,0.33677977323532104,0.5280323624610901,0.5699388980865479,0.33790627121925354,0.41834312677383423,0.6620936989784241,0.4420758783817291
502,te173c,5.60663507109005,0.990780283221388,0.156656117788315,lah20b,4,suspended 4th + m7,Chord17,,60,54,64,10,0.0160565476190476,0.907772360666524,0.672732400497647,2.22287572090485,0.100530470289965,-4.53840779852542,30.24098034881,0.320790874065021,1.82890313437126,4.30284635621703,1.09244692553909,4,6.56755691054627,1.29896051398308,0.784354,1114.01,7.55236,0.733241,0.729482,0.588312,4-23,8.97748579111647,4.54785696140397,5.96660221624384,8.97748579111647,1,1,7.75,54-59-61-64,,0.57511305809021,0.8745986819267273,0.38623765110969543,0.29646027088165283,0.1938249170780182,0.7035397291183472,0.36168161034584045
503,te97c,5.43601895734597,0.998416467731765,0.157863504572619,lah20b,4,M2 + M6 + oct,Chord38,,60,54,66,12,0.285714285714286,0.934734306954438,0.70414111353318,1.92506684375924,0.215232031610904,-3.87744375108173,22.6551374341554,0.283693136611946,1.25066816904543,2.62802456476651,0.954705383664851,3,3.06317911550661,1.0436508090517,0.774464,1113.33,8.83018,0.665509,0.740754,0.373577,3-7B,3.87008572567373,6.41900145988659,12.051101629319,3.87008572567373,1,1,7.75,54-56-63-66,,0.5163246393203735,0.7001041769981384,0.3768947124481201,0.2709500193595886,0.2883175313472748,0.7290499806404114,0.5762407779693604
504,tr34c,5.43601895734597,1.19466111926078,0.188892508445506,lah20b,3,augmented triad,Chord29,,60,56,64,8,0.13,0.863664232550099,0.614699522067638,2.20139815711603,0.321307519368862,-4.32192809488736,53.9732165106261,0.170620877694266,0.942035224175835,2.26865799954863,0.757997997564936,7,4.17395806884735,1.21551580496151,0.791439,1252.29,3.60558,0.521797,0.805558,0.735921,3-12,5.63569907288043,7.5176137485547,8.20095402760895,5.63569907288043,2,0,7.75,56-60-64,,0.49883076548576355,0.6905309557914734,0.7204641103744507,0.42893216013908386,0.3572543263435364,0.5710678696632385,0.3864060342311859
505,te146c,4.96682464454976,1.13342485358941,0.17921020469927,lah20b,4,"Minor triad with added 6th, 1st inversion",Chord48,,60,55,64,9,0.0148958333333333,0.728916578223825,0.644295763132923,2.36643191323985,0.124659372381926,-5.1172832549574,30.24098034881,0.340552167279284,1.98283629984227,4.74846662293358,1.17522422630748,3,3.38557005074645,0.618630205096511,0.761408,991.537,8.333,0.598247,0.683411,0.70365,4-27A,4.97985225373369,5.22017005506107,4.26829436647932,4.97985225373369,1,1,7.75,55-59-61-64,,0.7762594223022461,0.9444566965103149,0.4338993728160858,0.3201417028903961,0.16138266026973724,0.6798583269119263,0.35493049025535583
506,te88c,4.96682464454976,1.04025009164362,0.164477981289636,lah20b,4,suspended 2nd + m7,Chord20,,60,55,65,10,0.140740740740741,0.851740027175046,0.675052507383902,2.16024689946929,0.123303714956291,-5.03840779852542,24.0022820091254,0.356915327887022,1.80937469411961,4.16324775980371,1.05289987422287,3,5.60887389773921,1.04129128948331,0.756498,883.198,8.37836,0.739271,0.663514,0.389218,4-22B,8.97748579111647,5.52518358386449,9.85387705198279,8.97748579111647,1,1,7.75,55-57-62-65,,0.6525108814239502,0.892005980014801,0.41023707389831543,0.32837507128715515,0.1961464285850525,0.6716248989105225,0.3932901620864868
507,te177c,4.79620853080569,1.02616096647355,0.162250295000805,lah20b,4,"Suspended 2nd with added m7, inversion (root highest)",Chord44,,60,54,64,10,0.0457142857142857,0.851740027175046,0.675052507383902,2.16024689946929,0.0918293672968044,-4.6993718459691,35.9627889954623,0.349195418606823,1.89632229269568,4.33758759687204,1.07233511235183,3,3.06317911550661,0.789812960568212,0.785869,991.873,6.56049,0.944777,0.716695,0.545055,4-22B,8.97748579111647,5.52518358386449,9.85387705198279,8.97748579111647,1,1,7.75,54-59-62-64,,0.7344449162483215,0.9222072958946228,0.4164443612098694,0.25593218207359314,0.14904849231243134,0.7440678477287292,0.36634716391563416
508,te89c,4.79620853080569,1.07437058406247,0.16987290483614,lah20b,4,suspended 2nd + M7,Chord15,,58,54,65,11,0.116666666666667,0.801958787793059,0.706575278810354,2.16024689946929,0.16011162290244,-3.43872187554087,22.6551374341554,0.390701266184112,1.80877045506344,4.01748216426349,0.980902798812232,1,6.04758256715958,0.943444337598195,0.755417,1042.34,10.4487,0.717449,0.692702,0.480148,4-14B,8.97748579111647,5.17976051672319,12.051101629319,8.97748579111647,1,1,3.25,54-56-61-65,,0.5144028067588806,0.7949476838111877,0.40056341886520386,0.2574286460876465,0.22600284218788147,0.7425713539123535,0.39402005076408386
509,tr32c,4.79620853080569,1.05054235540807,0.16610533107838,lah20b,3,M3 + tritone,Chord66,,61,57,63,6,0.0933333333333333,0.802289788464618,0.631533057415607,2.20139815711603,0.185826227482247,-4.04309433898166,33.9443527452088,0.284044972789612,1.08291994459545,2.67620550991625,0.94368140062171,3,1.0,0.593391179491158,0.779987,1111.99,4.35182,0.48681,0.798059,0.286082,3-8B,8.97748579111647,11.1811753946843,12.051101629319,8.97748579111647,1,1,10.0,57-61-63,,0.668369710445404,0.8205505609512329,0.4577856957912445,0.286833256483078,0.2224029004573822,0.7131667137145996,0.4630361497402191
510,tr51c,4.71090047393365,1.1577340373617,0.183053824138272,lah20b,3,Tritone + oct,Chord56,,59,53,65,12,0.0527777777777778,0.942577195756561,0.710131347576048,2.04939015319192,0.49166637044763,-2.48373703727744,72.3275349115601,0.120244846984398,0.532054532612184,1.10619374312973,0.690012022477156,3,1.0,1.10844993487152,0.743819,954.863,3.92555,0.411343,0.632781,0.74416,2-6,7.25009767181935,11.1300541003761,8.40341790009005,7.25009767181935,1,1,5.5,53-59-65,,0.3734786808490753,0.4763360619544983,0.6030438542366028,0.33746591210365295,0.449184775352478,0.6625341176986694,0.5317787528038025
511,te181c,4.54028436018957,1.08492256038176,0.171541318785396,lah20b,4,Major triad 2nd inversion + M7,Chord72,,60,53,64,11,0.032037037037037,0.712418541856751,0.617308583056919,2.16024689946929,0.0925254721394552,-4.26920389926271,35.9627889954623,0.400437128488524,1.90850066174262,4.15039739629947,1.16320562153381,1,1.0,0.244870737739713,0.80929,1051.43,6.80826,0.753448,0.733307,0.55798,4-29B,8.97748579111647,8.23673641551791,11.3579544487591,8.97748579111647,1,1,7.75,53-58-62-64,,0.5717273950576782,0.8846666812896729,0.4159379303455353,0.2759220004081726,0.17956876754760742,0.7240780591964722,0.4121606647968292
512,te158c,4.19905213270142,0.993571106818127,0.157097385743987,lah20b,4,augmented triad + oct,Chord25,,59,53,65,12,0.105,0.863664232550099,0.614699522067638,2.20139815711603,0.316888622398852,-4.32192809488736,45.3858842834981,0.201128034468322,1.35676244741954,2.95234248957119,0.894817869559059,7,4.17395806884735,1.16609389799227,0.75639,1051.09,5.23836,0.57367,0.674161,1.06834,3-12,5.63569907288043,7.5176137485547,8.20095402760895,5.63569907288043,2,0,5.5,53-57-61-65,,0.4421846270561218,0.7348230481147766,0.5247094035148621,0.3754146695137024,0.30927202105522156,0.6245853304862976,0.5374085903167725
513,dy10c,4.02843601895735,1.10171040785898,0.174195710537373,lah20b,2,minor 7th,Chord32,,59,54,64,10,0.108571428571429,1.0943008651589,0.732423362285411,1.87082869338697,0.578217462763458,-2.74592654816484,144.630345557053,0.133460613312949,0.290972406291006,0.521271218898304,0.500157293851166,4,3.69781848126641,1.63685645843329,0.807028,1115.35,2.42413,0.699863,0.824461,0.470961,2-2,5.48096108326621,7.28041317199458,2.04603276215678,5.48096108326621,1,1,5.5,54-64,,0.3465205132961273,0.4327907860279083,0.4334324896335602,0.13340526819229126,0.3936876654624939,0.866594672203064,0.43702611327171326
514,tr49c,3.94312796208531,1.05355035685551,0.166580937867331,lah20b,3,Tritone + m7,Chord57,,60,54,64,10,0.142857142857143,0.802289788464618,0.631533057415607,2.20139815711603,0.293210833030578,-3.87371203775821,68.0019916122713,0.206794872710877,0.915861433026404,2.00435131645906,1.02707939674983,3,1.0,0.71853713418408,0.822441,1115.69,3.61802,0.529143,0.808954,0.628481,3-8B,8.97748579111647,11.1811753946843,12.051101629319,8.97748579111647,1,1,7.75,54-60-64,,0.6062098741531372,0.7559490203857422,0.5628901720046997,0.1986621916294098,0.2258954495191574,0.8013377785682678,0.3759496510028839
515,te148c,3.55924170616114,1.19889189343823,0.189561452578834,lah20b,4,Major seventh chord (flat 5th),Chord69,,59,54,65,11,0.121428571428571,0.792841884635678,0.678210185899313,2.29128784747792,0.159811098125523,-4.92856137941653,28.5436845415537,0.392134110313348,1.86106349454282,4.21025293759525,0.958209573618133,4,1.0,0.401469120471425,0.817726,1115.02,10.3275,0.678658,0.736071,0.960611,4-16A,8.97748579111647,11.1811753946843,12.051101629319,8.97748579111647,1,1,5.5,54-58-60-65,,0.5375844836235046,0.8206221461296082,0.566917359828949,0.2740963101387024,0.21726524829864502,0.7259037494659424,0.4000348448753357
516,tr17c,2.96208530805687,0.994923825084875,0.157311269281759,lah20b,3,M2 + augmented 5th,Chord64,,58,56,64,8,0.146666666666667,0.802289788464618,0.631533057415607,2.20139815711603,0.247469023849079,-4.3785697620348,25.4295319690724,0.331216418874075,1.05465742152787,2.45949867607155,1.03067903187512,3,1.0,0.516972952867905,0.810784,1252.29,4.24309,0.420808,0.823013,0.707201,3-8B,8.97748579111647,11.1811753946843,12.051101629319,8.97748579111647,1,1,3.25,56-58-64,,0.6904611587524414,0.8511981964111328,0.5172271728515625,0.3051607310771942,0.21134540438652039,0.6948392987251282,0.4126115143299103
517,te157c,2.7914691943128,1.07444421900201,0.169884547542356,lah20b,4,augmented triad + M7,Chord63,,60,54,65,11,0.0311507936507937,0.754353510193137,0.636943902696878,2.16024689946929,0.113110471847181,-4.49144607116552,48.0846694032278,0.320063891091608,1.78944129411519,4.02902956658819,0.920812375526584,7,2.67428545596906,0.62333809276502,0.809625,941.405,11.7267,0.549767,0.711048,0.706467,4-19B,8.97748579111647,8.98395081734813,8.4675826908629,8.97748579111647,2,0,7.75,54-58-62-65,,0.540233850479126,0.7999946475028992,0.5353448987007141,0.4219684898853302,0.28879061341285706,0.5780315399169922,0.43050479888916016
518,dy11c,2.36492890995261,1.124806593783,0.177847538176504,lah20b,2,major 7th,Chord59,,60,54,65,11,0.0714285714285714,0.941931969299263,0.707106787773168,2.04939015319192,0.513492126221863,-3.0,164.231020077187,0.242442497093554,0.311195517803457,0.508856936473435,0.525478811557282,4,1.0,0.909340034162346,0.77504,929.292,9.79967,0.520316,0.715967,1.00601,2-1,8.97748579111647,9.85758902795363,6.3296798252698,8.97748579111647,1,1,7.75,54-65,,0.2962478697299957,0.33764833211898804,0.48090797662734985,0.129023477435112,0.4490204155445099,0.8709763884544373,0.45956525206565857
519,te120c,2.36492890995261,0.993332200605363,0.157059611355012,lah20b,4,diminished (r) + M7,Chord71,,60,55,66,11,0.061276455026455,0.693042188490329,0.620735576199436,2.16024689946929,0.0669432478838882,-5.08952542686021,37.0841627681703,0.376972910705847,1.9010346731197,4.30996973308141,1.1405689342541,7,2.89051953663829,0.444438570855128,0.799759,1043.01,10.5188,0.421362,0.723313,0.41092,4-18A,8.97748579111647,8.54211806506909,9.48615227185748,8.97748579111647,2,0,7.75,55-58-61-66,,0.6411781907081604,0.8913218379020691,0.5076344609260559,0.2919607162475586,0.18199121952056885,0.7080392837524414,0.3923187255859375
520,te23c,2.19431279620853,1.02839434883164,0.162603423757686,lah20b,4,"Minor-major seventh chord, 3rd inversion",Chord70,,58,56,64,8,0.0566666666666667,0.754353510193137,0.636943902696878,2.36643191323985,0.177328896956392,-5.98737261933036,12.3476512100274,0.451240354342245,2.09753433166655,5.35465662155563,1.08852673904927,7,1.59639251268661,0.299055024394465,0.794379,1104.25,6.23703,0.500379,0.802403,0.701637,4-19A,8.97748579111647,7.96229956981614,7.01414902690538,8.97748579111647,2,0,3.25,56-57-60-64,,0.8249792456626892,0.8960819244384766,0.5977586507797241,0.3112212121486664,0.186839297413826,0.688778817653656,0.3781961500644684
521,tr6c,2.15165876777251,1.16046422400256,0.183485504549397,lah20b,3,m2 + perfect 5th,Chord68,,58,57,64,7,0.0444444444444444,0.842879489623361,0.685685156085516,2.04939015319192,0.224661754929809,-5.15254579366392,13.081880759045,0.410713862182823,1.05089251051002,2.78514374994136,0.921339328017332,4,1.0,0.460432847254458,0.845312,1319.58,3.69834,0.303864,0.885796,0.346599,3-5B,8.97748579111647,9.79488103356445,12.051101629319,8.97748579111647,1,1,3.25,57-58-64,,0.5447039008140564,0.688114583492279,0.5915948152542114,0.25827842950820923,0.29044264554977417,0.7417215704917908,0.39051946997642517
522,te136c,1.8957345971564,0.848584077572082,0.134172923564039,lah20b,4,"Minor-major 7th chord (no 5th, root doubled in octave)",Chord62,,60,53,65,12,0.0533333333333333,0.768245513873647,0.609609079857976,2.20139815711603,0.116194514075249,-5.32192809488736,19.600674520134,0.428107998350116,1.47758408326277,3.17532939916287,1.0236618708776,7,1.0,0.299411391272862,0.746182,1036.62,7.66011,0.687445,0.665947,1.08319,3-3A,8.97748579111647,11.1811753946843,12.051101629319,8.97748579111647,2,0,7.75,53-56-64-65,,0.7448064088821411,0.8109573721885681,0.561147928237915,0.2695958912372589,0.22126397490501404,0.7304041385650635,0.5736131072044373
523,tr39c,1.76777251184834,1.11831699950971,0.176821443226805,lah20b,3,Perfect 4th + tritone,Chord65,,61,56,62,6,0.0228009259259259,0.842879489623361,0.685685156085516,2.04939015319192,0.126101463061602,-5.0686995379986,16.4821369405355,0.428637020805321,1.16600789810624,3.00359910315065,1.02231813220497,4,2.38478053078751,0.57499677261634,0.744506,1042.34,9.18857,0.460706,0.72625,0.436995,3-5B,8.97748579111647,9.79488103356445,12.051101629319,8.97748579111647,1,1,10.0,56-61-62,,0.6056023240089417,0.7734650373458862,0.5001388788223267,0.1477525383234024,0.19502198696136475,0.852247416973114,0.40353792905807495
524,te185c,1.6824644549763,0.927430095629035,0.146639573638776,lah20b,4,Perfect 4th + M7 + oct,Chord67,,60,52,64,12,0.0266666666666667,0.842879489623361,0.685685156085516,2.04939015319192,0.118625232456181,-4.26920389926271,18.500573190789,0.372172139414783,1.40600470860633,3.22523075529044,1.17028209608969,4,1.0,0.522870833566452,0.787316,1159.09,10.4626,0.530539,0.802454,0.837941,3-5A,8.97748579111647,11.1811753946843,12.051101629319,8.97748579111647,1,1,7.75,52-57-63-64,,0.5385335087776184,0.7158260345458984,0.5932299494743347,0.3896443247795105,0.32636216282844543,0.6103556156158447,0.6268104910850525
525,tr22c,1.0,0.924696323740524,0.146207326350224,lah20b,3,m3 + M3,Chord61,,61,58,62,4,0.022337962962963,0.768245513873647,0.609609079857976,2.20139815711603,0.127456895494213,-4.98859476155403,16.4821369405355,0.454592417223893,1.31171711920724,3.51673883112373,0.95435907298359,7,1.0,0.256506360974289,0.815277,1113.67,8.94644,0.471814,0.782478,0.38445,3-3B,8.97748579111647,11.1811753946843,12.051101629319,8.97748579111647,2,0,10.0,58-61-62,,0.6267175078392029,0.7950443029403687,0.43036407232284546,0.21486839652061462,0.20892079174518585,0.7851316928863525,0.3834999203681946
526,a09,10.0,1.29960880685207,0.237275019815084,pop19,6,a09,,Klassik,68,48,76,28,0.244444444444444,0.728916578223825,0.644295763132923,2.04939015319192,0.664361119526084,-2.89408799610005,57.0873690831073,0.193300629679762,1.74828427513093,3.95609392265433,0.886488643129469,1,8.42519428100781,1.37978054297426,0.803758,1315.21,5.99244,0.690797,0.776565,0.814063,4-27B,3.09212901186637,2.41821647391762,2.60505692398376,3.09212901186637,1,1,5.38461538461538,48-60-67-70-72-76,,0.2295275330543518,0.48226696252822876,0.523314893245697,0.24230188131332397,0.4075605869293213,0.757698118686676,0.7125942707061768
527,a04,9.92436974789916,1.46242967864159,0.26700190791901,pop19,4,a04,,Klassik,60,49,69,20,0.0566666666666667,0.928588602237831,0.702134069832943,1.87082869338697,0.312464552120179,-2.32192809488736,81.408684511564,0.182797260652577,0.899320555442786,1.44641479917747,0.743591119098427,1,7.17190398701256,1.62223277259534,0.825225,1387.55,3.63949,0.81298,0.930572,0.779778,3-11B,2.69089884378532,0.632235176200951,5.26777642871505,2.69089884378532,1,1,3.53846153846154,49-57-64-69,,0.235098734498024,0.47920888662338257,0.43542349338531494,0.330300509929657,0.4445948898792267,0.6696994304656982,0.7265898585319519
528,a07,9.73529411764706,1.38351880861277,0.252594820069963,pop19,6,a07,,Klassik,65,55,75,20,0.133333333333333,0.928588602237831,0.702134069832943,2.04939015319192,0.203613584078668,-3.90689059560852,49.5014184214823,0.21192876345414,1.63254655972202,3.13268424218741,0.948101371765157,3,5.78116443842024,1.43082187191244,0.769989,1129.82,5.44521,0.837562,0.746511,0.460545,3-11A,3.29198082096815,2.14376085786175,5.46355161449422,3.29198082096815,1,1,4.69230769230769,55-60-63-67-72-75,,0.332801878452301,0.6449487209320068,0.5548084378242493,0.3115133047103882,0.3376360833644867,0.688486635684967,0.6666317582130432
529,j16,9.35714285714286,1.66689264004804,0.304331566631217,pop19,5,j16,,Jazz,55,36,64,28,0.366666666666667,0.815233587107258,0.593204732098434,2.16024689946929,0.171926164195853,-2.0,32.5924676702877,0.257402037997021,2.24142524184867,3.68175873091121,1.08036103937867,1,7.42894391227048,1.32626364572388,0.724192,990.864,7.86145,0.798166,0.648063,0.685037,4-20,3.50094154161012,3.54780574500476,3.45232845091035,3.50094154161012,1,1,2.38461538461538,36-43-55-59-64,,0.645550549030304,0.8386154770851135,0.4553043246269226,0.5470649003982544,0.3156566619873047,0.45293503999710083,0.6758012771606445
530,j14,9.01680672268908,1.46242967864159,0.26700190791901,pop19,6,j14,,Jazz,58,45,64,19,0.0230555555555556,0.745377692609482,0.615766179489839,2.35081172990814,0.0838874784636904,-3.45914791702724,30.24098034881,0.465868284072406,3.7753067236583,7.43743474121255,1.25369039021161,1,6.22333874970109,0.739188616893913,0.746147,1113.33,12.0364,0.876419,0.686347,0.290413,5-27A,8.97748579111647,4.96058522458461,7.89221854595934,8.97748579111647,1,1,3.07692307692308,45-52-56-59-61-64,,0.6217567324638367,0.9120258688926697,0.46803784370422363,0.4269290268421173,0.22355608642101288,0.5730710029602051,0.7300844788551331
531,a15,8.94117647058824,1.48998540166511,0.272032871615126,pop19,8,a15,,Klassik,69,47,83,36,0.1,0.928588602237831,0.702134069832943,2.04939015319192,0.271199664133541,-3.90689059560852,62.3678790688793,0.223981196453127,1.88669798031226,3.31728891642316,0.858549653776905,3,5.78116443842024,1.41129680679934,0.821835,1130.49,7.17177,0.650848,0.748706,0.680331,3-11A,3.29198082096815,2.14376085786175,5.46355161449422,3.29198082096815,1,1,5.61538461538461,47-59-64-67-71-76-79-83,,0.4040715992450714,0.5272416472434998,0.5809041261672974,0.2608341872692108,0.38798874616622925,0.7391658425331116,0.8725876212120056
532,j18,8.41176470588235,1.46628782986152,0.267706306736817,pop19,8,j18,,Jazz,68,52,79,27,0.144444444444444,0.83411290484838,0.588306983990921,2.16024689946929,0.215850851911226,-4.01064997042823,41.6255653005986,0.305485040648555,2.95169386027309,5.45170626064173,0.973820303117794,1,5.50091134991306,1.08203839960757,0.803896,1313.19,6.33019,0.786985,0.828621,0.656834,4-26,3.82007212224573,2.34742117126595,2.54958529563679,3.82007212224573,1,1,5.38461538461538,52-57-60-67-69-72-76-79,,0.40030530095100403,0.7244149446487427,0.49163830280303955,0.3247780501842499,0.29526224732398987,0.6752219200134277,0.8016208410263062
533,a11,7.99579831932773,1.40660267078032,0.256809337411131,pop19,5,a11,,Klassik,67,50,76,26,0.0601851851851852,0.907772360666524,0.672732400497647,2.22287572090485,0.429185891666852,-3.28333311998709,48.0045640182507,0.199155896375708,1.30669120309288,2.68833202524264,0.844006072911885,4,4.81233024966143,1.31399610161618,0.791399,1325.64,4.99182,0.724399,0.828632,0.709551,4-23,8.97748579111647,4.54785696140397,5.96660221624384,8.97748579111647,1,1,5.15384615384615,50-62-67-69-76,,0.20491880178451538,0.4632638394832611,0.3400897681713104,0.2720646560192108,0.4308675527572632,0.7279353737831116,0.6144599914550781
534,a16,7.92016806722689,1.71599323086124,0.313296067022956,pop19,7,a16,,Klassik,77,46,89,43,0.0851851851851852,0.928588602237831,0.702134069832943,2.04939015319192,0.243341210033522,-3.32192809488736,22.0503751089136,0.236271158244786,2.21314626587176,4.55159278461743,1.0239552968033,3,8.71728717881205,1.69585838676108,0.834279,1229.07,8.23883,0.873578,0.768507,1.27835,3-11A,3.29198082096815,2.14376085786175,5.46355161449422,3.29198082096815,1,1,7.46153846153846,46-49-53-77-82-85-89,,0.6253578066825867,0.7162055373191833,0.5143783688545227,0.36201655864715576,0.3150833249092102,0.6379833817481995,0.792092502117157
535,j19,7.84453781512605,1.46484221398225,0.267442374594628,pop19,5,j19,,Jazz,61,56,73,17,0.0566666666666667,0.815233587107258,0.593204732098434,2.16024689946929,0.18436160816792,-3.90689059560852,12.3476512100274,0.382098423248058,2.059530054924,4.49709207987339,1.08618471359804,1,5.65239829253021,0.940029154624534,0.765767,1111.99,6.94431,0.870042,0.775193,0.605491,4-20,3.50094154161012,3.54780574500476,3.45232845091035,3.50094154161012,1,1,3.76923076923077,56-57-61-64-73,,0.44640302658081055,0.7291324734687805,0.5510974526405334,0.3928622603416443,0.31966540217399597,0.6071377396583557,0.5447695255279541
536,j15,7.73109243697479,1.4476749330787,0.264308072260661,pop19,6,j15,,Jazz,60,36,69,33,0.255555555555556,0.907772360666524,0.672732400497647,2.22287572090485,0.178421796558653,-3.61328333429487,32.5924676702877,0.317170869353594,2.5155224934906,4.27025242060154,0.953517806695195,4,3.38557005074645,0.974857780898984,0.76089,1181.63,6.47056,0.822618,0.712563,0.631481,4-23,8.97748579111647,4.54785696140397,5.96660221624384,8.97748579111647,1,1,3.53846153846154,36-43-57-62-67-69,,0.5773665308952332,0.8128160238265991,0.40610864758491516,0.5007628798484802,0.3126155138015747,0.49923714995384216,0.770018994808197
537,a13,7.35294117647059,1.64153366348716,0.299701672132004,pop19,4,a13,,Klassik,66,52,71,19,0.416666666666667,1.05597977834256,0.763252924065916,1.98431348329844,0.539045668978851,-2.01920389926271,53.8833012561241,0.153564020656608,0.819752387674948,1.89108401796622,0.697092904500543,4,6.89028075835381,1.86713358701556,0.856734,1489.49,3.34716,0.630561,0.952522,0.652623,3-9,8.97748579111647,4.09193223965683,9.97166008763918,8.97748579111647,1,1,4.92307692307692,52-64-69-71,,0.23317617177963257,0.43617087602615356,0.3428783714771271,0.18293891847133636,0.4114730656147003,0.8170611262321472,0.6697162389755249
538,a14,7.31512605042017,1.43168345458216,0.261388441093856,pop19,8,a14,,Klassik,68,49,82,33,0.107407407407407,0.728916578223825,0.644295763132923,2.04939015319192,0.263926861203627,-3.76352388013769,33.9443527452088,0.314299286623185,2.45449357199638,4.2033232358386,0.996605530142484,1,6.22333874970109,0.955432421371333,0.842821,1407.73,7.05026,0.523576,0.857448,0.606739,4-27B,3.09212901186637,2.41821647391762,2.60505692398376,3.09212901186637,1,1,5.38461538461538,49-61-63-67-70-75-79-82,,0.4443725645542145,0.6412246823310852,0.5525241494178772,0.21638920903205872,0.30182090401649475,0.7836108207702637,0.7798193693161011
539,a03,7.27731092436975,1.51181785289729,0.276018913623625,pop19,5,a03,,Klassik,62,57,67,10,0.0722222222222222,0.811487108561658,0.613158008795516,2.35081172990814,0.0316926595003408,-5.18170373925303,26.9416506280621,0.440219791657871,2.91184990961687,7.02716448837036,1.20857399151364,1,6.68444453861191,0.946225115389745,0.78468,1103.58,6.85764,0.813384,0.724511,0.59033,5-35,8.97748579111647,4.29566572464953,6.35400814281361,8.97748579111647,1,1,4.0,57-59-62-64-67,,0.7152413725852966,0.943184494972229,0.40595775842666626,0.3214331865310669,0.1626625955104828,0.6785668730735779,0.45161932706832886
540,a05,7.16386554621849,1.65907877235572,0.302904956099068,pop19,5,a05,,Klassik,72,57,77,20,0.3,0.815233587107258,0.593204732098434,2.16024689946929,0.333934601384255,-2.32192809488736,39.2013490402679,0.317783895782989,1.57115366487362,3.83334385281344,0.760700544494584,1,4.72621718882644,0.948175782969938,0.822379,1325.64,3.97359,0.838243,0.923071,0.372893,4-20,3.50094154161012,3.54780574500476,3.45232845091035,3.50094154161012,1,1,6.30769230769231,57-69-72-76-77,,0.41595345735549927,0.5789097547531128,0.5145722031593323,0.1356661468744278,0.3069206178188324,0.8643338680267334,0.6632401347160339
541,j04,6.55882352941176,1.55647000294143,0.284171243563718,pop19,6,j04,,Jazz,75,50,86,36,0.0380952380952381,0.713211751073517,0.555940435146082,2.36643191323985,0.272716288895199,-3.46326091264652,153.256707889563,0.219120619615872,1.51327119951055,2.81532877371575,1.00203261562911,7,4.67969707469813,0.921596161242495,0.8674,1182.64,3.99646,0.530675,0.880577,0.672662,4-24,8.97748579111647,6.82446656799475,5.92641823842481,8.97748579111647,2,0,7.0,50-66-72-78-82-86,,0.36823326349258423,0.5546067357063293,0.5635046362876892,0.16839143633842468,0.3345925211906433,0.8316085934638977,0.8053488731384277
542,j01,6.48319327731092,1.74375398669127,0.31836446441679,pop19,5,j01,,Jazz,55,47,83,36,0.133333333333333,0.928588602237831,0.702134069832943,2.04939015319192,0.310293610772666,-3.90689059560852,31.1839395344397,0.233557610876002,1.62352701438432,3.23760966815452,1.02522445480034,3,5.78116443842024,1.39578291718283,0.778497,993.219,6.09708,0.910343,0.710164,0.856478,3-11A,3.29198082096815,2.14376085786175,5.46355161449422,3.29198082096815,1,1,2.38461538461538,47-52-55-79-83,,0.613890528678894,0.7383783459663391,0.5467246770858765,0.3543156683444977,0.298699289560318,0.6456843614578247,0.7622092962265015
543,j08,6.36974789915966,1.52298769706906,0.27805823882919,pop19,4,j08,,Jazz,60,55,64,9,0.2,0.815233587107258,0.593204732098434,2.16024689946929,0.132278147584454,-3.58496250072116,14.6839146725366,0.41139654263134,2.0282930119185,5.07056704869979,1.07795852689522,1,3.2069145415475,0.638972970378659,0.777941,991.537,6.50201,0.689331,0.692425,0.848149,4-20,3.50094154161012,3.54780574500476,3.45232845091035,3.50094154161012,1,1,3.53846153846154,55-59-60-64,,0.6531105637550354,0.8478661775588989,0.46983250975608826,0.2253502607345581,0.18142035603523254,0.7746497988700867,0.37969914078712463
544,j12,6.14285714285714,1.46628782986152,0.267706306736817,pop19,7,j12,,Jazz,68,50,77,27,0.0154166666666667,0.573024701164252,0.50979080012731,2.89827534923789,0.0850469015407262,-3.97623728520427,66.0764661469412,0.343441347577192,2.72082842034773,5.26212768885608,1.17904040834565,7,3.95464558589437,0.395486331797802,0.804726,1107.61,8.56701,0.421303,0.747517,0.74721,4-28,5.02396217594065,7.77997801302219,5.31769973748165,5.02396217594065,2,0,5.38461538461538,50-59-65-68-71-74-77,,0.44020888209342957,0.7425987720489502,0.5489119291305542,0.2632809281349182,0.2597530484199524,0.7367190718650818,0.7999807596206665
545,j11,6.02941176470588,1.50366783205352,0.274530930203535,pop19,6,j11,,Jazz,66,48,82,34,0.126851851851852,0.811487108561658,0.613158008795516,2.35081172990814,0.288602649739459,-4.96353226275596,76.8395661396733,0.247945047013678,1.7293032928064,2.57231808511699,1.02460741928709,1,2.78917753805984,0.853778935263519,0.809709,1316.22,6.21252,0.660349,0.78701,1.0593,5-35,8.97748579111647,4.29566572464953,6.35400814281361,8.97748579111647,1,1,4.92307692307692,48-56-63-70-77-82,,0.2719142436981201,0.5231583714485168,0.421571284532547,0.24068917334079742,0.3823806047439575,0.7593108415603638,0.7642673254013062
546,j06,5.99159663865546,1.45079366551106,0.264877472295337,pop19,6,j06,,Jazz,74,55,83,28,0.104166666666667,0.712418541856751,0.617308583056919,2.36643191323985,0.213504798449367,-4.44091404840522,124.735758137759,0.277562619396534,1.69001584153632,3.08217060471067,0.932317882456825,3,1.0,0.443928703128343,0.834428,990.864,6.12889,0.526242,0.746593,0.608166,4-29A,8.97748579111647,11.1811753946843,12.051101629319,8.97748579111647,1,1,6.76923076923077,55-65-71-76-79-83,,0.39420902729034424,0.5827704668045044,0.5140954256057739,0.19114679098129272,0.32679638266563416,0.8088533282279968,0.7403679490089417
547,g08,5.46218487394958,1.72543288599348,0.31501950437329,pop19,5,g08,,Random,71,47,82,35,0.0073263888888888,0.621098311109278,0.522359002525111,2.54195563720897,0.141852023187894,-4.40851997634258,60.48196069762,0.371322199176073,1.51844295168496,2.36729056370487,1.19320010270277,7,1.0,0.129494185462945,0.81797,1111.99,7.1557,0.747513,0.777041,0.767931,4-3,8.97748579111647,11.1811753946843,12.051101629319,8.97748579111647,2,0,6.07692307692308,47-62-71-73-82,,0.5921100378036499,0.729515552520752,0.5049155950546265,0.16581976413726807,0.2286185771226883,0.8341802954673767,0.7553435564041138
548,j13,5.46218487394958,1.41211465420134,0.25781568329656,pop19,7,j13,,Jazz,67,60,79,19,0.0722222222222222,0.745377692609482,0.615766179489839,2.41522945769824,0.121784663889281,-5.15991649696625,17.4622158046733,0.442391878777211,3.27799852659867,7.0990513840201,1.0934759461753,1,6.42127498656736,0.797746319810197,0.842927,1320.59,11.7942,0.834204,0.816076,0.399578,5-27B,8.97748579111647,4.76935712697445,6.95123520149481,8.97748579111647,1,1,5.15384615384615,60-62-63-67-70-72-79,,0.5007873177528381,0.7941209673881531,0.4631016254425049,0.26576730608940125,0.22983436286449432,0.7342327833175659,0.6329357028007507
549,g03,5.42436974789916,1.55101570511524,0.283175429578799,pop19,5,g03,,Random,56,47,79,32,0.0285416666666667,0.754353510193137,0.636943902696878,2.36643191323985,0.258929634571896,-5.04250497663105,32.0926665470094,0.307058551787776,1.86425478926657,3.13269526610722,1.07014784573443,7,1.0,0.470786031039621,0.792188,1116.7,6.01547,0.62132,0.76409,1.01513,4-19A,8.97748579111647,7.96229956981614,7.01414902690538,8.97748579111647,2,0,2.61538461538462,47-51-56-71-79,,0.6143732070922852,0.7902865409851074,0.4864155650138855,0.30297672748565674,0.2470187246799469,0.6970232129096985,0.7367062568664551
550,g14,5.42436974789916,1.33995530745943,0.244641249314767,pop19,5,g14,,Random,59,41,67,26,0.114814814814815,0.714181011608368,0.641821081952368,2.29128784747792,0.120463747649201,-4.24480410439861,14.6839146725366,0.541990791575428,2.69796145475437,4.76804442143657,1.20590710573361,1,1.59639251268661,0.0805344055515713,0.74271,1051.43,6.74137,0.43732,0.671774,0.633894,5-29A,8.97748579111647,7.39698576076608,10.6648072681991,8.97748579111647,1,1,3.30769230769231,41-50-59-60-67,,0.6384217739105225,0.8312187790870667,0.4674111604690552,0.255694717168808,0.20354662835597992,0.7443053126335144,0.5781530141830444
551,a18,5.34873949579832,1.40459295026431,0.256442414324165,pop19,5,a18,,Klassik,53,45,79,34,0.111111111111111,0.851740027175046,0.675052507383902,2.16024689946929,0.581875270039734,-4.54087559589698,27.7817317577982,0.293540246758546,2.1770402105553,4.19865015791178,1.10682299651064,3,3.06317911550661,0.879974909969602,0.798833,1051.76,6.8695,0.775785,0.713607,0.431329,4-22B,8.97748579111647,5.52518358386449,9.85387705198279,8.97748579111647,1,1,1.92307692307692,45-50-53-57-79,,0.5156605243682861,0.8598242402076721,0.4774760901927948,0.38531774282455444,0.23823250830173492,0.6146823167800903,0.6575220823287964
552,a10,5.27310924369748,1.29361753531854,0.236181168292734,pop19,5,a10,,Klassik,66,48,75,27,0.108571428571429,0.573024701164252,0.50979080012731,2.89827534923789,0.156137274542215,-4.00397596104257,70.0055772883656,0.287755618284751,1.59974125174456,3.00534009335115,0.944280358216375,7,3.95464558589437,0.485697784572249,0.779953,1315.21,5.32923,0.556565,0.773649,0.841369,4-28,5.02396217594065,7.77997801302219,5.31769973748165,5.02396217594065,2,0,4.92307692307692,48-60-66-69-75,,0.3814975619316101,0.6314001679420471,0.5368511080741882,0.22203807532787323,0.30997511744499207,0.7779619097709656,0.6342470645904541
553,j02,5.27310924369748,1.38229319005659,0.252371053759924,pop19,7,j02,,Jazz,61,48,67,19,0.0442592592592593,0.58896250222387,0.594130061003606,2.50998007960223,0.0232114540041695,-5.68302765379082,19.600674520134,0.651222983666402,5.05464224214832,10.3672627685326,1.43205934768881,7,1.0,-0.381147242677096,0.766653,1112.32,9.86264,0.546947,0.680218,0.486403,6-29,8.97748579111647,11.1811753946843,10.259342160091,8.97748579111647,2,0,3.76923076923077,48-52-58-61-64-65-67,,0.8593243360519409,0.9587389826774597,0.46577200293540955,0.25568246841430664,0.12702955305576324,0.7443175315856934,0.6940955519676208
554,j10,5.27310924369748,1.47713266295035,0.269686293308528,pop19,8,j10,,Jazz,76,39,87,48,0.0392857142857143,0.815233587107258,0.593204732098434,2.16024689946929,0.217635358662178,-2.32192809488736,45.6890793835108,0.317016339643032,3.00159362216766,5.74609621196242,0.970939813562918,1,4.72621718882644,0.949419231791589,0.792169,1114.68,8.12164,0.803914,0.714667,0.977597,4-20,3.50094154161012,3.54780574500476,3.45232845091035,3.50094154161012,1,1,7.23076923076923,39-47-54-75-78-82-83-87,,0.4660555422306061,0.6350018382072449,0.5234718322753906,0.27245470881462097,0.32798078656196594,0.7275453209877014,0.8302878737449646
555,a02,5.15966386554622,1.29525426686007,0.236479993221358,pop19,7,a02,,Klassik,57,42,72,30,0.0265079365079365,0.634999617188565,0.594692456775593,2.29128784747792,0.0427973991956251,-4.28110602598252,35.0027886441828,0.5029503735103,3.70625192812899,6.02969980451379,1.34631665585956,7,2.38478053078751,0.0845980819473414,0.801149,1115.69,8.88985,0.627593,0.765194,0.58145,5-26B,8.97748579111647,8.23673641551791,6.44898280843931,8.97748579111647,2,0,2.84615384615385,42-50-54-57-62-70-72,,0.750649094581604,0.9317458868026733,0.5143946409225464,0.37863022089004517,0.1924045830965042,0.6213698387145996,0.665118932723999
556,a06,5.1218487394958,1.22819972979609,0.224237565710356,pop19,4,a06,,Klassik,63,50,70,20,0.0452380952380952,0.713211751073517,0.555940435146082,2.36643191323985,0.188258767881502,-4.11440934524794,96.1693388064555,0.305364093557578,1.34783327146243,2.39105513904697,1.09773126896034,7,4.67969707469813,0.78188084862195,0.859547,1391.25,4.99313,0.400059,0.845382,0.44208,4-24,8.97748579111647,6.82446656799475,5.92641823842481,8.97748579111647,2,0,4.23076923076923,50-60-66-70,,0.4899628758430481,0.7181825637817383,0.4888783097267151,0.23003512620925903,0.2611044943332672,0.769964873790741,0.5032382011413574
557,f16,4.9327731092437,1.5545631755148,0.283823106098773,pop19,5,f16,,Avantgarde,49,38,61,23,0.0177546296296296,0.754353510193137,0.636943902696878,2.36643191323985,0.246193805388512,-5.25754247590989,28.591315488436,0.431128161286585,3.12463900961251,4.99601512585244,1.04220750196506,7,3.43773223440645,0.522581100553712,0.738455,1051.09,12.551,0.695435,0.667235,0.760164,4-19A,8.97748579111647,7.96229956981614,7.01414902690538,8.97748579111647,2,0,1.0,38-45-49-53-61,,0.8345737457275391,0.9318583011627197,0.4833604097366333,0.4693755805492401,0.22863523662090302,0.5306244492530823,0.5891516208648682
558,a17,4.89495798319328,1.39247371639376,0.254229755067305,pop19,8,a17,,Klassik,64,45,84,39,0.0857142857142857,0.727581329514965,0.587538205311478,2.50998007960223,0.17679644670648,-3.85277066969901,20.8127826502993,0.376234053846638,2.92186072991275,4.92023174782004,1.18032626424556,3,3.43773223440645,0.56385768082774,0.776606,1064.88,9.34122,0.625071,0.729893,0.64945,3-10,4.64377597831346,5.91848520577946,7.57376481484081,4.64377597831346,1,1,4.46153846153846,45-48-54-57-72-78-81-84,,0.540550172328949,0.751871645450592,0.5025611519813538,0.3456905782222748,0.2871532440185547,0.6543093919754028,0.7732067704200745
559,g19,4.85714285714286,1.27680303441861,0.233111274480706,pop19,5,g19,,Random,66,58,73,15,0.0237020502645503,0.754353510193137,0.636943902696878,2.16024689946929,0.136413954790045,-4.58631371386483,60.5828871583626,0.274059084148242,1.77903192959714,3.91575445796801,1.03614129876505,7,1.0,0.52424550718138,0.850418,1380.82,6.67024,0.441485,0.836548,0.336302,4-19B,8.97748579111647,8.98395081734813,8.4675826908629,8.97748579111647,2,0,4.92307692307692,58-62-66-70-73,,0.4950729012489319,0.7089741826057434,0.578968346118927,0.2898847162723541,0.29056933522224426,0.7101153135299683,0.6218124032020569
560,g01,4.63025210084034,1.41531174821407,0.258399390132973,pop19,5,g01,,Random,67,44,82,38,0.117777777777778,0.605738215368296,0.58235989047424,2.48525060873854,0.185447409753498,-5.41210435794204,52.3275230361799,0.349152519749559,1.47855278054153,2.3608346265487,0.938303084510664,12,1.0,0.138069496242335,0.821256,1267.77,5.29272,0.790366,0.807934,0.516598,5-2A,8.97748579111647,11.1811753946843,12.051101629319,8.97748579111647,3,0,5.15384615384615,44-60-67-81-82,,0.3691183924674988,0.5971341729164124,0.47899022698402405,0.19693481922149658,0.3204934000968933,0.8030651807785034,0.7145273685455322
561,a12,4.5546218487395,1.20204627791,0.219462620525477,pop19,5,a12,,Klassik,61,43,76,33,0.0354861111111111,0.573024701164252,0.50979080012731,2.89827534923789,0.187784999277039,-4.00397596104257,81.1849129859974,0.291488317458205,1.47756119492218,2.25026263907094,1.13239617163441,7,3.95464558589437,0.479650773614758,0.814598,1111.65,7.829,0.570145,0.74409,0.666888,4-28,5.02396217594065,7.77997801302219,5.31769973748165,5.02396217594065,2,0,3.76923076923077,43-55-61-70-76,,0.37602338194847107,0.6174584031105042,0.53862464427948,0.2626362144947052,0.3345794379711151,0.7373638153076172,0.6065876483917236
562,a08,4.40336134453782,1.26881322725203,0.231652541942289,pop19,4,a08,,Klassik,70,55,78,23,0.0403174603174603,0.690686465348618,0.6227306588088,2.36643191323985,0.132100040119293,-4.20792577480357,83.2511306011972,0.231326902433787,1.03284487312261,1.95727407923161,0.835129386442848,3,2.38478053078751,0.623749228716409,0.799646,1325.3,5.00992,0.645681,0.832842,1.01117,4-13A,8.97748579111647,9.79488103356445,12.051101629319,8.97748579111647,1,1,5.84615384615385,55-69-72-78,,0.28407907485961914,0.5556053519248962,0.4954720735549927,0.20611287653446198,0.34908199310302734,0.793887197971344,0.5574454069137573
563,f20,4.40336134453782,1.32116623707568,0.241210850086855,pop19,6,f20,,Avantgarde,69,57,82,25,0.0259259259259259,0.624369637191368,0.566799485964104,2.57518522583686,0.0568084350195386,-5.78027631716414,73.6647679174076,0.44956651025865,2.61577114636445,4.64635382139886,1.0223556027309,11,1.0,0.0085603093337437,0.856042,1133.86,6.74494,0.752157,0.83633,0.421887,6-16B,8.97748579111647,11.1811753946843,12.051101629319,8.97748579111647,3,0,5.61538461538461,57-62-67-71-75-82,,0.5253010988235474,0.7761103510856628,0.5449215173721313,0.2579653561115265,0.23751990497112274,0.7420346736907959,0.6357904672622681
564,j05,4.32773109243698,1.11727574248516,0.203985709037485,pop19,5,j05,,Jazz,71,55,80,25,0.0230555555555556,0.634999617188565,0.594692456775593,2.64575131106459,0.0928186860021441,-5.80526121487445,128.370666188038,0.288744731112737,1.5790102841447,2.82969925841529,0.978816637940631,7,1.0,0.288013794106864,0.827515,990.527,5.51168,0.534878,0.749126,0.617718,5-26A,8.97748579111647,11.1811753946843,8.64990424765686,8.97748579111647,2,0,6.07692307692308,55-65-71-75-80,,0.4290473759174347,0.6325495839118958,0.5437608957290649,0.1793028563261032,0.29219138622283936,0.8206971883773804,0.6287380456924438
565,f04,4.25210084033614,1.35411071157754,0.247225660696797,pop19,5,f04,,Avantgarde,73,62,83,21,0.0187979497354497,0.672553571099688,0.660367251142097,2.41522945769824,0.101752111442361,-5.66112685750934,88.2015004356542,0.315614736135447,1.62881400097485,3.17351086772708,0.97485306739487,7,1.0,0.311327280203822,0.884004,1319.25,5.79983,0.571475,0.925524,0.779916,5-17,8.97748579111647,11.1811753946843,11.3579544487591,8.97748579111647,2,0,6.53846153846154,62-70-73-78-83,,0.47545698285102844,0.6306503415107727,0.6010082960128784,0.15221181511878967,0.28249454498291016,0.8477882146835327,0.5082507729530334
566,a01,4.13865546218487,1.20544902199669,0.220083873756709,pop19,5,a01,,Klassik,57,38,67,29,0.0144444444444444,0.714181011608368,0.641821081952368,2.48525060873854,0.153725404997538,-5.52225371501869,41.6255653005986,0.407488927573564,2.5464663761914,4.26420669587845,1.02600042072835,3,2.38478053078751,0.380183438645068,0.741854,1103.24,5.40532,0.720628,0.700491,0.867886,5-29B,8.97748579111647,9.23526524562903,8.08080971576689,8.97748579111647,1,1,2.84615384615385,38-51-57-60-67,,0.4384962022304535,0.820193350315094,0.5151143074035645,0.38327351212501526,0.2611934244632721,0.6167263984680176,0.536291241645813
567,j07,4.13865546218487,1.36377674333071,0.248990428574388,pop19,8,j07,,Jazz,74,64,88,24,0.106666666666667,0.713211751073517,0.555940435146082,2.36643191323985,0.201629115282553,-4.63260644828364,50.8590639381448,0.305220206809591,2.48264945063697,4.78857912864334,1.08083723427367,7,2.54165228100576,0.560401966728583,0.891923,1406.72,6.58873,0.40564,1.00847,0.418659,4-24,8.97748579111647,6.82446656799475,5.92641823842481,8.97748579111647,2,0,6.76923076923077,64-68-70-72-76-80-84-88,,0.5486372113227844,0.6835440993309021,0.6501163840293884,0.18396447598934174,0.26345929503440857,0.8160355687141418,0.8180897831916809
568,g18,3.98739495798319,1.36543281770324,0.249292785004635,pop19,5,g18,,Random,70,48,81,33,0.0294444444444444,0.657054367540017,0.557017558298428,2.48525060873854,0.10741486688971,-5.0460893582305,156.090205926072,0.383780958149064,1.54452930510862,2.33428588508931,1.0471659010829,3,1.0,0.173309902534604,0.830765,1179.95,5.71126,0.625154,0.787762,1.08473,5-12,8.97748579111647,11.1811753946843,12.051101629319,8.97748579111647,1,1,5.84615384615385,48-62-70-75-81,,0.5253245830535889,0.6200637221336365,0.5213349461555481,0.19558803737163544,0.30619698762893677,0.8044119477272034,0.6817765235900879
569,g10,3.94957983193277,1.28210191121239,0.234078712597171,pop19,5,g10,,Random,60,47,70,23,0.0111342592592593,0.651446337793368,0.623119682125827,2.35081172990814,0.0598700669865083,-5.75136907987581,23.3615586446728,0.534842185208918,2.53106483738676,4.30314530958198,1.12225398541402,12,1.0,-0.0813926998059677,0.809204,1051.43,9.54111,0.512426,0.706956,0.889836,5-36A,8.97748579111647,11.1811753946843,12.051101629319,8.97748579111647,3,0,3.53846153846154,47-50-60-65-70,,0.5713329911231995,0.8458932638168335,0.4499432444572449,0.28870606422424316,0.20794646441936493,0.7112939953804016,0.631384551525116
570,j09,3.94957983193277,1.30827440581246,0.238857134490051,pop19,7,j09,,Jazz,60,36,70,34,0.0904761904761905,0.606672529396742,0.558379921675964,2.44948974278318,0.0641643153224333,-5.30794129875961,49.5014184214823,0.612404120009167,4.65895154032038,8.02980732847491,1.32015138522956,11,1.0,-0.286737789453518,0.785271,1153.04,10.1242,0.805554,0.708255,0.540495,6-34B,8.97748579111647,9.79488103356445,6.92120291439594,8.97748579111647,3,0,3.53846153846154,36-50-56-60-63-66-70,,0.6728199124336243,0.9095022082328796,0.5000987648963928,0.2802973687648773,0.16641761362552643,0.7197026014328003,0.6600679159164429
571,g11,3.91176470588235,1.20685424767916,0.220340431691602,pop19,5,g11,,Random,60,45,82,37,0.0746031746031746,0.646888291832837,0.640873817526854,2.41522945769824,0.240160161834558,-5.31866933341923,64.6141157165019,0.319092991472621,1.61414108119584,2.47202217910357,1.08330932234794,7,1.0,0.260010233870593,0.797004,1052.1,4.95309,0.732424,0.730944,1.11398,5-18A,8.97748579111647,11.1811753946843,12.051101629319,8.97748579111647,2,0,3.53846153846154,45-53-60-78-82,,0.36935603618621826,0.6226330995559692,0.4991190731525421,0.29206857085227966,0.34324759244918823,0.7079314589500427,0.6324160099029541
572,g17,3.87394957983193,1.09583185645751,0.200070609004848,pop19,5,g17,,Random,57,44,82,38,0.146666666666667,0.716183176770706,0.624640991381892,2.22287572090485,0.414279084218911,-5.19348247706374,45.3858842834981,0.392930485299111,1.82105800832162,2.69696895453919,1.09952351991289,12,1.0,0.263732339359019,0.809808,1227.73,5.84051,0.722051,0.769565,0.572441,4-4B,8.97748579111647,11.1811753946843,12.051101629319,8.97748579111647,3,0,2.84615384615385,44-53-57-68-82,,0.42880484461784363,0.6894388198852539,0.5324802398681641,0.3569381833076477,0.3291119933128357,0.6430618166923523,0.6675586700439453
573,g02,3.79831932773109,1.35661176473816,0.247682288441328,pop19,5,g02,,Random,70,58,83,25,0.106666666666667,0.768208277291536,0.593454267320328,2.36643191323985,0.126180713500044,-4.9209684611868,78.045102963036,0.324303617515597,1.28830382354135,2.10187500087735,0.93048940013991,4,1.0,0.467509274957629,0.885209,1418.16,5.21865,0.736132,0.943532,0.453652,4-8,8.97748579111647,11.1811753946843,12.051101629319,8.97748579111647,1,1,5.84615384615385,58-63-70-76-83,,0.43742266297340393,0.5736742615699768,0.6037052869796753,0.2617441415786743,0.36049315333366394,0.7382557988166809,0.6490844488143921
574,f14,3.72268907563025,1.6270141797916,0.297050789217542,pop19,5,f14,,Avantgarde,88,75,96,21,0.06,0.637761050637526,0.537142482204787,2.64575131106459,0.109775335089841,-5.7209684611868,310.073555592018,0.218853911054437,1.22555035044519,2.43014145266689,0.575128490378382,12,1.0,0.406152780306977,1.11015,2095.79,4.5759,0.43186,1.38084,1.62643,5-19A,8.97748579111647,11.1811753946843,12.051101629319,8.97748579111647,3,0,10.0,75-82-88-93-96,,0.4277834892272949,0.4447673559188843,0.7010586261749268,0.10630454123020172,0.3756614327430725,0.8936954140663147,0.4560626745223999
575,g09,3.68487394957983,1.26847922648445,0.23159156202408,pop19,5,g09,,Random,69,60,83,23,0.0441666666666667,0.5614804922393,0.505929574452144,2.5617376914899,0.113331639021518,-5.27290559532006,49.5014184214823,0.374535100397043,1.88422661985661,3.51104527380597,1.01614509256618,12,1.0,0.0181740880307001,0.848569,1327.32,5.64137,0.549241,0.931258,0.630117,5-8,8.97748579111647,11.1811753946843,12.051101629319,8.97748579111647,3,0,5.61538461538461,60-63-69-73-83,,0.4699350595474243,0.7704430222511292,0.5741627812385559,0.21696998178958893,0.224522203207016,0.7830300331115723,0.5188540816307068
576,f03,3.64705882352941,1.24635060496976,0.227551446967382,pop19,7,f03,,Avantgarde,55,43,80,37,0.055,0.638054827225451,0.645141000299642,2.41522945769824,0.237915169791382,-6.27128299352041,18.5420813840852,0.609214406884829,4.23040510505075,7.02639587986701,1.34552046700963,12,1.0,-0.225712328042196,0.794587,1103.58,9.15217,0.700125,0.720125,0.662765,5-5B,8.97748579111647,11.1811753946843,12.051101629319,8.97748579111647,3,0,2.38461538461538,43-46-51-55-57-70-80,,0.7766604423522949,0.9190996289253235,0.48405569791793823,0.3991282284259796,0.20819151401519775,0.6008718013763428,0.6552171111106873
577,a20,3.42016806722689,1.12934659374948,0.206189534879405,pop19,4,a20,,Klassik,68,55,75,20,0.0466666666666667,0.62087737611148,0.549232913137562,2.54195563720897,0.094759014478309,-4.43016794670639,70.0055772883656,0.345243112731534,1.26185775778524,2.32499746934636,0.902969698959289,7,1.0,0.171349325644592,0.814467,1305.11,10.3088,0.548466,0.790649,0.722643,4-12B,8.97748579111647,11.1811753946843,12.051101629319,8.97748579111647,2,0,5.38461538461538,55-66-69-75,,0.38828903436660767,0.5905320644378662,0.5086252093315125,0.18778781592845917,0.3207959234714508,0.8122121691703796,0.5506753325462341
578,g15,3.23109243697479,0.795467385617991,0.145231810287545,pop19,5,g15,,Random,67,45,77,32,0.0681481481481482,0.751393406647986,0.640955610125411,2.36643191323985,0.175645588816034,-4.54087559589698,48.0045640182507,0.387121921483438,1.65974559532933,2.74109574414943,1.1067150150961,3,1.0,0.335813792460841,0.797678,1326.98,5.38593,0.506317,0.80746,0.8725,4-11B,8.97748579111647,11.1811753946843,12.051101629319,8.97748579111647,1,1,5.15384615384615,45-58-67-69-77,,0.33696120977401733,0.5972599387168884,0.4449837803840637,0.2267252802848816,0.3323341906070709,0.7732746601104736,0.7141261100769043
579,f08,3.19327731092437,1.42406674762629,0.259997827022645,pop19,8,f08,,Avantgarde,78,68,88,20,0.0855555555555556,0.651775075766145,0.536673117894501,2.64575131106459,0.0903833213651789,-5.87976643872113,34.9244316093467,0.55913109723288,3.48078947057168,7.43343149402277,1.07415817488204,12,1.0,-0.120155857997174,0.923157,1329.34,7.07558,0.320608,1.00184,0.386338,5-6A,8.97748579111647,11.1811753946843,12.051101629319,8.97748579111647,3,0,7.69230769230769,68-74-75-76-79-80-86-88,,0.8369603753089905,0.8616427779197693,0.7324969172477722,0.17909133434295654,0.15465083718299866,0.8209086656570435,0.7950383424758911
580,a19,3.11764705882353,1.12131379763577,0.204722953668965,pop19,4,a19,,Klassik,70,55,82,27,0.0392592592592593,0.723176680602415,0.621537043992771,2.22287572090485,0.125563676532021,-5.11888982224726,83.2511306011972,0.287462460436084,1.01484453061871,1.64381031196584,0.939385030149766,3,1.0,0.447039524427444,0.8219,1325.97,4.87023,0.669277,0.863002,1.04234,4-10,8.97748579111647,11.1811753946843,12.051101629319,8.97748579111647,1,1,5.84615384615385,55-69-72-82,,0.3552561402320862,0.6228135824203491,0.520050048828125,0.17384475469589233,0.2958497703075409,0.8261551856994629,0.5795852541923523
581,g16,3.07983193277311,1.12295010982347,0.205021702034406,pop19,5,g16,,Random,76,47,81,34,0.0354166666666667,0.692247534307909,0.608584697273994,2.41522945769824,0.211700886492385,-4.98535408016427,39.2013490402679,0.399668809256153,1.61208254042773,3.1658833967302,1.09249717956689,3,1.0,0.21021256983056,0.762505,991.537,5.71349,0.611456,0.762814,1.08926,5-24A,8.97748579111647,11.1811753946843,12.051101629319,8.97748579111647,1,1,7.23076923076923,47-67-76-77-81,,0.42100685834884644,0.654847264289856,0.4659809172153473,0.19229629635810852,0.2840101420879364,0.8077037334442139,0.8058663010597229
582,f10,3.04201680672269,0.94405663911288,0.172360372268213,pop19,7,f10,,Avantgarde,65,59,75,16,0.0152314814814815,0.587593710392459,0.573372358851783,2.64575131106459,0.0140089604721189,-6.80910514214108,19.600674520134,0.709022666079666,4.4276647010261,9.32103601993016,1.32470160474196,12,1.0,-0.4772196661192,0.836508,1051.09,9.64475,0.388901,0.735756,0.968514,6-5B,8.97748579111647,11.1811753946843,12.051101629319,8.97748579111647,3,0,4.69230769230769,59-62-64-65-70-74-75,,0.9027507305145264,0.9555548429489136,0.5024154782295227,0.2042405605316162,0.1083633303642273,0.7957594394683838,0.6095064282417297
583,f17,3.04201680672269,0.961842628987639,0.175607634888867,pop19,5,f17,,Avantgarde,57,46,71,25,0.0437037037037037,0.638054827225451,0.645141000299642,2.5617376914899,0.211650745582514,-5.97357534235356,41.6255653005986,0.51956482456911,2.75133784274507,4.83832216855861,1.05359584659818,12,1.0,-0.080479084909988,0.813214,1159.09,7.1695,0.414283,0.757693,0.627393,5-5A,8.97748579111647,11.1811753946843,12.051101629319,8.97748579111647,3,0,2.84615384615385,46-52-57-60-71,,0.7882499098777771,0.911407470703125,0.4568048119544983,0.2849196493625641,0.16712334752082825,0.7150803208351135,0.6276369690895081
584,j17,3.04201680672269,1.25268074126971,0.22870716644857,pop19,5,j17,,Jazz,53,50,61,11,0.0246064814814815,0.672553571099688,0.660367251142097,2.41522945769824,0.0508125672982712,-5.80851997634258,9.80033726006698,0.706401195272984,3.95661129700764,9.19479216476964,1.20558965456235,7,1.0,-0.321750792963566,0.776117,1103.58,7.97973,0.454281,0.715876,0.568286,5-17,8.97748579111647,11.1811753946843,11.3579544487591,8.97748579111647,2,0,1.92307692307692,50-52-53-57-61,,0.8302978873252869,0.9556314945220947,0.4688362181186676,0.2936132848262787,0.1440664678812027,0.7063867449760437,0.4346734285354614
585,j20,3.04201680672269,0.888565148201791,0.162229058494347,pop19,7,j20,,Jazz,71,46,79,33,0.0583333333333333,0.56602467267868,0.514308434158673,2.50998007960223,0.0681694887943276,-5.51264978551333,39.2893018380895,0.516592999036241,3.14173885689985,5.46798225165193,1.18487250803788,11,1.0,-0.203872871104296,0.779093,1042.68,10.4635,0.407789,0.714782,0.963592,6-49,8.97748579111647,11.1811753946843,11.3579544487591,8.97748579111647,3,0,6.07692307692308,46-56-59-71-74-76-79,,0.586013674736023,0.8258313536643982,0.5277968645095825,0.25292956829071045,0.2056729942560196,0.7470704913139343,0.7368420362472534
586,g04,2.96638655462185,1.09583185645751,0.200070609004848,pop19,5,g04,,Random,57,41,66,25,0.0605291005291005,0.608790414030976,0.577703658954459,2.64575131106459,0.11755251372072,-5.99348247706374,10.6918011371864,0.740390048013862,3.24403903325241,5.90645746815072,1.16572547342851,12,1.0,-0.490306633019453,0.761647,1103.58,7.16741,0.814596,0.677461,0.72423,5-3A,8.97748579111647,11.1811753946843,12.051101629319,8.97748579111647,3,0,2.84615384615385,41-43-57-58-66,,0.8132678270339966,0.9210352301597595,0.5036072134971619,0.3050406277179718,0.1693950742483139,0.6949593424797058,0.6150515079498291
587,f18,2.92857142857143,1.04907815330957,0.191534589717838,pop19,5,f18,,Avantgarde,52,44,78,34,0.13,0.629105964744074,0.570697083397313,2.41522945769824,0.332199508636034,-5.00851997634258,26.986608255313,0.393993281270717,2.41926365082429,4.23933069605374,1.12240567819721,12,1.0,0.107019811784397,0.741658,1148.33,7.11211,0.58688,0.692254,0.735002,5-13B,8.97748579111647,11.1811753946843,12.051101629319,8.97748579111647,3,0,1.69230769230769,44-48-52-67-78,,0.7593573331832886,0.8722224831581116,0.45069876313209534,0.32871848344802856,0.20815391838550568,0.6712815761566162,0.6184864044189453
588,g13,2.92857142857143,0.92912692144733,0.169634591220678,pop19,5,g13,,Random,57,42,79,37,0.0495238095238095,0.589737145673663,0.561794504577539,2.48525060873854,0.467253767050097,-5.32225371501869,55.186221543565,0.439296125414777,2.21550014498011,3.30117526679581,1.15940945581154,7,1.0,-0.0364447518165583,0.769168,1158.42,5.53924,0.665171,0.746675,0.947776,5-10A,8.97748579111647,11.1811753946843,12.051101629319,8.97748579111647,2,0,2.84615384615385,42-52-57-63-79,,0.5505509972572327,0.8018969893455505,0.5440196990966797,0.41483384370803833,0.2847954332828522,0.5851660966873169,0.701603353023529
589,g20,2.92857142857143,0.910702218660659,0.166270716110148,pop19,5,g20,,Random,67,51,77,26,0.0270833333333333,0.629105964744074,0.570697083397313,2.64575131106459,0.0954715189888393,-5.74087559589698,62.3678790688793,0.398214256733712,1.88046928389386,3.42094116989325,1.03946893194969,12,1.0,0.100181788228266,0.842188,1401.0,5.12303,0.558857,0.860964,0.591495,5-13A,8.97748579111647,11.1811753946843,12.051101629319,8.97748579111647,3,0,5.15384615384615,51-64-67-71-77,,0.4965694844722748,0.7187162637710571,0.4821525514125824,0.2297406643629074,0.26066651940345764,0.7702592611312866,0.7079335451126099
590,f07,2.85294117647059,1.25549639045307,0.229221231305819,pop19,5,f07,,Avantgarde,65,58,78,20,0.0502380952380952,0.638054827225451,0.645141000299642,2.5617376914899,0.0894674998616335,-6.46836158002004,19.600674520134,0.561317377412348,2.18501550524387,4.26403376703824,1.1721476995383,12,1.0,-0.148118648886062,0.821793,991.873,5.13004,0.728462,0.765815,1.0667,5-5A,8.97748579111647,11.1811753946843,12.051101629319,8.97748579111647,3,0,4.69230769230769,58-64-65-75-78,,0.7095739245414734,0.8553417921066284,0.6011914610862732,0.19781608879566193,0.1659214049577713,0.8021839261054993,0.5777029991149902
591,f19,2.85294117647059,1.08143031464063,0.197441259232861,pop19,5,f19,,Avantgarde,75,38,85,47,0.0124493634259259,0.605738215368296,0.58235989047424,2.48525060873854,0.247053540716528,-6.40526121487445,57.3965906709474,0.236874251629224,1.30056018366276,2.4157392205415,0.861978637386738,12,1.0,0.319961442542287,0.771659,1103.91,6.81145,0.622876,0.708319,0.814197,5-2B,8.97748579111647,11.1811753946843,12.051101629319,8.97748579111647,3,0,7.0,38-48-75-82-85,,0.33446332812309265,0.5065099596977234,0.5607598423957825,0.4879632294178009,0.49127933382987976,0.5120368003845215,0.7208995819091797
592,f13,2.81512605042017,1.22808472443699,0.224216568700552,pop19,4,f13,,Avantgarde,50,28,73,45,0.020546875,0.573024701164252,0.50979080012731,2.89827534923789,0.588343376692195,-4.02824730240108,56.7954143813286,0.303777343959871,1.6106411909278,2.14396902903105,0.829134196121382,7,3.95464558589437,0.459742424599933,0.73875,1112.66,6.05686,0.571356,0.635945,0.68393,4-28,5.02396217594065,7.77997801302219,5.31769973748165,5.02396217594065,2,0,1.23076923076923,28-43-58-73,,0.44805908203125,0.6532044410705566,0.4684363305568695,0.4302355945110321,0.38017159700393677,0.5697644352912903,0.6056158542633057
593,f15,2.58823529411765,0.903696114115064,0.164991582276861,pop19,5,f15,,Avantgarde,64,53,85,32,0.0601851851851852,0.651446337793368,0.623119682125827,2.41522945769824,0.211194321957414,-6.34087559589698,58.467765042543,0.390439426838439,1.68881370185829,2.62250164836061,1.10867601678009,12,1.0,0.152541250287897,0.845434,1171.54,5.02433,0.682222,0.809064,0.72663,5-36B,8.97748579111647,11.1811753946843,12.051101629319,8.97748579111647,3,0,4.46153846153846,53-58-64-75-85,,0.41560930013656616,0.6783449053764343,0.5452389717102051,0.28147420287132263,0.305582731962204,0.7185258269309998,0.6196641325950623
594,j03,2.58823529411765,0.8455600223594,0.154377432656939,pop19,4,j03,,Jazz,59,44,74,30,0.226031746031746,0.716686045757288,0.559941365521435,2.29128784747792,0.314262371445709,-4.06624807576234,81.1710369608309,0.402050383596451,1.30894096184365,1.73011276216915,1.04110540185575,3,1.0,0.249853078940906,0.814133,1147.65,7.15962,0.575423,0.757793,0.551919,4-21,8.97748579111647,11.1811753946843,12.051101629319,8.97748579111647,1,1,3.30769230769231,44-54-64-74,,0.4957369267940521,0.731354832649231,0.43579500913619995,0.1980983316898346,0.24042640626430511,0.8019016981124878,0.6589675545692444
595,g05,2.55042016806723,1.0078785685982,0.184012609082417,pop19,5,g05,,Random,62,48,73,25,0.0366319444444444,0.638054827225451,0.645141000299642,2.5617376914899,0.121755979671811,-6.08826871473022,24.7507092107411,0.470519427067724,2.23747185954104,3.88610703069395,1.05355587236053,12,1.0,-0.0010250377650797,0.725122,1092.47,6.73821,0.731701,0.693238,0.496362,5-5A,8.97748579111647,11.1811753946843,12.051101629319,8.97748579111647,3,0,4.0,48-51-62-67-73,,0.7163461446762085,0.8162916302680969,0.4937761127948761,0.26302170753479004,0.215433731675148,0.73697829246521,0.594304084777832
596,f01,2.43697478991597,1.09686250033118,0.200258777970968,pop19,5,f01,,Avantgarde,70,32,81,49,0.0638888888888889,0.581546797033607,0.563591232000947,2.48525060873854,0.168239628988449,-5.74087559589698,46.0857717979442,0.310420025329368,1.66311277444129,2.90728282028658,1.11718416749617,12,1.0,0.157757657485431,0.820233,1131.17,5.91861,0.670775,0.736253,0.821004,5-4B,8.97748579111647,11.1811753946843,12.051101629319,8.97748579111647,3,0,5.84615384615385,32-43-70-76-81,,0.4455297291278839,0.5756819248199463,0.45008745789527893,0.40184009075164795,0.415326863527298,0.5981599688529968,0.716458261013031
597,g06,2.39915966386555,1.07829117793237,0.196868133904125,pop19,5,g06,,Random,59,41,82,41,0.0242592592592593,0.70305787527733,0.62355296685609,2.36643191323985,0.110725934603074,-5.47520472308762,22.692942141749,0.456917374368401,1.9947098814168,3.47332528087664,1.23192206426117,12,1.0,0.13671088831817,0.759453,1017.78,8.8997,0.545008,0.683846,0.489697,4-5B,8.97748579111647,11.1811753946843,12.051101629319,8.97748579111647,3,0,3.30769230769231,41-45-59-81-82,,0.7119269371032715,0.7973943948745728,0.49698778986930847,0.2518157958984375,0.22228966653347015,0.7481841444969177,0.6208267211914062
598,f12,2.36134453781513,1.13632871030046,0.207464289124105,pop19,4,f12,,Avantgarde,72,65,80,15,0.0619047619047619,0.605158702580908,0.523491557266986,2.64575131106459,0.0720435534335484,-7.27985386969094,42.7672045487454,0.473783261065848,1.37614569454064,2.52237294881632,1.09836979716834,12,1.0,-0.064865071871467,0.803278,940.059,6.1223,0.530215,0.783695,0.263034,4-1,8.97748579111647,11.1811753946843,12.051101629319,8.97748579111647,3,0,6.30769230769231,65-67-78-80,,0.7821210622787476,0.8711242079734802,0.5235348343849182,0.1205698773264885,0.1255534291267395,0.8794301152229309,0.47447463870048523
599,g12,2.32352941176471,0.971922202833942,0.17744790487742,pop19,5,g12,,Random,64,47,74,27,0.0113541666666667,0.738495545066918,0.634755857196745,2.41522945769824,0.128633775324781,-5.55949747677528,15.120490174405,0.50903143456405,2.27315725446361,4.08411719440807,1.28945360783437,3,1.94525976831915,0.213383916306707,0.777201,1117.03,7.17227,0.756212,0.73677,1.07587,5-23A,8.97748579111647,10.0825631060162,12.051101629319,8.97748579111647,1,1,4.46153846153846,47-49-64-66-74,,0.7311604619026184,0.8951424956321716,0.42582273483276367,0.2181890606880188,0.15019014477729797,0.7818108797073364,0.6097676157951355
600,f09,2.28571428571429,1.12934659374948,0.206189534879405,pop19,5,f09,,Avantgarde,60,31,76,45,0.0933333333333333,0.684588413518674,0.555436044965073,2.41522945769824,0.233889001737137,-4.64250497663105,106.062073439558,0.394210213920267,1.79711890837904,2.48433677259871,1.18195180523708,7,1.0,0.205422900211554,0.79867,1223.36,6.34367,0.677622,0.74616,0.895895,5-21A,8.97748579111647,11.1811753946843,12.051101629319,8.97748579111647,2,0,3.53846153846154,31-51-60-71-76,,0.5017080903053284,0.6479161381721497,0.5290635824203491,0.41421088576316833,0.376934677362442,0.585789144039154,0.8086281418800354
601,f11,2.24789915966387,1.03115315843874,0.188261948373199,pop19,6,f11,,Avantgarde,62,56,69,13,0.065,0.6365886104757,0.491252864111756,2.64575131106459,0.0150944128857076,-5.90689059560852,15.5570656762735,0.673597501020981,4.44065522671004,10.6060437155269,1.3262195033418,11,1.0,-0.332623354933587,0.778669,1254.31,9.92666,0.77447,0.740277,0.599308,6-20,8.97748579111647,11.1811753946843,12.051101629319,8.97748579111647,3,0,4.0,56-60-61-64-65-69,,0.7288811206817627,0.9428433179855347,0.5646458864212036,0.2970198392868042,0.15310198068618774,0.702980101108551,0.4669727385044098
602,g07,2.05882352941176,0.898680765702743,0.164075909123802,pop19,5,g07,,Random,51,44,77,33,0.0505555555555556,0.60852215225458,0.576912600514051,2.64575131106459,0.291040071358526,-5.13729121429753,6.17382560501372,0.496824782713536,2.38016029258321,4.90776221773174,1.15715974304357,11,1.0,-0.0962058897928828,0.79005,1252.96,9.64176,0.398383,0.7494,0.51267,5-28B,8.97748579111647,11.1811753946843,10.259342160091,8.97748579111647,3,0,1.46153846153846,44-45-51-71-77,,0.6447980999946594,0.7890740633010864,0.4741256833076477,0.2839803993701935,0.24014770984649658,0.7160195708274841,0.6133760213851929
603,f05,1.22689075630252,0.804471964236752,0.146875813897653,pop19,8,f05,,Avantgarde,59,37,80,43,0.159126984126984,0.668983798150781,0.549632170169431,2.57518522583686,0.107841638819874,-4.57108358667256,14.2718422707768,0.563468730962677,5.20815778129942,9.55044677425616,1.17101764414296,1,1.0,-0.0965526575524096,0.773331,1044.7,9.30665,0.698893,0.648486,0.687852,6-26,8.97748579111647,8.8785903016903,10.1051914802637,8.97748579111647,1,1,3.30769230769231,37-42-46-48-70-72-77-80,,0.6029285788536072,0.8202728629112244,0.4754936695098877,0.34329965710639954,0.24515613913536072,0.6567003130912781,0.758976399898529
604,f02,1.11344537815126,0.860954666549353,0.15718809728614,pop19,7,f02,,Avantgarde,66,29,78,49,0.0134920634920635,0.587593710392459,0.573372358851783,2.64575131106459,0.185032747383882,-6.47507344182279,3.67097866813415,0.580089088102349,4.90055526229901,10.2397275769489,1.21629651239488,12,1.0,-0.268345946971911,0.768489,1223.36,7.02312,0.453964,0.655924,0.519646,6-5B,8.97748579111647,11.1811753946843,12.051101629319,8.97748579111647,3,0,4.92307692307692,29-35-36-66-69-70-78,,0.5787866711616516,0.7354409098625183,0.6408539414405823,0.3541220724582672,0.3003842532634735,0.6458779573440552,0.7218709588050842
605,f06,1.0,0.83344632002402,0.152165783315609,pop19,6,f06,,Avantgarde,67,51,78,27,0.0388690476190476,0.578283247748805,0.531634116933283,2.64575131106459,0.0492252693751496,-6.76475808309889,9.2502865953945,0.610584437861724,2.948913057405,5.43651475547402,1.10068517252863,12,1.0,-0.334320638908635,0.791282,1159.43,4.97782,0.327993,0.785407,1.03238,6-39A,8.97748579111647,11.1811753946843,12.051101629319,8.97748579111647,3,0,5.15384615384615,51-52-65-69-73-78,,0.7248367667198181,0.8803789615631104,0.5280207991600037,0.2057596892118454,0.1540765017271042,0.7942402958869934,0.5974578857421875
606,octave,10.0,,,sch03,2,octave,,,66,60,72,12,1.0,1.56429584559343,1.0,1.44913767461894,0.839152938765903,0.0,261.625565300599,0.0021428577627638,0.0336247882367069,0.080312136685684,0.200565695846544,3,7.3032164978325,3.06002200888009,0.812379,1314.2,1.76468,0.628068,0.928665,0.923467,1-1,0.891128221913467,5.69565816435588,1.25264921891698,0.891128221913467,1,1,10.0,60-72,0-12,0.15014614164829254,0.15176576375961304,0.9747369885444641,0.8270372152328491,0.8397554159164429,0.17296269536018372,0.6110934019088745
607,fifth,9.1,,,sch03,2,fifth,,,64,60,67,7,0.666666666666667,1.2521137715718,0.80404805919527,1.67332005306815,0.528958479410647,-1.0,130.369870681151,0.0228641707134542,0.160303423903974,0.439920256298021,0.355033867813364,3,7.25246923394618,2.46553060557208,0.824326,1314.53,1.41904,0.81752,0.871972,0.74348,2-5,1.85694148254459,5.71986443207317,1.48686327573291,1.85694148254459,1,1,7.0,60-67,0-7,0.1456669121980667,0.20054617524147034,0.4256327748298645,0.5145873427391052,0.6855072379112244,0.48541268706321716,0.4177059829235077
608,fourth,8.2,,,sch03,2,fourth,,,62,60,65,5,0.5,1.2521137715718,0.80404805919527,1.67332005306815,0.430586850963505,-1.58496250072116,87.6026661324053,0.0447724292667465,0.247579280736068,0.68346317686151,0.603343931500559,3,4.52282532447988,2.14697909722111,0.788793,983.798,2.79922,0.751149,0.726132,1.19793,2-5,1.85694148254459,5.71986443207317,1.48686327573291,1.85694148254459,1,1,4.0,60-65,0-5,0.16235029697418213,0.31774359941482544,0.4021819233894348,0.47211137413978577,0.5981983542442322,0.5278886556625366,0.4210885465145111
609,major third,7.3,,,sch03,2,major third,,,62,60,64,4,0.4,1.0699768326589,0.733508698953899,1.79743406854583,0.543859325971113,-2.0,68.0019916122713,0.0703201753593001,0.324043624833089,0.887348178078632,0.532554475079984,3,2.19278502537322,1.53978002463193,0.862261,1315.21,2.24249,0.68427,0.915497,0.345584,2-4,2.50511234872651,6.25113485824702,2.61404404066749,2.50511234872651,1,1,4.0,60-64,0-4,0.30780938267707825,0.3745783269405365,0.775915801525116,0.34842151403427124,0.5146216750144958,0.651578426361084,0.3729226589202881
610,major sixth,7.3,,,sch03,2,major sixth,,,64,60,69,9,0.466666666666667,1.00354157407174,0.712561151403412,2.04939015319192,0.542855155852213,-1.58496250072116,178.374434699401,0.057159636515659,0.211373773780063,0.438362212165553,0.414899743037735,3,1.0,1.31916056053283,0.904657,1616.67,2.22233,0.634364,1.06989,0.652385,2-3,2.33315009581831,7.30058898374176,3.39080942738383,2.33315009581831,1,1,7.0,60-69,0-9,0.1621766984462738,0.26425105333328247,0.4124772548675537,0.3446667492389679,0.5793160796165466,0.6553332805633545,0.4389500319957733
611,minor sixth,6.4,,,sch03,2,minor sixth,,,64,60,68,8,0.3,1.0699768326589,0.733508698953899,1.79743406854583,0.521221431107341,-2.32192809488736,153.679132279347,0.0934951007286924,0.243788571947318,0.530208560428962,0.533033038163039,3,2.67428545596906,1.55216726707424,0.878291,1325.3,1.70372,0.623864,1.01071,0.447416,2-4,2.50511234872651,6.25113485824702,2.61404404066749,2.50511234872651,1,1,7.0,60-68,0-8,0.3983016908168793,0.3595558702945709,0.8268213272094727,0.11115247011184692,0.42872750759124756,0.8888475298881531,0.3883122503757477
612,minor third,5.5,,,sch03,2,minor third,,,62,60,63,3,0.333333333333333,1.00354157407174,0.712561151403412,2.04939015319192,0.404774460131163,-2.32192809488736,49.5014184214823,0.111721720944569,0.393030169575832,1.08451740697932,0.642370230140264,3,2.19278502537322,1.35445940948525,0.81115,1314.53,2.95687,0.659898,0.86766,0.403946,2-3,2.33315009581831,7.30058898374176,3.39080942738383,2.33315009581831,1,1,4.0,60-63,0-3,0.21537719666957855,0.4488694667816162,0.5187042355537415,0.35320061445236206,0.47195860743522644,0.6467994451522827,0.4188062846660614
613,tritone,4.6,,,sch03,2,tritone,,,63,60,66,6,0.314285714285714,0.942577195756561,0.710131347576048,2.04939015319192,0.534529901154077,-2.56464150847248,108.368857411036,0.0967559697357967,0.280526972649496,0.696976137350032,0.679469750935471,3,1.0,1.14650215700386,0.815907,1116.03,2.0193,0.206638,0.845132,0.658399,2-6,7.25009767181935,11.1300541003761,8.40341790009005,7.25009767181935,1,1,5.5,60-66,0-6,0.342782199382782,0.3952769935131073,0.5303940176963806,0.10110938549041748,0.40327760577201843,0.8988906145095825,0.37226253747940063
614,minor seventh,3.7,,,sch03,2,minor seventh,,,65,60,70,10,0.288888888888889,1.0943008651589,0.732423362285411,1.87082869338697,0.570617906688398,-2.74592654816484,204.538196217491,0.102131522944436,0.228722683313389,0.4096232711457,0.58864334649947,4,3.69781848126641,1.68760990625837,0.987188,1613.98,3.4699,0.615217,1.07164,0.56588,2-2,5.48096108326621,7.28041317199458,2.04603276215678,5.48096108326621,1,1,8.5,60-70,0-10,0.16237778961658478,0.2806890308856964,0.361062616109848,0.21044404804706573,0.5157642364501953,0.7895558476448059,0.4061209261417389
615,major second,3.7,,,sch03,2,major second,,,61,60,62,2,0.222222222222222,1.0943008651589,0.732423362285411,1.87082869338697,0.399724327993308,-3.08496250072116,32.039202616809,0.254077643654917,0.463723080159959,1.2002151917068,0.744025591608499,4,1.94525976831915,1.25971796974155,0.812572,1050.75,4.03133,0.549265,0.821601,0.41943,2-2,5.48096108326621,7.28041317199458,2.04603276215678,5.48096108326621,1,1,2.5,60-62,0-2,0.5409377813339233,0.6867502331733704,0.29271814227104187,0.2780139446258545,0.29915547370910645,0.7219861149787903,0.30256226658821106
616,major seventh,1.9,,,sch03,2,major seventh,,,66,60,71,11,0.183333333333333,0.941931969299263,0.707106787773168,2.04939015319192,0.489290187359196,-3.0,232.257735955526,0.225400773157052,0.269782298480147,0.411878678477486,0.488657578912574,4,1.0,0.936947801783011,0.950029,1490.5,3.72829,0.546237,1.05111,0.580721,2-1,8.97748579111647,9.85758902795363,6.3296798252698,8.97748579111647,1,1,10.0,60-71,0-11,0.4862273335456848,0.39355888962745667,0.6671044826507568,0.05500193312764168,0.3858654499053955,0.944998025894165,0.4369674623012543
617,minor second,1.0,,,sch03,2,minor second,,,60,60,61,1,0.125,0.941931969299263,0.707106787773168,2.04939015319192,0.100487220399575,-3.90689059560852,15.5570656762735,0.483876818971549,0.590997345974091,1.68149351397509,1.12493320395023,4,1.0,0.518213955668409,0.805767,1313.86,5.07872,0.462478,0.844156,0.85773,2-1,8.97748579111647,9.85758902795363,6.3296798252698,8.97748579111647,1,1,1.0,60-61,0-1,0.7542864680290222,0.7115412950515747,0.7493902444839478,0.1913008838891983,0.24959559738636017,0.8086991310119629,0.3303579092025757
