family,mech,dim,p,column,source
f1,f1/bch,E0:nps,0.9149,p,V1/results/f1/bch/report.md
f1,f1/bch,E0:nps,0.9174,p(perm),V1/results/f1/bch/report.md
f1,f1/bch,E1:harmonicity,0.0,p,V1/results/f1/bch/report.md
f1,f1/bch,E1:harmonicity,0.0,p(perm),V1/results/f1/bch/report.md
f1,f1/bch,E2:hierarchy,0.0,p,V1/results/f1/bch/report.md
f1,f1/bch,E2:hierarchy,0.0,p(perm),V1/results/f1/bch/report.md
f1,f1/bch,E3:ffr_behavior,0.0,p,V1/results/f1/bch/report.md
f1,f1/bch,E3:ffr_behavior,0.0,p(perm),V1/results/f1/bch/report.md
f1,f1/bch,M0:consonance_memory,0.0004,p,V1/results/f1/bch/report.md
f1,f1/bch,M0:consonance_memory,0.001,p(perm),V1/results/f1/bch/report.md
f1,f1/bch,M1:pitch_memory,0.0,p,V1/results/f1/bch/report.md
f1,f1/bch,M1:pitch_memory,0.0,p(perm),V1/results/f1/bch/report.md
f1,f1/bch,M2:tonal_memory,0.0015,p,V1/results/f1/bch/report.md
f1,f1/bch,M2:tonal_memory,0.0028,p(perm),V1/results/f1/bch/report.md
f1,f1/bch,M3:spectral_memory,0.0008,p,V1/results/f1/bch/report.md
f1,f1/bch,M3:spectral_memory,0.002,p(perm),V1/results/f1/bch/report.md
f1,f1/bch,P0:consonance_signal,0.0,p,V1/results/f1/bch/report.md
f1,f1/bch,P0:consonance_signal,0.0,p(perm),V1/results/f1/bch/report.md
f1,f1/bch,P1:template_match,0.0017,p,V1/results/f1/bch/report.md
f1,f1/bch,P1:template_match,0.003,p(perm),V1/results/f1/bch/report.md
f1,f1/bch,P2:neural_pitch,0.0001,p,V1/results/f1/bch/report.md
f1,f1/bch,P2:neural_pitch,0.0002,p(perm),V1/results/f1/bch/report.md
f1,f1/bch,P3:tonal_context,0.0015,p,V1/results/f1/bch/report.md
f1,f1/bch,P3:tonal_context,0.0028,p(perm),V1/results/f1/bch/report.md
f1,f1/bch,F0:consonance_forecast,0.0,p,V1/results/f1/bch/report.md
f1,f1/bch,F0:consonance_forecast,0.0,p(perm),V1/results/f1/bch/report.md
f1,f1/bch,F1:pitch_forecast,0.0,p,V1/results/f1/bch/report.md
f1,f1/bch,F1:pitch_forecast,0.0,p(perm),V1/results/f1/bch/report.md
f1,f1/bch,F2:tonal_forecast,0.0015,p,V1/results/f1/bch/report.md
f1,f1/bch,F2:tonal_forecast,0.0028,p(perm),V1/results/f1/bch/report.md
f1,f1/bch,F3:interval_forecast,0.0001,p,V1/results/f1/bch/report.md
f1,f1/bch,F3:interval_forecast,0.0002,p(perm),V1/results/f1/bch/report.md
f1,f1/bch,harmonic_stability,0.0,p,V1/results/f1/bch/report.md
f1,f1/bch,harmonic_stability,0.0,p(perm),V1/results/f1/bch/report.md
f1,f1/bch,interval_quality,0.0,p,V1/results/f1/bch/report.md
f1,f1/bch,interval_quality,0.0,p(perm),V1/results/f1/bch/report.md
f1,f1/bch,harmonic_template_match,0.0017,p,V1/results/f1/bch/report.md
f1,f1/bch,harmonic_template_match,0.003,p(perm),V1/results/f1/bch/report.md
f1,f1/bch,consonance_trajectory,0.0,p,V1/results/f1/bch/report.md
f1,f1/bch,consonance_trajectory,0.0,p(perm),V1/results/f1/bch/report.md
f1,f1/csg,E0:salience_activation,0.0001,p,V1/results/f1/csg/report.md
f1,f1/csg,E0:salience_activation,0.0,p(perm),V1/results/f1/csg/report.md
f1,f1/csg,E1:sensory_evidence,0.0325,p,V1/results/f1/csg/report.md
f1,f1/csg,E1:sensory_evidence,0.0366,p(perm),V1/results/f1/csg/report.md
f1,f1/csg,E2:consonance_valence,0.0001,p,V1/results/f1/csg/report.md
f1,f1/csg,E2:consonance_valence,0.0,p(perm),V1/results/f1/csg/report.md
f1,f1/csg,M0:salience_response,0.0002,p,V1/results/f1/csg/report.md
f1,f1/csg,M0:salience_response,0.0002,p(perm),V1/results/f1/csg/report.md
f1,f1/csg,M1:rt_valence_judgment,0.9716,p,V1/results/f1/csg/report.md
f1,f1/csg,M1:rt_valence_judgment,0.977,p(perm),V1/results/f1/csg/report.md
f1,f1/csg,M2:aesthetic_appreciation,0.0,p,V1/results/f1/csg/report.md
f1,f1/csg,M2:aesthetic_appreciation,0.0,p(perm),V1/results/f1/csg/report.md
f1,f1/csg,P0:salience_network,0.0006,p,V1/results/f1/csg/report.md
f1,f1/csg,P0:salience_network,0.0002,p(perm),V1/results/f1/csg/report.md
f1,f1/csg,P1:affective_evaluation,0.0001,p,V1/results/f1/csg/report.md
f1,f1/csg,P1:affective_evaluation,0.0,p(perm),V1/results/f1/csg/report.md
f1,f1/csg,P2:sensory_load,0.0,p,V1/results/f1/csg/report.md
f1,f1/csg,P2:sensory_load,0.0,p(perm),V1/results/f1/csg/report.md
f1,f1/csg,F0:valence_pred,0.0001,p,V1/results/f1/csg/report.md
f1,f1/csg,F0:valence_pred,0.0002,p(perm),V1/results/f1/csg/report.md
f1,f1/csg,F1:processing_pred,0.0252,p,V1/results/f1/csg/report.md
f1,f1/csg,F1:processing_pred,0.0276,p(perm),V1/results/f1/csg/report.md
f1,f1/csg,F2:aesthetic_pred,0.0,p,V1/results/f1/csg/report.md
f1,f1/csg,F2:aesthetic_pred,0.0,p(perm),V1/results/f1/csg/report.md
f1,f1/csg,consonance_salience_gradient,0.0002,p,V1/results/f1/csg/report.md
f1,f1/csg,consonance_salience_gradient,0.0002,p(perm),V1/results/f1/csg/report.md
f1,f1/miaa,E0:imagery_activation,0.0,p,V1/results/f1/miaa/report.md
f1,f1/miaa,E0:imagery_activation,0.0,p(perm),V1/results/f1/miaa/report.md
f1,f1/miaa,E1:novelty_response,0.0,p,V1/results/f1/miaa/report.md
f1,f1/miaa,E1:novelty_response,0.0,p(perm),V1/results/f1/miaa/report.md
f1,f1/miaa,E2:a1_modulation,0.0,p,V1/results/f1/miaa/report.md
f1,f1/miaa,E2:a1_modulation,0.0,p(perm),V1/results/f1/miaa/report.md
f1,f1/miaa,M0:activation_function,0.0,p,V1/results/f1/miaa/report.md
f1,f1/miaa,M0:activation_function,0.0,p(perm),V1/results/f1/miaa/report.md
f1,f1/miaa,M1:novelty_effect,0.0,p,V1/results/f1/miaa/report.md
f1,f1/miaa,M1:novelty_effect,0.0,p(perm),V1/results/f1/miaa/report.md
f1,f1/miaa,P0:melody_retrieval,0.0,p,V1/results/f1/miaa/report.md
f1,f1/miaa,P0:melody_retrieval,0.0,p(perm),V1/results/f1/miaa/report.md
f1,f1/miaa,P1:continuation_prediction,0.0008,p,V1/results/f1/miaa/report.md
f1,f1/miaa,P1:continuation_prediction,0.0014,p(perm),V1/results/f1/miaa/report.md
f1,f1/miaa,P2:phrase_structure,0.0217,p,V1/results/f1/miaa/report.md
f1,f1/miaa,P2:phrase_structure,0.0272,p(perm),V1/results/f1/miaa/report.md
f1,f1/miaa,F0:melody_continuation_pred,0.0,p,V1/results/f1/miaa/report.md
f1,f1/miaa,F0:melody_continuation_pred,0.0,p(perm),V1/results/f1/miaa/report.md
f1,f1/miaa,F1:ac_activation_pred,0.0,p,V1/results/f1/miaa/report.md
f1,f1/miaa,F1:ac_activation_pred,0.0,p(perm),V1/results/f1/miaa/report.md
f1,f1/miaa,F2:recognition_pred,0.0001,p,V1/results/f1/miaa/report.md
f1,f1/miaa,F2:recognition_pred,0.0008,p(perm),V1/results/f1/miaa/report.md
f1,f1/miaa,imagery_recognition,0.0001,p,V1/results/f1/miaa/report.md
f1,f1/miaa,imagery_recognition,0.0008,p(perm),V1/results/f1/miaa/report.md
f1,f1/miaa,timbral_character,0.0,p,V1/results/f1/miaa/report.md
f1,f1/miaa,timbral_character,0.0,p(perm),V1/results/f1/miaa/report.md
f1,f1/mpg,E0:onset_posterior,0.0,p,V1/results/f1/mpg/report.md
f1,f1/mpg,E0:onset_posterior,0.0,p(perm),V1/results/f1/mpg/report.md
f1,f1/mpg,E1:sequence_anterior,0.0165,p,V1/results/f1/mpg/report.md
f1,f1/mpg,E1:sequence_anterior,0.017,p(perm),V1/results/f1/mpg/report.md
f1,f1/mpg,E2:contour_complexity,0.0142,p,V1/results/f1/mpg/report.md
f1,f1/mpg,E2:contour_complexity,0.0154,p(perm),V1/results/f1/mpg/report.md
f1,f1/mpg,E3:gradient_ratio,0.0,p,V1/results/f1/mpg/report.md
f1,f1/mpg,E3:gradient_ratio,0.0,p(perm),V1/results/f1/mpg/report.md
f1,f1/mpg,M0:activity_x,0.0013,p,V1/results/f1/mpg/report.md
f1,f1/mpg,M0:activity_x,0.0016,p(perm),V1/results/f1/mpg/report.md
f1,f1/mpg,M1:posterior_activity,0.0,p,V1/results/f1/mpg/report.md
f1,f1/mpg,M1:posterior_activity,0.0,p(perm),V1/results/f1/mpg/report.md
f1,f1/mpg,M2:anterior_activity,0.0252,p,V1/results/f1/mpg/report.md
f1,f1/mpg,M2:anterior_activity,0.0276,p(perm),V1/results/f1/mpg/report.md
f1,f1/mpg,P0:onset_state,0.0,p,V1/results/f1/mpg/report.md
f1,f1/mpg,P0:onset_state,0.0,p(perm),V1/results/f1/mpg/report.md
f1,f1/mpg,P1:contour_state,0.0132,p,V1/results/f1/mpg/report.md
f1,f1/mpg,P1:contour_state,0.0146,p(perm),V1/results/f1/mpg/report.md
f1,f1/mpg,F0:phrase_boundary_pred,0.0013,p,V1/results/f1/mpg/report.md
f1,f1/mpg,F0:phrase_boundary_pred,0.0004,p(perm),V1/results/f1/mpg/report.md
f1,f1/mpg,melodic_contour_tracking,0.0103,p,V1/results/f1/mpg/report.md
f1,f1/mpg,melodic_contour_tracking,0.0102,p(perm),V1/results/f1/mpg/report.md
f1,f1/mpg,contour_continuation,0.0013,p,V1/results/f1/mpg/report.md
f1,f1/mpg,contour_continuation,0.0004,p(perm),V1/results/f1/mpg/report.md
f1,f1/pccr,E0:chroma_energy,0.0252,p,V1/results/f1/pccr/report.md
f1,f1/pccr,E0:chroma_energy,0.0286,p(perm),V1/results/f1/pccr/report.md
f1,f1/pccr,E1:chroma_clarity,0.0,p,V1/results/f1/pccr/report.md
f1,f1/pccr,E1:chroma_clarity,0.0,p(perm),V1/results/f1/pccr/report.md
f1,f1/pccr,E2:octave_coherence,0.0,p,V1/results/f1/pccr/report.md
f1,f1/pccr,E2:octave_coherence,0.0,p(perm),V1/results/f1/pccr/report.md
f1,f1/pccr,E3:pitch_class_confidence,0.0,p,V1/results/f1/pccr/report.md
f1,f1/pccr,E3:pitch_class_confidence,0.0,p(perm),V1/results/f1/pccr/report.md
f1,f1/pccr,M0:chroma_stability,0.0673,p,V1/results/f1/pccr/report.md
f1,f1/pccr,M0:chroma_stability,0.0682,p(perm),V1/results/f1/pccr/report.md
f1,f1/pccr,P0:chroma_identity_signal,0.0,p,V1/results/f1/pccr/report.md
f1,f1/pccr,P0:chroma_identity_signal,0.0,p(perm),V1/results/f1/pccr/report.md
f1,f1/pccr,P1:octave_equivalence_index,0.0,p,V1/results/f1/pccr/report.md
f1,f1/pccr,P1:octave_equivalence_index,0.0,p(perm),V1/results/f1/pccr/report.md
f1,f1/pccr,P2:chroma_salience,0.0,p,V1/results/f1/pccr/report.md
f1,f1/pccr,P2:chroma_salience,0.0,p(perm),V1/results/f1/pccr/report.md
f1,f1/pccr,F0:chroma_continuation_signal,0.0041,p,V1/results/f1/pccr/report.md
f1,f1/pccr,F0:chroma_continuation_signal,0.0056,p(perm),V1/results/f1/pccr/report.md
f1,f1/pccr,F1:chroma_transition_likelihood,0.0,p,V1/results/f1/pccr/report.md
f1,f1/pccr,F1:chroma_transition_likelihood,0.0,p(perm),V1/results/f1/pccr/report.md
f1,f1/pccr,F2:chroma_resolution_direction,0.0,p,V1/results/f1/pccr/report.md
f1,f1/pccr,F2:chroma_resolution_direction,0.0,p(perm),V1/results/f1/pccr/report.md
f1,f1/pccr,pitch_identity,0.0,p,V1/results/f1/pccr/report.md
f1,f1/pccr,pitch_identity,0.0,p(perm),V1/results/f1/pccr/report.md
f1,f1/pccr,octave_equivalence,0.0,p,V1/results/f1/pccr/report.md
f1,f1/pccr,octave_equivalence,0.0,p(perm),V1/results/f1/pccr/report.md
f1,f1/pnh,H0:ratio_encoding,0.0,p,V1/results/f1/pnh/report.md
f1,f1/pnh,H0:ratio_encoding,0.0,p(perm),V1/results/f1/pnh/report.md
f1,f1/pnh,H1:conflict_response,0.0011,p,V1/results/f1/pnh/report.md
f1,f1/pnh,H1:conflict_response,0.0016,p(perm),V1/results/f1/pnh/report.md
f1,f1/pnh,H2:expertise_mod,0.0,p,V1/results/f1/pnh/report.md
f1,f1/pnh,H2:expertise_mod,0.0,p(perm),V1/results/f1/pnh/report.md
f1,f1/pnh,M0:ratio_complexity,0.0,p,V1/results/f1/pnh/report.md
f1,f1/pnh,M0:ratio_complexity,0.0,p(perm),V1/results/f1/pnh/report.md
f1,f1/pnh,M1:neural_activation,0.0001,p,V1/results/f1/pnh/report.md
f1,f1/pnh,M1:neural_activation,0.0,p(perm),V1/results/f1/pnh/report.md
f1,f1/pnh,P0:ratio_enc,0.0132,p,V1/results/f1/pnh/report.md
f1,f1/pnh,P0:ratio_enc,0.0162,p(perm),V1/results/f1/pnh/report.md
f1,f1/pnh,P1:conflict_mon,0.0,p,V1/results/f1/pnh/report.md
f1,f1/pnh,P1:conflict_mon,0.0,p(perm),V1/results/f1/pnh/report.md
f1,f1/pnh,P2:consonance_pref,0.0001,p,V1/results/f1/pnh/report.md
f1,f1/pnh,P2:consonance_pref,0.0,p(perm),V1/results/f1/pnh/report.md
f1,f1/pnh,F0:dissonance_res_fc,0.0,p,V1/results/f1/pnh/report.md
f1,f1/pnh,F0:dissonance_res_fc,0.0,p(perm),V1/results/f1/pnh/report.md
f1,f1/pnh,F1:pref_judgment_fc,0.0,p,V1/results/f1/pnh/report.md
f1,f1/pnh,F1:pref_judgment_fc,0.0,p(perm),V1/results/f1/pnh/report.md
f1,f1/pnh,F2:expertise_mod_fc,0.0005,p,V1/results/f1/pnh/report.md
f1,f1/pnh,F2:expertise_mod_fc,0.0012,p(perm),V1/results/f1/pnh/report.md
f1,f1/pnh,consonance_preference,0.0,p,V1/results/f1/pnh/report.md
f1,f1/pnh,consonance_preference,0.0,p(perm),V1/results/f1/pnh/report.md
f1,f1/pnh,ratio_complexity,0.0,p,V1/results/f1/pnh/report.md
f1,f1/pnh,ratio_complexity,0.0,p(perm),V1/results/f1/pnh/report.md
f1,f1/pnh,conflict_assessment,0.0,p,V1/results/f1/pnh/report.md
f1,f1/pnh,conflict_assessment,0.0,p(perm),V1/results/f1/pnh/report.md
f1,f1/pnh,resolution_forecast,0.0,p,V1/results/f1/pnh/report.md
f1,f1/pnh,resolution_forecast,0.0,p(perm),V1/results/f1/pnh/report.md
f1,f1/pnh,judgment_forecast,0.0,p,V1/results/f1/pnh/report.md
f1,f1/pnh,judgment_forecast,0.0,p(perm),V1/results/f1/pnh/report.md
f1,f1/pscl,E0:pitch_salience_raw,0.0,p,V1/results/f1/pscl/report.md
f1,f1/pscl,E0:pitch_salience_raw,0.0,p(perm),V1/results/f1/pscl/report.md
f1,f1/pscl,E1:hg_activation_proxy,0.0,p,V1/results/f1/pscl/report.md
f1,f1/pscl,E1:hg_activation_proxy,0.0,p(perm),V1/results/f1/pscl/report.md
f1,f1/pscl,E2:salience_gradient,0.0,p,V1/results/f1/pscl/report.md
f1,f1/pscl,E2:salience_gradient,0.0,p(perm),V1/results/f1/pscl/report.md
f1,f1/pscl,E3:spectral_focus,0.0,p,V1/results/f1/pscl/report.md
f1,f1/pscl,E3:spectral_focus,0.0,p(perm),V1/results/f1/pscl/report.md
f1,f1/pscl,M0:salience_sustained,0.0,p,V1/results/f1/pscl/report.md
f1,f1/pscl,M0:salience_sustained,0.0,p(perm),V1/results/f1/pscl/report.md
f1,f1/pscl,M1:spectral_coherence,0.0008,p,V1/results/f1/pscl/report.md
f1,f1/pscl,M1:spectral_coherence,0.0014,p(perm),V1/results/f1/pscl/report.md
f1,f1/pscl,M2:tonal_salience_ctx,0.0001,p,V1/results/f1/pscl/report.md
f1,f1/pscl,M2:tonal_salience_ctx,0.0,p(perm),V1/results/f1/pscl/report.md
f1,f1/pscl,M3:bch_integration,0.0,p,V1/results/f1/pscl/report.md
f1,f1/pscl,M3:bch_integration,0.0,p(perm),V1/results/f1/pscl/report.md
f1,f1/pscl,P0:pitch_prominence_sig,0.0,p,V1/results/f1/pscl/report.md
f1,f1/pscl,P0:pitch_prominence_sig,0.0,p(perm),V1/results/f1/pscl/report.md
f1,f1/pscl,P1:hg_cortical_response,0.0,p,V1/results/f1/pscl/report.md
f1,f1/pscl,P1:hg_cortical_response,0.0,p(perm),V1/results/f1/pscl/report.md
f1,f1/pscl,P2:periodicity_clarity,0.0007,p,V1/results/f1/pscl/report.md
f1,f1/pscl,P2:periodicity_clarity,0.001,p(perm),V1/results/f1/pscl/report.md
f1,f1/pscl,P3:salience_hierarchy,0.0,p,V1/results/f1/pscl/report.md
f1,f1/pscl,P3:salience_hierarchy,0.0,p(perm),V1/results/f1/pscl/report.md
f1,f1/pscl,F0:pitch_continuation,0.0,p,V1/results/f1/pscl/report.md
f1,f1/pscl,F0:pitch_continuation,0.0,p(perm),V1/results/f1/pscl/report.md
f1,f1/pscl,F1:salience_direction,0.7752,p,V1/results/f1/pscl/report.md
f1,f1/pscl,F1:salience_direction,0.7782,p(perm),V1/results/f1/pscl/report.md
f1,f1/pscl,F2:melody_propagation,0.0,p,V1/results/f1/pscl/report.md
f1,f1/pscl,F2:melody_propagation,0.0,p(perm),V1/results/f1/pscl/report.md
f1,f1/pscl,F3:register_trajectory,0.2799,p,V1/results/f1/pscl/report.md
f1,f1/pscl,F3:register_trajectory,0.2824,p(perm),V1/results/f1/pscl/report.md
f1,f1/pscl,pitch_prominence,0.0,p,V1/results/f1/pscl/report.md
f1,f1/pscl,pitch_prominence,0.0,p(perm),V1/results/f1/pscl/report.md
f1,f1/pscl,pitch_continuation,0.0,p,V1/results/f1/pscl/report.md
f1,f1/pscl,pitch_continuation,0.0,p(perm),V1/results/f1/pscl/report.md
f1,f1/sded,E0:early_detection,0.0003,p,V1/results/f1/sded/report.md
f1,f1/sded,E0:early_detection,0.0002,p(perm),V1/results/f1/sded/report.md
f1,f1/sded,E1:mmn_dissonance,0.0,p,V1/results/f1/sded/report.md
f1,f1/sded,E1:mmn_dissonance,0.0,p(perm),V1/results/f1/sded/report.md
f1,f1/sded,E2:behavioral_accuracy,0.0,p,V1/results/f1/sded/report.md
f1,f1/sded,E2:behavioral_accuracy,0.0,p(perm),V1/results/f1/sded/report.md
f1,f1/sded,M0:detection_function,0.0,p,V1/results/f1/sded/report.md
f1,f1/sded,M0:detection_function,0.0,p(perm),V1/results/f1/sded/report.md
f1,f1/sded,P0:roughness_detection,0.0011,p,V1/results/f1/sded/report.md
f1,f1/sded,P0:roughness_detection,0.0016,p(perm),V1/results/f1/sded/report.md
f1,f1/sded,P1:deviation_detection,0.0,p,V1/results/f1/sded/report.md
f1,f1/sded,P1:deviation_detection,0.0,p(perm),V1/results/f1/sded/report.md
f1,f1/sded,P2:behavioral_response,0.0191,p,V1/results/f1/sded/report.md
f1,f1/sded,P2:behavioral_response,0.0228,p(perm),V1/results/f1/sded/report.md
f1,f1/sded,F0:dissonance_detection_pred,0.0122,p,V1/results/f1/sded/report.md
f1,f1/sded,F0:dissonance_detection_pred,0.014,p(perm),V1/results/f1/sded/report.md
f1,f1/sded,F1:behavioral_accuracy_pred,0.0,p,V1/results/f1/sded/report.md
f1,f1/sded,F1:behavioral_accuracy_pred,0.0,p(perm),V1/results/f1/sded/report.md
f1,f1/sded,F2:training_effect_pred,0.0252,p,V1/results/f1/sded/report.md
f1,f1/sded,F2:training_effect_pred,0.0316,p(perm),V1/results/f1/sded/report.md
f1,f1/sded,spectral_complexity,0.0,p,V1/results/f1/sded/report.md
f1,f1/sded,spectral_complexity,0.0,p(perm),V1/results/f1/sded/report.md
f1,f1/sdnps,E0:nps_value,0.0,p,V1/results/f1/sdnps/report.md
f1,f1/sdnps,E0:nps_value,0.0,p(perm),V1/results/f1/sdnps/report.md
f1,f1/sdnps,E1:stimulus_dependency,0.0,p,V1/results/f1/sdnps/report.md
f1,f1/sdnps,E1:stimulus_dependency,0.0,p(perm),V1/results/f1/sdnps/report.md
f1,f1/sdnps,E2:roughness_corr,0.0,p,V1/results/f1/sdnps/report.md
f1,f1/sdnps,E2:roughness_corr,0.0,p(perm),V1/results/f1/sdnps/report.md
f1,f1/sdnps,M0:nps_stimulus_function,0.0,p,V1/results/f1/sdnps/report.md
f1,f1/sdnps,M0:nps_stimulus_function,0.0,p(perm),V1/results/f1/sdnps/report.md
f1,f1/sdnps,P0:ffr_encoding,0.0,p,V1/results/f1/sdnps/report.md
f1,f1/sdnps,P0:ffr_encoding,0.0,p(perm),V1/results/f1/sdnps/report.md
f1,f1/sdnps,P1:harmonicity_proxy,0.0,p,V1/results/f1/sdnps/report.md
f1,f1/sdnps,P1:harmonicity_proxy,0.0,p(perm),V1/results/f1/sdnps/report.md
f1,f1/sdnps,P2:roughness_interference,0.001,p,V1/results/f1/sdnps/report.md
f1,f1/sdnps,P2:roughness_interference,0.0004,p(perm),V1/results/f1/sdnps/report.md
f1,f1/sdnps,F0:behavioral_consonance_pred,0.0,p,V1/results/f1/sdnps/report.md
f1,f1/sdnps,F0:behavioral_consonance_pred,0.0,p(perm),V1/results/f1/sdnps/report.md
f1,f1/sdnps,F1:roughness_response_pred,0.0,p,V1/results/f1/sdnps/report.md
f1,f1/sdnps,F1:roughness_response_pred,0.0,p(perm),V1/results/f1/sdnps/report.md
f1,f1/sdnps,F2:generalization_limit,0.0,p,V1/results/f1/sdnps/report.md
f1,f1/sdnps,F2:generalization_limit,0.0,p(perm),V1/results/f1/sdnps/report.md
f1,f1/stai,E0:spectral_integrity,0.0,p,V1/results/f1/stai/report.md
f1,f1/stai,E0:spectral_integrity,0.0,p(perm),V1/results/f1/stai/report.md
f1,f1/stai,E1:temporal_integrity,0.0013,p,V1/results/f1/stai/report.md
f1,f1/stai,E1:temporal_integrity,0.0034,p(perm),V1/results/f1/stai/report.md
f1,f1/stai,E2:aesthetic_integration,0.0,p,V1/results/f1/stai/report.md
f1,f1/stai,E2:aesthetic_integration,0.0,p(perm),V1/results/f1/stai/report.md
f1,f1/stai,E3:vmpfc_ifg_connectivity,0.0,p,V1/results/f1/stai/report.md
f1,f1/stai,E3:vmpfc_ifg_connectivity,0.0,p(perm),V1/results/f1/stai/report.md
f1,f1/stai,M0:aesthetic_value,0.0,p,V1/results/f1/stai/report.md
f1,f1/stai,M0:aesthetic_value,0.0,p(perm),V1/results/f1/stai/report.md
f1,f1/stai,M1:spectral_temporal_interaction,0.0,p,V1/results/f1/stai/report.md
f1,f1/stai,M1:spectral_temporal_interaction,0.0,p(perm),V1/results/f1/stai/report.md
f1,f1/stai,P0:spectral_quality,0.0,p,V1/results/f1/stai/report.md
f1,f1/stai,P0:spectral_quality,0.0,p(perm),V1/results/f1/stai/report.md
f1,f1/stai,P1:temporal_quality,0.0015,p,V1/results/f1/stai/report.md
f1,f1/stai,P1:temporal_quality,0.0028,p(perm),V1/results/f1/stai/report.md
f1,f1/stai,P2:aesthetic_response,0.0,p,V1/results/f1/stai/report.md
f1,f1/stai,P2:aesthetic_response,0.0,p(perm),V1/results/f1/stai/report.md
f1,f1/stai,F0:aesthetic_rating_pred,0.0,p,V1/results/f1/stai/report.md
f1,f1/stai,F0:aesthetic_rating_pred,0.0,p(perm),V1/results/f1/stai/report.md
f1,f1/stai,F1:reward_response_pred,0.0,p,V1/results/f1/stai/report.md
f1,f1/stai,F1:reward_response_pred,0.0,p(perm),V1/results/f1/stai/report.md
f1,f1/stai,F2:connectivity_pred,0.0,p,V1/results/f1/stai/report.md
f1,f1/stai,F2:connectivity_pred,0.0,p(perm),V1/results/f1/stai/report.md
f1,f1/stai,aesthetic_quality,0.0,p,V1/results/f1/stai/report.md
f1,f1/stai,aesthetic_quality,0.0,p(perm),V1/results/f1/stai/report.md
f1,f1/stai,spectral_temporal_synergy,0.0,p,V1/results/f1/stai/report.md
f1,f1/stai,spectral_temporal_synergy,0.0,p(perm),V1/results/f1/stai/report.md
f1,f1/stai,reward_response_pred,0.0,p,V1/results/f1/stai/report.md
f1,f1/stai,reward_response_pred,0.0,p(perm),V1/results/f1/stai/report.md
f1,f1/tpio,f01:perception_substrate,0.0,p,V1/results/f1/tpio/report.md
f1,f1/tpio,f01:perception_substrate,0.0,p(perm),V1/results/f1/tpio/report.md
f1,f1/tpio,f02:imagery_substrate,0.0013,p,V1/results/f1/tpio/report.md
f1,f1/tpio,f02:imagery_substrate,0.0032,p(perm),V1/results/f1/tpio/report.md
f1,f1/tpio,f03:perc_imag_overlap,0.0,p,V1/results/f1/tpio/report.md
f1,f1/tpio,f03:perc_imag_overlap,0.0,p(perm),V1/results/f1/tpio/report.md
f1,f1/tpio,f04:sma_imagery,0.0,p,V1/results/f1/tpio/report.md
f1,f1/tpio,f04:sma_imagery,0.0,p(perm),V1/results/f1/tpio/report.md
f1,f1/tpio,M0:overlap_index,0.0,p,V1/results/f1/tpio/report.md
f1,f1/tpio,M0:overlap_index,0.0,p(perm),V1/results/f1/tpio/report.md
f1,f1/tpio,P0:pstg_activation,0.0,p,V1/results/f1/tpio/report.md
f1,f1/tpio,P0:pstg_activation,0.0,p(perm),V1/results/f1/tpio/report.md
f1,f1/tpio,P1:sma_activation,0.0,p,V1/results/f1/tpio/report.md
f1,f1/tpio,P1:sma_activation,0.0,p(perm),V1/results/f1/tpio/report.md
f1,f1/tpio,F0:imagery_stability_pred,0.0,p,V1/results/f1/tpio/report.md
f1,f1/tpio,F0:imagery_stability_pred,0.0,p(perm),V1/results/f1/tpio/report.md
f1,f1/tpio,F1:timbre_expectation,0.0,p,V1/results/f1/tpio/report.md
f1,f1/tpio,F1:timbre_expectation,0.0,p(perm),V1/results/f1/tpio/report.md
f1,f1/tpio,F2:overlap_pred,0.0,p,V1/results/f1/tpio/report.md
f1,f1/tpio,F2:overlap_pred,0.0,p(perm),V1/results/f1/tpio/report.md
f1,f1/tprd,T0:tonotopic,0.0,p,V1/results/f1/tprd/report.md
f1,f1/tprd,T0:tonotopic,0.0,p(perm),V1/results/f1/tprd/report.md
f1,f1/tprd,T1:pitch,0.8445,p,V1/results/f1/tprd/report.md
f1,f1/tprd,T1:pitch,0.848,p(perm),V1/results/f1/tprd/report.md
f1,f1/tprd,T2:dissociation,0.0,p,V1/results/f1/tprd/report.md
f1,f1/tprd,T2:dissociation,0.0,p(perm),V1/results/f1/tprd/report.md
f1,f1/tprd,M0:dissociation_idx,0.0001,p,V1/results/f1/tprd/report.md
f1,f1/tprd,M0:dissociation_idx,0.0002,p(perm),V1/results/f1/tprd/report.md
f1,f1/tprd,M1:spectral_pitch_r,0.0,p,V1/results/f1/tprd/report.md
f1,f1/tprd,M1:spectral_pitch_r,0.0,p(perm),V1/results/f1/tprd/report.md
f1,f1/tprd,P0:tonotopic_state,0.0,p,V1/results/f1/tprd/report.md
f1,f1/tprd,P0:tonotopic_state,0.0,p(perm),V1/results/f1/tprd/report.md
f1,f1/tprd,P1:pitch_state,0.0,p,V1/results/f1/tprd/report.md
f1,f1/tprd,P1:pitch_state,0.0,p(perm),V1/results/f1/tprd/report.md
f1,f1/tprd,F0:pitch_percept_fc,0.0,p,V1/results/f1/tprd/report.md
f1,f1/tprd,F0:pitch_percept_fc,0.0,p(perm),V1/results/f1/tprd/report.md
f1,f1/tprd,F1:tonotopic_adpt_fc,0.1809,p,V1/results/f1/tprd/report.md
f1,f1/tprd,F1:tonotopic_adpt_fc,0.1824,p(perm),V1/results/f1/tprd/report.md
f1,f1/tprd,F2:dissociation_fc,0.0,p,V1/results/f1/tprd/report.md
f1,f1/tprd,F2:dissociation_fc,0.0,p(perm),V1/results/f1/tprd/report.md
f2,f2/chpi,E0:crossmodal_prediction_gain,0.0306,p,V1/results/f2/chpi/report.md
f2,f2/chpi,E1:voiceleading_parsimony,0.0001,p,V1/results/f2/chpi/report.md
f2,f2/chpi,M0:visual_motor_lead,0.0001,p,V1/results/f2/chpi/report.md
f2,f2/chpi,M1:harmonic_surprise_mod,0.0001,p,V1/results/f2/chpi/report.md
f2,f2/chpi,P0:harmonic_context_strength,0.0,p,V1/results/f2/chpi/report.md
f2,f2/chpi,P1:crossmodal_convergence,0.0001,p,V1/results/f2/chpi/report.md
f2,f2/chpi,P2:voiceleading_smoothness,0.0001,p,V1/results/f2/chpi/report.md
f2,f2/chpi,F0:next_chord_prediction,0.0,p,V1/results/f2/chpi/report.md
f2,f2/chpi,F1:crossmodal_anticipation,0.0178,p,V1/results/f2/chpi/report.md
f2,f2/chpi,F2:harmonic_trajectory,0.0001,p,V1/results/f2/chpi/report.md
f2,f2/chpi,F3:integration_confidence,0.0,p,V1/results/f2/chpi/report.md
f2,f2/chpi,harmonic_prediction,0.0,p,V1/results/f2/chpi/report.md
f2,f2/chpi,crossmodal_integration,0.0008,p,V1/results/f2/chpi/report.md
f2,f2/chpi,harmonic_surprise,0.0,p,V1/results/f2/chpi/report.md
f2,f2/chpi,chord_forecast,0.0,p,V1/results/f2/chpi/report.md
f2,f2/chpi,integration_confidence,0.0,p,V1/results/f2/chpi/report.md
f2,f2/htp,E0:high_level_lead,0.0015,p,V1/results/f2/htp/report.md
f2,f2/htp,E1:mid_level_lead,0.0015,p,V1/results/f2/htp/report.md
f2,f2/htp,E2:low_level_lead,0.0252,p,V1/results/f2/htp/report.md
f2,f2/htp,E3:hierarchy_gradient,0.001,p,V1/results/f2/htp/report.md
f2,f2/htp,M0:latency_high,0.0015,p,V1/results/f2/htp/report.md
f2,f2/htp,M1:latency_mid,0.0015,p,V1/results/f2/htp/report.md
f2,f2/htp,M2:latency_low,0.0252,p,V1/results/f2/htp/report.md
f2,f2/htp,P0:sensory_match,0.0073,p,V1/results/f2/htp/report.md
f2,f2/htp,P1:pitch_prediction,0.0013,p,V1/results/f2/htp/report.md
f2,f2/htp,P2:abstract_prediction,0.0015,p,V1/results/f2/htp/report.md
f2,f2/htp,F0:abstract_future_500ms,0.0015,p,V1/results/f2/htp/report.md
f2,f2/htp,F1:midlevel_future_200ms,0.0015,p,V1/results/f2/htp/report.md
f2,f2/htp,prediction_hierarchy,0.0004,p,V1/results/f2/htp/report.md
f2,f2/htp,prediction_accuracy,0.0004,p,V1/results/f2/htp/report.md
f2,f2/htp,hierarchy_coherence,0.0019,p,V1/results/f2/htp/report.md
f2,f2/htp,abstract_future,0.0015,p,V1/results/f2/htp/report.md
f2,f2/htp,midlevel_future,0.0015,p,V1/results/f2/htp/report.md
f2,f2/icem,E0:information_content,0.003,p,V1/results/f2/icem/report.md
f2,f2/icem,E1:arousal_response,0.003,p,V1/results/f2/icem/report.md
f2,f2/icem,E2:valence_response,0.0,p,V1/results/f2/icem/report.md
f2,f2/icem,E3:defense_cascade,0.0269,p,V1/results/f2/icem/report.md
f2,f2/icem,M0:ic_value,0.1076,p,V1/results/f2/icem/report.md
f2,f2/icem,M1:arousal_pred,0.003,p,V1/results/f2/icem/report.md
f2,f2/icem,M2:valence_pred,0.0,p,V1/results/f2/icem/report.md
f2,f2/icem,M3:scr_pred,0.0024,p,V1/results/f2/icem/report.md
f2,f2/icem,M4:hr_pred,0.0007,p,V1/results/f2/icem/report.md
f2,f2/icem,P0:surprise_signal,0.0073,p,V1/results/f2/icem/report.md
f2,f2/icem,P1:emotional_evaluation,0.0002,p,V1/results/f2/icem/report.md
f2,f2/icem,F0:arousal_change_1_3s,0.003,p,V1/results/f2/icem/report.md
f2,f2/icem,F1:valence_shift_2_5s,0.0,p,V1/results/f2/icem/report.md
f2,f2/icem,information_content,0.0073,p,V1/results/f2/icem/report.md
f2,f2/icem,arousal_scaling,0.0033,p,V1/results/f2/icem/report.md
f2,f2/icem,valence_inversion,0.0001,p,V1/results/f2/icem/report.md
f2,f2/icem,defense_cascade,0.0021,p,V1/results/f2/icem/report.md
f2,f2/icem,arousal_change_pred,0.003,p,V1/results/f2/icem/report.md
f2,f2/icem,valence_shift_pred,0.0,p,V1/results/f2/icem/report.md
f2,f2/igfe,E0:igf_match,0.0001,p,V1/results/f2/igfe/report.md
f2,f2/igfe,E1:memory_enhancement,0.022,p,V1/results/f2/igfe/report.md
f2,f2/igfe,M0:executive_enhancement,0.0001,p,V1/results/f2/igfe/report.md
f2,f2/igfe,M1:dose_response,0.0087,p,V1/results/f2/igfe/report.md
f2,f2/igfe,P0:gamma_synchronization,0.0001,p,V1/results/f2/igfe/report.md
f2,f2/igfe,P1:dose_accumulation,0.0008,p,V1/results/f2/igfe/report.md
f2,f2/igfe,P2:memory_access,0.0269,p,V1/results/f2/igfe/report.md
f2,f2/igfe,F0:memory_enhancement_post,0.0061,p,V1/results/f2/igfe/report.md
f2,f2/igfe,F1:executive_improve_post,0.0045,p,V1/results/f2/igfe/report.md
f2,f2/igfe,gamma_enhancement,0.0,p,V1/results/f2/igfe/report.md
f2,f2/igfe,cognitive_benefit,0.0019,p,V1/results/f2/igfe/report.md
f2,f2/igfe,dose_effect,0.0003,p,V1/results/f2/igfe/report.md
f2,f2/igfe,memory_forecast,0.0061,p,V1/results/f2/igfe/report.md
f2,f2/igfe,executive_forecast,0.0045,p,V1/results/f2/igfe/report.md
f2,f2/maa,E0:complexity_tolerance,0.0003,p,V1/results/f2/maa/report.md
f2,f2/maa,E1:familiarity_index,0.0252,p,V1/results/f2/maa/report.md
f2,f2/maa,M0:framing_effect,0.0024,p,V1/results/f2/maa/report.md
f2,f2/maa,M1:appreciation_composite,0.0001,p,V1/results/f2/maa/report.md
f2,f2/maa,P0:pattern_search,0.0,p,V1/results/f2/maa/report.md
f2,f2/maa,P1:context_assessment,0.0011,p,V1/results/f2/maa/report.md
f2,f2/maa,P2:aesthetic_evaluation,0.0033,p,V1/results/f2/maa/report.md
f2,f2/maa,F0:appreciation_growth,0.0006,p,V1/results/f2/maa/report.md
f2,f2/maa,F1:pattern_recognition,0.0003,p,V1/results/f2/maa/report.md
f2,f2/maa,F2:aesthetic_development,0.0001,p,V1/results/f2/maa/report.md
f2,f2/maa,aesthetic_appreciation,0.0001,p,V1/results/f2/maa/report.md
f2,f2/maa,complexity_preference,0.0,p,V1/results/f2/maa/report.md
f2,f2/maa,framing_effect,0.0087,p,V1/results/f2/maa/report.md
f2,f2/maa,appreciation_forecast,0.0006,p,V1/results/f2/maa/report.md
f2,f2/maa,aesthetic_development,0.0001,p,V1/results/f2/maa/report.md
f2,f2/psh,E0:high_level_silencing,0.0002,p,V1/results/f2/psh/report.md
f2,f2/psh,E1:low_level_persistence,0.0001,p,V1/results/f2/psh/report.md
f2,f2/psh,M0:silencing_efficiency,0.0002,p,V1/results/f2/psh/report.md
f2,f2/psh,M1:hierarchy_dissociation,0.0,p,V1/results/f2/psh/report.md
f2,f2/psh,P0:prediction_match,0.0,p,V1/results/f2/psh/report.md
f2,f2/psh,P1:sensory_persistence,0.0132,p,V1/results/f2/psh/report.md
f2,f2/psh,P2:binding_check,0.0001,p,V1/results/f2/psh/report.md
f2,f2/psh,F0:post_stim_silencing,0.0003,p,V1/results/f2/psh/report.md
f2,f2/psh,F1:error_persistence,0.0003,p,V1/results/f2/psh/report.md
f2,f2/psh,F2:next_prediction,0.0015,p,V1/results/f2/psh/report.md
f2,f2/psh,prediction_silencing,0.0001,p,V1/results/f2/psh/report.md
f2,f2/psh,sensory_persistence,0.0061,p,V1/results/f2/psh/report.md
f2,f2/psh,silencing_efficiency,0.0,p,V1/results/f2/psh/report.md
f2,f2/psh,post_stim_forecast,0.0003,p,V1/results/f2/psh/report.md
f2,f2/psh,error_persistence_forecast,0.0003,p,V1/results/f2/psh/report.md
f2,f2/pwup,E0:tonal_precision,0.0,p,V1/results/f2/pwup/report.md
f2,f2/pwup,E1:rhythmic_precision,0.0001,p,V1/results/f2/pwup/report.md
f2,f2/pwup,M0:weighted_error,0.0,p,V1/results/f2/pwup/report.md
f2,f2/pwup,M1:uncertainty_index,0.0007,p,V1/results/f2/pwup/report.md
f2,f2/pwup,P0:tonal_precision_weight,0.0,p,V1/results/f2/pwup/report.md
f2,f2/pwup,P1:rhythmic_precision_weight,0.0041,p,V1/results/f2/pwup/report.md
f2,f2/pwup,P2:attenuated_response,0.0005,p,V1/results/f2/pwup/report.md
f2,f2/pwup,F0:precision_adjustment,0.0002,p,V1/results/f2/pwup/report.md
f2,f2/pwup,F1:context_uncertainty,0.0006,p,V1/results/f2/pwup/report.md
f2,f2/pwup,F2:response_attenuation,0.0,p,V1/results/f2/pwup/report.md
f2,f2/pwup,precision_weighted_pe,0.0,p,V1/results/f2/pwup/report.md
f2,f2/pwup,tonal_certainty,0.0001,p,V1/results/f2/pwup/report.md
f2,f2/pwup,rhythmic_certainty,0.0045,p,V1/results/f2/pwup/report.md
f2,f2/pwup,precision_forecast,0.0002,p,V1/results/f2/pwup/report.md
f2,f2/pwup,uncertainty_trend,0.0006,p,V1/results/f2/pwup/report.md
f2,f2/sph,E0:gamma_match,0.0,p,V1/results/f2/sph/report.md
f2,f2/sph,E1:alpha_beta_error,0.0087,p,V1/results/f2/sph/report.md
f2,f2/sph,E2:hierarchy_position,0.0015,p,V1/results/f2/sph/report.md
f2,f2/sph,E3:feedforward_feedback,0.0001,p,V1/results/f2/sph/report.md
f2,f2/sph,M0:match_response,0.0,p,V1/results/f2/sph/report.md
f2,f2/sph,M1:varied_response,0.005,p,V1/results/f2/sph/report.md
f2,f2/sph,M2:gamma_power,0.0,p,V1/results/f2/sph/report.md
f2,f2/sph,M3:alpha_beta_power,0.0,p,V1/results/f2/sph/report.md
f2,f2/sph,P0:memory_match,0.0,p,V1/results/f2/sph/report.md
f2,f2/sph,P1:prediction_error,0.0,p,V1/results/f2/sph/report.md
f2,f2/sph,P2:deviation_detection,0.0205,p,V1/results/f2/sph/report.md
f2,f2/sph,F0:next_tone_pred_350ms,0.0,p,V1/results/f2/sph/report.md
f2,f2/sph,F1:sequence_completion_2s,0.0095,p,V1/results/f2/sph/report.md
f2,f2/sph,F2:decision_evaluation,0.0015,p,V1/results/f2/sph/report.md
f2,f2/sph,sequence_match,0.0,p,V1/results/f2/sph/report.md
f2,f2/sph,error_propagation,0.0,p,V1/results/f2/sph/report.md
f2,f2/sph,oscillatory_signature,0.0,p,V1/results/f2/sph/report.md
f2,f2/sph,sequence_completion,0.0095,p,V1/results/f2/sph/report.md
f2,f2/udp,E0:uncertainty_level,0.0001,p,V1/results/f2/udp/report.md
f2,f2/udp,E1:confirmation_reward,0.0,p,V1/results/f2/udp/report.md
f2,f2/udp,M0:error_reward,0.0011,p,V1/results/f2/udp/report.md
f2,f2/udp,M1:pleasure_index,0.0001,p,V1/results/f2/udp/report.md
f2,f2/udp,P0:context_assessment,0.0707,p,V1/results/f2/udp/report.md
f2,f2/udp,P1:prediction_accuracy,0.0003,p,V1/results/f2/udp/report.md
f2,f2/udp,P2:reward_computation,0.0,p,V1/results/f2/udp/report.md
f2,f2/udp,F0:reward_expectation,0.0,p,V1/results/f2/udp/report.md
f2,f2/udp,F1:model_improvement,0.0067,p,V1/results/f2/udp/report.md
f2,f2/udp,F2:pleasure_anticipation,0.0,p,V1/results/f2/udp/report.md
f2,f2/udp,uncertainty_pleasure,0.0001,p,V1/results/f2/udp/report.md
f2,f2/udp,reward_context,0.0005,p,V1/results/f2/udp/report.md
f2,f2/udp,model_update,0.0438,p,V1/results/f2/udp/report.md
f2,f2/udp,reward_forecast,0.0,p,V1/results/f2/udp/report.md
f2,f2/udp,pleasure_anticipation,0.0,p,V1/results/f2/udp/report.md
f2,f2/wmed,E0:entrainment_strength,0.0003,p,V1/results/f2/wmed/report.md
f2,f2/wmed,E1:wm_contribution,0.0235,p,V1/results/f2/wmed/report.md
f2,f2/wmed,M0:tapping_accuracy,0.008,p,V1/results/f2/wmed/report.md
f2,f2/wmed,M1:dissociation_index,0.0,p,V1/results/f2/wmed/report.md
f2,f2/wmed,P0:phase_locking_strength,0.0235,p,V1/results/f2/wmed/report.md
f2,f2/wmed,P1:pattern_segmentation,0.0061,p,V1/results/f2/wmed/report.md
f2,f2/wmed,P2:rhythmic_engagement,0.0001,p,V1/results/f2/wmed/report.md
f2,f2/wmed,F0:next_beat_pred,0.0024,p,V1/results/f2/wmed/report.md
f2,f2/wmed,F1:tapping_accuracy_pred,0.1497,p,V1/results/f2/wmed/report.md
f2,f2/wmed,F2:wm_interference_pred,0.0,p,V1/results/f2/wmed/report.md
f2,f2/wmed,F3:paradox_strength_pred,0.0007,p,V1/results/f2/wmed/report.md
f2,f2/wmed,rhythmic_prediction,0.0,p,V1/results/f2/wmed/report.md
f2,f2/wmed,entrainment_quality,0.0037,p,V1/results/f2/wmed/report.md
f2,f2/wmed,wm_engagement,0.0002,p,V1/results/f2/wmed/report.md
f2,f2/wmed,beat_forecast,0.0024,p,V1/results/f2/wmed/report.md
f2,f2/wmed,paradox_indicator,0.0007,p,V1/results/f2/wmed/report.md
f3,f3/aacm,E0:attentional_engage,0.0001,p,V1/results/f3/aacm/report.md
f3,f3/aacm,E1:motor_inhibition,0.0,p,V1/results/f3/aacm/report.md
f3,f3/aacm,E2:savoring_effect,0.1124,p,V1/results/f3/aacm/report.md
f3,f3/aacm,M0:aesthetic_engagement,0.103,p,V1/results/f3/aacm/report.md
f3,f3/aacm,M1:rt_appreciation,0.0001,p,V1/results/f3/aacm/report.md
f3,f3/aacm,P0:n1p2_engagement,0.0463,p,V1/results/f3/aacm/report.md
f3,f3/aacm,P1:aesthetic_judgment,0.7074,p,V1/results/f3/aacm/report.md
f3,f3/aacm,F0:behavioral_pred,0.2974,p,V1/results/f3/aacm/report.md
f3,f3/aacm,F1:n2p3_pred,0.0073,p,V1/results/f3/aacm/report.md
f3,f3/aacm,F2:aesthetic_pred,0.7752,p,V1/results/f3/aacm/report.md
f3,f3/aacm,aesthetic_engagement,0.103,p,V1/results/f3/aacm/report.md
f3,f3/aacm,savoring_effect,0.4371,p,V1/results/f3/aacm/report.md
f3,f3/aacm,aesthetic_engagement,0.0156,p,V1/results/f3/aacm/report.md
f3,f3/aacm,savoring_effect,0.0076,p,V1/results/f3/aacm/report.md
f3,f3/aacm,aesthetic_engagement,0.0,p,V1/results/f3/aacm/report.md
f3,f3/aacm,savoring_effect,0.0,p,V1/results/f3/aacm/report.md
f3,f3/amss,E0:onset_tracking,0.0061,p,V1/results/f3/amss/report.md
f3,f3/amss,E1:harmonic_segregation,0.9432,p,V1/results/f3/amss/report.md
f3,f3/amss,E2:spectral_stream,0.3249,p,V1/results/f3/amss/report.md
f3,f3/amss,E3:temporal_stream,0.0061,p,V1/results/f3/amss/report.md
f3,f3/amss,E4:attention_gate,0.1223,p,V1/results/f3/amss/report.md
f3,f3/amss,M0:stream_coherence,0.0463,p,V1/results/f3/amss/report.md
f3,f3/amss,M1:segregation_depth,0.0205,p,V1/results/f3/amss/report.md
f3,f3/amss,P0:attended_stream,0.8585,p,V1/results/f3/amss/report.md
f3,f3/amss,P1:competition_state,0.0027,p,V1/results/f3/amss/report.md
f3,f3/amss,F0:stream_stability_pred,0.1876,p,V1/results/f3/amss/report.md
f3,f3/amss,F1:segregation_shift_pred,0.0073,p,V1/results/f3/amss/report.md
f3,f3/amss,stream_segregation,0.0287,p,V1/results/f3/amss/report.md
f3,f3/amss,stream_coherence,0.0743,p,V1/results/f3/amss/report.md
f3,f3/amss,perceptual_organization,0.0103,p,V1/results/f3/amss/report.md
f3,f3/amss,segregation_forecast,0.1876,p,V1/results/f3/amss/report.md
f3,f3/amss,stream_prediction,0.0073,p,V1/results/f3/amss/report.md
f3,f3/amss,stream_segregation,0.0005,p,V1/results/f3/amss/report.md
f3,f3/amss,stream_coherence,0.2617,p,V1/results/f3/amss/report.md
f3,f3/amss,perceptual_organization,0.0209,p,V1/results/f3/amss/report.md
f3,f3/amss,segregation_forecast,0.0139,p,V1/results/f3/amss/report.md
f3,f3/amss,stream_prediction,0.0009,p,V1/results/f3/amss/report.md
f3,f3/amss,stream_segregation,0.0025,p,V1/results/f3/amss/report.md
f3,f3/amss,stream_coherence,0.0025,p,V1/results/f3/amss/report.md
f3,f3/amss,perceptual_organization,0.0005,p,V1/results/f3/amss/report.md
f3,f3/amss,segregation_forecast,0.3374,p,V1/results/f3/amss/report.md
f3,f3/amss,stream_prediction,0.0025,p,V1/results/f3/amss/report.md
f3,f3/barm,E0:regularization_tendency,0.4371,p,V1/results/f3/barm/report.md
f3,f3/barm,E1:beat_alignment,0.0438,p,V1/results/f3/barm/report.md
f3,f3/barm,E2:sync_benefit,0.5411,p,V1/results/f3/barm/report.md
f3,f3/barm,M0:veridical_perception,0.0367,p,V1/results/f3/barm/report.md
f3,f3/barm,M1:regularization_effect,0.0061,p,V1/results/f3/barm/report.md
f3,f3/barm,P0:beat_alignment_accuracy,0.0985,p,V1/results/f3/barm/report.md
f3,f3/barm,P1:regularization_strength,0.2233,p,V1/results/f3/barm/report.md
f3,f3/barm,F0:beat_accuracy_pred,0.8866,p,V1/results/f3/barm/report.md
f3,f3/barm,F1:sync_benefit_pred,0.1275,p,V1/results/f3/barm/report.md
f3,f3/barm,F2:individual_diff_pred,0.078,p,V1/results/f3/barm/report.md
f3,f3/barm,beat_resource,0.4262,p,V1/results/f3/barm/report.md
f3,f3/barm,temporal_attention,0.0576,p,V1/results/f3/barm/report.md
f3,f3/barm,resource_efficiency,0.3737,p,V1/results/f3/barm/report.md
f3,f3/barm,resource_forecast,0.8866,p,V1/results/f3/barm/report.md
f3,f3/barm,phase_prediction,0.1275,p,V1/results/f3/barm/report.md
f3,f3/barm,beat_resource,0.0122,p,V1/results/f3/barm/report.md
f3,f3/barm,temporal_attention,0.0002,p,V1/results/f3/barm/report.md
f3,f3/barm,resource_efficiency,0.0007,p,V1/results/f3/barm/report.md
f3,f3/barm,resource_forecast,0.0099,p,V1/results/f3/barm/report.md
f3,f3/barm,phase_prediction,0.0012,p,V1/results/f3/barm/report.md
f3,f3/barm,beat_resource,0.0362,p,V1/results/f3/barm/report.md
f3,f3/barm,temporal_attention,0.0,p,V1/results/f3/barm/report.md
f3,f3/barm,resource_efficiency,0.0,p,V1/results/f3/barm/report.md
f3,f3/barm,resource_forecast,0.0362,p,V1/results/f3/barm/report.md
f3,f3/barm,phase_prediction,0.0,p,V1/results/f3/barm/report.md
f3,f3/dgtp,E0:music_timing,0.6286,p,V1/results/f3/dgtp/report.md
f3,f3/dgtp,E1:speech_timing,0.0095,p,V1/results/f3/dgtp/report.md
f3,f3/dgtp,E2:shared_mechanism,0.3943,p,V1/results/f3/dgtp/report.md
f3,f3/dgtp,M0:domain_correlation,0.064,p,V1/results/f3/dgtp/report.md
f3,f3/dgtp,M1:shared_variance,0.9716,p,V1/results/f3/dgtp/report.md
f3,f3/dgtp,P0:music_beat_perception,0.6158,p,V1/results/f3/dgtp/report.md
f3,f3/dgtp,P1:domain_general_timing,0.9432,p,V1/results/f3/dgtp/report.md
f3,f3/dgtp,F0:cross_domain_pred,0.0269,p,V1/results/f3/dgtp/report.md
f3,f3/dgtp,F1:training_transfer_pred,0.049,p,V1/results/f3/dgtp/report.md
f3,f3/dgtp,dynamic_gain,0.1223,p,V1/results/f3/dgtp/report.md
f3,f3/dgtp,temporal_prediction,0.1876,p,V1/results/f3/dgtp/report.md
f3,f3/dgtp,gain_modulation,0.8725,p,V1/results/f3/dgtp/report.md
f3,f3/dgtp,gain_forecast,0.0269,p,V1/results/f3/dgtp/report.md
f3,f3/dgtp,prediction_update,0.049,p,V1/results/f3/dgtp/report.md
f3,f3/dgtp,dynamic_gain,0.0023,p,V1/results/f3/dgtp/report.md
f3,f3/dgtp,temporal_prediction,0.0407,p,V1/results/f3/dgtp/report.md
f3,f3/dgtp,gain_modulation,0.0053,p,V1/results/f3/dgtp/report.md
f3,f3/dgtp,gain_forecast,0.0262,p,V1/results/f3/dgtp/report.md
f3,f3/dgtp,prediction_update,0.0219,p,V1/results/f3/dgtp/report.md
f3,f3/dgtp,dynamic_gain,0.0,p,V1/results/f3/dgtp/report.md
f3,f3/dgtp,temporal_prediction,0.7017,p,V1/results/f3/dgtp/report.md
f3,f3/dgtp,gain_modulation,0.0713,p,V1/results/f3/dgtp/report.md
f3,f3/dgtp,gain_forecast,0.0005,p,V1/results/f3/dgtp/report.md
f3,f3/dgtp,prediction_update,0.0068,p,V1/results/f3/dgtp/report.md
f3,f3/etam,E0:early_window,0.8445,p,V1/results/f3/etam/report.md
f3,f3/etam,E1:middle_window,0.8166,p,V1/results/f3/etam/report.md
f3,f3/etam,E2:late_window,0.1275,p,V1/results/f3/etam/report.md
f3,f3/etam,E3:instrument_asymmetry,0.1809,p,V1/results/f3/etam/report.md
f3,f3/etam,M0:attention_gain,0.5291,p,V1/results/f3/etam/report.md
f3,f3/etam,M1:entrainment_index,0.0003,p,V1/results/f3/etam/report.md
f3,f3/etam,P0:envelope_tracking,0.0024,p,V1/results/f3/etam/report.md
f3,f3/etam,P1:stream_separation,0.1383,p,V1/results/f3/etam/report.md
f3,f3/etam,F0:tracking_prediction,0.0067,p,V1/results/f3/etam/report.md
f3,f3/etam,F1:attention_sustain,0.0024,p,V1/results/f3/etam/report.md
f3,f3/etam,F2:segregation_predict,0.8445,p,V1/results/f3/etam/report.md
f3,f3/etam,entrainment_tapping,0.7074,p,V1/results/f3/etam/report.md
f3,f3/etam,tapping_accuracy,0.0005,p,V1/results/f3/etam/report.md
f3,f3/etam,attention_allocation,0.929,p,V1/results/f3/etam/report.md
f3,f3/etam,tapping_forecast,0.0067,p,V1/results/f3/etam/report.md
f3,f3/etam,entrainment_prediction,0.0024,p,V1/results/f3/etam/report.md
f3,f3/etam,entrainment_tapping,0.2194,p,V1/results/f3/etam/report.md
f3,f3/etam,tapping_accuracy,0.0959,p,V1/results/f3/etam/report.md
f3,f3/etam,attention_allocation,0.7181,p,V1/results/f3/etam/report.md
f3,f3/etam,tapping_forecast,0.005,p,V1/results/f3/etam/report.md
f3,f3/etam,entrainment_prediction,0.0244,p,V1/results/f3/etam/report.md
f3,f3/etam,entrainment_tapping,0.0234,p,V1/results/f3/etam/report.md
f3,f3/etam,tapping_accuracy,0.0137,p,V1/results/f3/etam/report.md
f3,f3/etam,attention_allocation,0.0068,p,V1/results/f3/etam/report.md
f3,f3/etam,tapping_forecast,0.0137,p,V1/results/f3/etam/report.md
f3,f3/etam,entrainment_prediction,0.0234,p,V1/results/f3/etam/report.md
f3,f3/iacm,E0:inharmonic_capture,0.0001,p,V1/results/f3/iacm/report.md
f3,f3/iacm,E1:object_segregation,0.0001,p,V1/results/f3/iacm/report.md
f3,f3/iacm,E2:precision_weighting,0.0,p,V1/results/f3/iacm/report.md
f3,f3/iacm,M0:attention_capture,0.0001,p,V1/results/f3/iacm/report.md
f3,f3/iacm,M1:approx_entropy,0.0191,p,V1/results/f3/iacm/report.md
f3,f3/iacm,M2:object_perception_or,0.0007,p,V1/results/f3/iacm/report.md
f3,f3/iacm,P0:p3a_capture,0.0001,p,V1/results/f3/iacm/report.md
f3,f3/iacm,P1:spectral_encoding,0.0001,p,V1/results/f3/iacm/report.md
f3,f3/iacm,F0:object_segreg_pred,0.0007,p,V1/results/f3/iacm/report.md
f3,f3/iacm,F1:attention_shift_pred,0.0001,p,V1/results/f3/iacm/report.md
f3,f3/iacm,F2:multiple_objects_pred,0.0001,p,V1/results/f3/iacm/report.md
f3,f3/iacm,attention_capture,0.0001,p,V1/results/f3/iacm/report.md
f3,f3/iacm,object_segregation,0.0,p,V1/results/f3/iacm/report.md
f3,f3/iacm,precision_weighting,0.0,p,V1/results/f3/iacm/report.md
f3,f3/iacm,attention_shift_pred,0.0001,p,V1/results/f3/iacm/report.md
f3,f3/iacm,attention_capture,0.0009,p,V1/results/f3/iacm/report.md
f3,f3/iacm,object_segregation,0.0014,p,V1/results/f3/iacm/report.md
f3,f3/iacm,precision_weighting,0.0023,p,V1/results/f3/iacm/report.md
f3,f3/iacm,attention_shift_pred,0.0533,p,V1/results/f3/iacm/report.md
f3,f3/iacm,attention_capture,0.0005,p,V1/results/f3/iacm/report.md
f3,f3/iacm,object_segregation,0.0005,p,V1/results/f3/iacm/report.md
f3,f3/iacm,precision_weighting,0.0005,p,V1/results/f3/iacm/report.md
f3,f3/iacm,attention_shift_pred,0.0005,p,V1/results/f3/iacm/report.md
f3,f3/igfe,E0:igf_match,0.0,p,V1/results/f3/igfe/report.md
f3,f3/igfe,E1:memory_enhancement,0.9858,p,V1/results/f3/igfe/report.md
f3,f3/igfe,E2:executive_enhancement,0.2629,p,V1/results/f3/igfe/report.md
f3,f3/igfe,E3:dose_response,0.9716,p,V1/results/f3/igfe/report.md
f3,f3/igfe,P0:gamma_synchronization,0.0,p,V1/results/f3/igfe/report.md
f3,f3/igfe,P1:dose_accumulation,0.0122,p,V1/results/f3/igfe/report.md
f3,f3/igfe,P2:memory_access,0.144,p,V1/results/f3/igfe/report.md
f3,f3/igfe,F0:memory_enhancement_post,0.078,p,V1/results/f3/igfe/report.md
f3,f3/igfe,F1:executive_improve_post,0.0002,p,V1/results/f3/igfe/report.md
f3,f3/igfe,gamma_frequency,0.0,p,V1/results/f3/igfe/report.md
f3,f3/igfe,frequency_benefit,0.5053,p,V1/results/f3/igfe/report.md
f3,f3/igfe,dose_accumulation,0.0122,p,V1/results/f3/igfe/report.md
f3,f3/igfe,enhancement_forecast,0.078,p,V1/results/f3/igfe/report.md
f3,f3/igfe,frequency_prediction,0.0002,p,V1/results/f3/igfe/report.md
f3,f3/igfe,gamma_frequency,0.0026,p,V1/results/f3/igfe/report.md
f3,f3/igfe,frequency_benefit,0.5372,p,V1/results/f3/igfe/report.md
f3,f3/igfe,dose_accumulation,0.0044,p,V1/results/f3/igfe/report.md
f3,f3/igfe,enhancement_forecast,0.0482,p,V1/results/f3/igfe/report.md
f3,f3/igfe,frequency_prediction,0.0068,p,V1/results/f3/igfe/report.md
f3,f3/igfe,gamma_frequency,0.0,p,V1/results/f3/igfe/report.md
f3,f3/igfe,frequency_benefit,0.0025,p,V1/results/f3/igfe/report.md
f3,f3/igfe,dose_accumulation,0.1802,p,V1/results/f3/igfe/report.md
f3,f3/igfe,enhancement_forecast,0.0025,p,V1/results/f3/igfe/report.md
f3,f3/igfe,frequency_prediction,0.0025,p,V1/results/f3/igfe/report.md
f3,f3/newmd,E0:entrainment_strength,0.0546,p,V1/results/f3/newmd/report.md
f3,f3/newmd,E1:wm_capacity,0.0899,p,V1/results/f3/newmd/report.md
f3,f3/newmd,E2:flexibility_cost,0.6158,p,V1/results/f3/newmd/report.md
f3,f3/newmd,E3:dissociation_index,0.8305,p,V1/results/f3/newmd/report.md
f3,f3/newmd,M0:paradox_magnitude,0.8725,p,V1/results/f3/newmd/report.md
f3,f3/newmd,M1:dual_route_balance,0.0087,p,V1/results/f3/newmd/report.md
f3,f3/newmd,P0:current_entrain,0.5533,p,V1/results/f3/newmd/report.md
f3,f3/newmd,P1:current_wm_load,0.0178,p,V1/results/f3/newmd/report.md
f3,f3/newmd,F0:performance_pred,0.1497,p,V1/results/f3/newmd/report.md
f3,f3/newmd,F1:adaptation_pred,0.0041,p,V1/results/f3/newmd/report.md
f3,f3/newmd,entrainment_window,0.9007,p,V1/results/f3/newmd/report.md
f3,f3/newmd,window_modulation,0.0013,p,V1/results/f3/newmd/report.md
f3,f3/newmd,neural_coupling,0.0122,p,V1/results/f3/newmd/report.md
f3,f3/newmd,window_forecast,0.1497,p,V1/results/f3/newmd/report.md
f3,f3/newmd,coupling_prediction,0.0041,p,V1/results/f3/newmd/report.md
f3,f3/newmd,entrainment_window,0.0053,p,V1/results/f3/newmd/report.md
f3,f3/newmd,window_modulation,0.0012,p,V1/results/f3/newmd/report.md
f3,f3/newmd,neural_coupling,0.0018,p,V1/results/f3/newmd/report.md
f3,f3/newmd,window_forecast,0.0147,p,V1/results/f3/newmd/report.md
f3,f3/newmd,coupling_prediction,0.0006,p,V1/results/f3/newmd/report.md
f3,f3/newmd,entrainment_window,0.0,p,V1/results/f3/newmd/report.md
f3,f3/newmd,window_modulation,0.0068,p,V1/results/f3/newmd/report.md
f3,f3/newmd,neural_coupling,0.2152,p,V1/results/f3/newmd/report.md
f3,f3/newmd,window_forecast,1.0,p,V1/results/f3/newmd/report.md
f3,f3/newmd,coupling_prediction,0.0068,p,V1/results/f3/newmd/report.md
f3,f3/pwsm,f19:precision_weighting,0.6808,p,V1/results/f3/pwsm/report.md
f3,f3/pwsm,f20:error_suppression,0.8166,p,V1/results/f3/pwsm/report.md
f3,f3/pwsm,f21:stability_encoding,0.9149,p,V1/results/f3/pwsm/report.md
f3,f3/pwsm,M0:pe_weighted,0.3538,p,V1/results/f3/pwsm/report.md
f3,f3/pwsm,M1:precision,0.5411,p,V1/results/f3/pwsm/report.md
f3,f3/pwsm,P0:weighted_error,0.0287,p,V1/results/f3/pwsm/report.md
f3,f3/pwsm,P1:precision_estimate,0.0001,p,V1/results/f3/pwsm/report.md
f3,f3/pwsm,F0:mmn_presence_pred,0.0235,p,V1/results/f3/pwsm/report.md
f3,f3/pwsm,F1:context_reliability,0.0011,p,V1/results/f3/pwsm/report.md
f3,f3/pwsm,salience_modulation,0.0061,p,V1/results/f3/pwsm/report.md
f3,f3/pwsm,prediction_weighting,0.0006,p,V1/results/f3/pwsm/report.md
f3,f3/pwsm,salience_context,0.8445,p,V1/results/f3/pwsm/report.md
f3,f3/pwsm,salience_forecast,0.0235,p,V1/results/f3/pwsm/report.md
f3,f3/pwsm,modulation_prediction,0.0011,p,V1/results/f3/pwsm/report.md
f3,f3/pwsm,salience_modulation,0.0007,p,V1/results/f3/pwsm/report.md
f3,f3/pwsm,prediction_weighting,0.0003,p,V1/results/f3/pwsm/report.md
f3,f3/pwsm,salience_context,0.0004,p,V1/results/f3/pwsm/report.md
f3,f3/pwsm,salience_forecast,0.0006,p,V1/results/f3/pwsm/report.md
f3,f3/pwsm,modulation_prediction,0.0004,p,V1/results/f3/pwsm/report.md
f3,f3/pwsm,salience_modulation,0.0234,p,V1/results/f3/pwsm/report.md
f3,f3/pwsm,prediction_weighting,0.1482,p,V1/results/f3/pwsm/report.md
f3,f3/pwsm,salience_context,0.8192,p,V1/results/f3/pwsm/report.md
f3,f3/pwsm,salience_forecast,0.0,p,V1/results/f3/pwsm/report.md
f3,f3/pwsm,modulation_prediction,0.0522,p,V1/results/f3/pwsm/report.md
f3,f3/sdl,E0:dynamic_lateral,0.4821,p,V1/results/f3/sdl/report.md
f3,f3/sdl,E1:local_clustering,0.2086,p,V1/results/f3/sdl/report.md
f3,f3/sdl,E2:hemispheric_osc,0.078,p,V1/results/f3/sdl/report.md
f3,f3/sdl,M0:lateralization_index,0.8028,p,V1/results/f3/sdl/report.md
f3,f3/sdl,M1:salience_demand,0.0463,p,V1/results/f3/sdl/report.md
f3,f3/sdl,P0:dynamic_lateral_p,0.5053,p,V1/results/f3/sdl/report.md
f3,f3/sdl,P1:hemispheric_engage,0.0132,p,V1/results/f3/sdl/report.md
f3,f3/sdl,F0:network_config_pred,0.0252,p,V1/results/f3/sdl/report.md
f3,f3/sdl,F1:processing_eff_pred,0.0576,p,V1/results/f3/sdl/report.md
f3,f3/sdl,spectral_dominance,0.1809,p,V1/results/f3/sdl/report.md
f3,f3/sdl,lateralization_index,0.0095,p,V1/results/f3/sdl/report.md
f3,f3/sdl,dominance_pattern,0.0707,p,V1/results/f3/sdl/report.md
f3,f3/sdl,dominance_forecast,0.0252,p,V1/results/f3/sdl/report.md
f3,f3/sdl,lateral_prediction,0.0576,p,V1/results/f3/sdl/report.md
f3,f3/sdl,spectral_dominance,0.205,p,V1/results/f3/sdl/report.md
f3,f3/sdl,lateralization_index,0.9342,p,V1/results/f3/sdl/report.md
f3,f3/sdl,dominance_pattern,0.5451,p,V1/results/f3/sdl/report.md
f3,f3/sdl,dominance_forecast,0.3149,p,V1/results/f3/sdl/report.md
f3,f3/sdl,lateral_prediction,0.3086,p,V1/results/f3/sdl/report.md
f3,f3/sdl,spectral_dominance,0.0068,p,V1/results/f3/sdl/report.md
f3,f3/sdl,lateralization_index,0.0,p,V1/results/f3/sdl/report.md
f3,f3/sdl,dominance_pattern,0.0,p,V1/results/f3/sdl/report.md
f3,f3/sdl,dominance_forecast,0.0,p,V1/results/f3/sdl/report.md
f3,f3/sdl,lateral_prediction,0.5887,p,V1/results/f3/sdl/report.md
f3,f3/snem,E0:beat_entrainment,0.929,p,V1/results/f3/snem/report.md
f3,f3/snem,E1:meter_entrainment,0.6031,p,V1/results/f3/snem/report.md
f3,f3/snem,E2:selective_enhancement,0.6031,p,V1/results/f3/snem/report.md
f3,f3/snem,M0:ssep_enhancement,0.6031,p,V1/results/f3/snem/report.md
f3,f3/snem,M1:enhancement_index,0.0673,p,V1/results/f3/snem/report.md
f3,f3/snem,M2:beat_salience,0.789,p,V1/results/f3/snem/report.md
f3,f3/snem,P0:beat_locked_activity,0.6676,p,V1/results/f3/snem/report.md
f3,f3/snem,P1:entrainment_strength,0.6545,p,V1/results/f3/snem/report.md
f3,f3/snem,P2:selective_gain,0.8028,p,V1/results/f3/snem/report.md
f3,f3/snem,F0:beat_onset_pred,0.9858,p,V1/results/f3/snem/report.md
f3,f3/snem,F1:meter_position_pred,0.9007,p,V1/results/f3/snem/report.md
f3,f3/snem,F2:enhancement_pred,0.9007,p,V1/results/f3/snem/report.md
f3,f3/snem,beat_entrainment,0.7343,p,V1/results/f3/snem/report.md
f3,f3/snem,meter_hierarchy,0.6676,p,V1/results/f3/snem/report.md
f3,f3/snem,selective_gain,0.8028,p,V1/results/f3/snem/report.md
f3,f3/snem,beat_onset_pred,0.9858,p,V1/results/f3/snem/report.md
f3,f3/snem,meter_position_pred,0.8305,p,V1/results/f3/snem/report.md
f3,f3/snem,beat_entrainment,0.0,p,V1/results/f3/snem/report.md
f3,f3/snem,meter_hierarchy,0.0001,p,V1/results/f3/snem/report.md
f3,f3/snem,selective_gain,0.0001,p,V1/results/f3/snem/report.md
f3,f3/snem,beat_onset_pred,0.0,p,V1/results/f3/snem/report.md
f3,f3/snem,meter_position_pred,0.0,p,V1/results/f3/snem/report.md
f3,f3/snem,beat_entrainment,0.0,p,V1/results/f3/snem/report.md
f3,f3/snem,meter_hierarchy,0.0,p,V1/results/f3/snem/report.md
f3,f3/snem,selective_gain,0.0068,p,V1/results/f3/snem/report.md
f3,f3/snem,beat_onset_pred,0.0,p,V1/results/f3/snem/report.md
f3,f3/snem,meter_position_pred,0.0,p,V1/results/f3/snem/report.md
f3,f3/stanm,E0:temporal_attention,0.2387,p,V1/results/f3/stanm/report.md
f3,f3/stanm,E1:spectral_attention,0.6676,p,V1/results/f3/stanm/report.md
f3,f3/stanm,E2:network_topology,0.0463,p,V1/results/f3/stanm/report.md
f3,f3/stanm,M0:network_topology_m,0.144,p,V1/results/f3/stanm/report.md
f3,f3/stanm,M1:local_clustering,0.2974,p,V1/results/f3/stanm/report.md
f3,f3/stanm,M2:lateralization,0.3344,p,V1/results/f3/stanm/report.md
f3,f3/stanm,P0:temporal_alloc,0.3538,p,V1/results/f3/stanm/report.md
f3,f3/stanm,P1:spectral_alloc,0.0346,p,V1/results/f3/stanm/report.md
f3,f3/stanm,F0:network_state_pred,0.2547,p,V1/results/f3/stanm/report.md
f3,f3/stanm,F1:lateral_pred,0.0518,p,V1/results/f3/stanm/report.md
f3,f3/stanm,F2:compensation_pred,0.1944,p,V1/results/f3/stanm/report.md
f3,f3/stanm,spectral_attention,0.4481,p,V1/results/f3/stanm/report.md
f3,f3/stanm,temporal_modulation,0.8585,p,V1/results/f3/stanm/report.md
f3,f3/stanm,network_state,0.2014,p,V1/results/f3/stanm/report.md
f3,f3/stanm,spectral_forecast,0.0346,p,V1/results/f3/stanm/report.md
f3,f3/stanm,temporal_forecast,0.2547,p,V1/results/f3/stanm/report.md
f3,f3/stanm,spectral_attention,0.4684,p,V1/results/f3/stanm/report.md
f3,f3/stanm,temporal_modulation,0.5168,p,V1/results/f3/stanm/report.md
f3,f3/stanm,network_state,0.5942,p,V1/results/f3/stanm/report.md
f3,f3/stanm,spectral_forecast,0.0343,p,V1/results/f3/stanm/report.md
f3,f3/stanm,temporal_forecast,0.1571,p,V1/results/f3/stanm/report.md
f3,f3/stanm,spectral_attention,0.0362,p,V1/results/f3/stanm/report.md
f3,f3/stanm,temporal_modulation,0.0,p,V1/results/f3/stanm/report.md
f3,f3/stanm,network_state,0.0137,p,V1/results/f3/stanm/report.md
f3,f3/stanm,spectral_forecast,0.0,p,V1/results/f3/stanm/report.md
f3,f3/stanm,temporal_forecast,0.0137,p,V1/results/f3/stanm/report.md
f4,f4/cdem,C0:context_modulation,0.0,p,V1/results/f4/cdem/report.md
f4,f4/cdem,C0:context_modulation,0.0,p(perm),V1/results/f4/cdem/report.md
f4,f4/cdem,C1:arousal_suppression,0.0005,p,V1/results/f4/cdem/report.md
f4,f4/cdem,C1:arousal_suppression,0.0018,p(perm),V1/results/f4/cdem/report.md
f4,f4/cdem,M0:congruency_index,0.0346,p,V1/results/f4/cdem/report.md
f4,f4/cdem,M0:congruency_index,0.04,p(perm),V1/results/f4/cdem/report.md
f4,f4/cdem,M1:context_recall_probability,0.0001,p,V1/results/f4/cdem/report.md
f4,f4/cdem,M1:context_recall_probability,0.0004,p(perm),V1/results/f4/cdem/report.md
f4,f4/cdem,P0:binding_state,0.0,p,V1/results/f4/cdem/report.md
f4,f4/cdem,P0:binding_state,0.0,p(perm),V1/results/f4/cdem/report.md
f4,f4/cdem,P1:arousal_gate,0.049,p,V1/results/f4/cdem/report.md
f4,f4/cdem,P1:arousal_gate,0.0474,p(perm),V1/results/f4/cdem/report.md
f4,f4/cdem,P2:from_synthesis,0.0,p,V1/results/f4/cdem/report.md
f4,f4/cdem,P2:from_synthesis,0.0,p(perm),V1/results/f4/cdem/report.md
f4,f4/cdem,F0:encoding_strength_fc,0.0024,p,V1/results/f4/cdem/report.md
f4,f4/cdem,F0:encoding_strength_fc,0.0042,p(perm),V1/results/f4/cdem/report.md
f4,f4/cdem,F1:retrieval_context_fc,0.0,p,V1/results/f4/cdem/report.md
f4,f4/cdem,F1:retrieval_context_fc,0.0,p(perm),V1/results/f4/cdem/report.md
f4,f4/cdem,F2:mood_congruency_fc,0.0,p,V1/results/f4/cdem/report.md
f4,f4/cdem,F2:mood_congruency_fc,0.0,p(perm),V1/results/f4/cdem/report.md
f4,f4/cmapcc,E0:common_code,0.9065,p,V1/results/f4/cmapcc/report.md
f4,f4/cmapcc,E0:common_code,0.9038,p(perm),V1/results/f4/cmapcc/report.md
f4,f4/cmapcc,E1:cross_modal_binding,0.0,p,V1/results/f4/cmapcc/report.md
f4,f4/cmapcc,E1:cross_modal_binding,0.0,p(perm),V1/results/f4/cmapcc/report.md
f4,f4/cmapcc,E2:sequence_generalization,0.0,p,V1/results/f4/cmapcc/report.md
f4,f4/cmapcc,E2:sequence_generalization,0.0,p(perm),V1/results/f4/cmapcc/report.md
f4,f4/cmapcc,M0:common_code_strength,0.0,p,V1/results/f4/cmapcc/report.md
f4,f4/cmapcc,M0:common_code_strength,0.0,p(perm),V1/results/f4/cmapcc/report.md
f4,f4/cmapcc,M1:transfer_probability,0.0007,p,V1/results/f4/cmapcc/report.md
f4,f4/cmapcc,M1:transfer_probability,0.001,p(perm),V1/results/f4/cmapcc/report.md
f4,f4/cmapcc,P0:pmc_activation,0.0,p,V1/results/f4/cmapcc/report.md
f4,f4/cmapcc,P0:pmc_activation,0.0,p(perm),V1/results/f4/cmapcc/report.md
f4,f4/cmapcc,P1:mirror_coupling,0.0,p,V1/results/f4/cmapcc/report.md
f4,f4/cmapcc,P1:mirror_coupling,0.0,p(perm),V1/results/f4/cmapcc/report.md
f4,f4/cmapcc,F0:transfer_pred,0.0,p,V1/results/f4/cmapcc/report.md
f4,f4/cmapcc,F0:transfer_pred,0.0,p(perm),V1/results/f4/cmapcc/report.md
f4,f4/cmapcc,F1:motor_seq_pred,0.7479,p,V1/results/f4/cmapcc/report.md
f4,f4/cmapcc,F1:motor_seq_pred,0.7458,p(perm),V1/results/f4/cmapcc/report.md
f4,f4/cmapcc,F2:perceptual_seq_pred,0.0,p,V1/results/f4/cmapcc/report.md
f4,f4/cmapcc,F2:perceptual_seq_pred,0.0,p(perm),V1/results/f4/cmapcc/report.md
f4,f4/cssl,E0:rhythm_copying,0.0,p,V1/results/f4/cssl/report.md
f4,f4/cssl,E0:rhythm_copying,0.0,p(perm),V1/results/f4/cssl/report.md
f4,f4/cssl,E1:melody_copying,0.0346,p,V1/results/f4/cssl/report.md
f4,f4/cssl,E1:melody_copying,0.0368,p(perm),V1/results/f4/cssl/report.md
f4,f4/cssl,E2:all_shared_binding,0.0,p,V1/results/f4/cssl/report.md
f4,f4/cssl,E2:all_shared_binding,0.0,p(perm),V1/results/f4/cssl/report.md
f4,f4/cssl,M0:conservation_index,0.5533,p,V1/results/f4/cssl/report.md
f4,f4/cssl,M0:conservation_index,0.5456,p(perm),V1/results/f4/cssl/report.md
f4,f4/cssl,M1:template_fidelity,0.0,p,V1/results/f4/cssl/report.md
f4,f4/cssl,M1:template_fidelity,0.0,p(perm),V1/results/f4/cssl/report.md
f4,f4/cssl,P0:entrainment_state,0.064,p,V1/results/f4/cssl/report.md
f4,f4/cssl,P0:entrainment_state,0.0634,p(perm),V1/results/f4/cssl/report.md
f4,f4/cssl,P1:template_match,0.0,p,V1/results/f4/cssl/report.md
f4,f4/cssl,P1:template_match,0.0004,p(perm),V1/results/f4/cssl/report.md
f4,f4/cssl,F0:learning_trajectory,0.0005,p,V1/results/f4/cssl/report.md
f4,f4/cssl,F0:learning_trajectory,0.0012,p(perm),V1/results/f4/cssl/report.md
f4,f4/cssl,F1:binding_prediction,0.0,p,V1/results/f4/cssl/report.md
f4,f4/cssl,F1:binding_prediction,0.0,p(perm),V1/results/f4/cssl/report.md
f4,f4/cssl,F2:reserved,0.0,p(perm),V1/results/f4/cssl/report.md
f4,f4/dmms,E0:early_binding,0.0,p,V1/results/f4/dmms/report.md
f4,f4/dmms,E0:early_binding,0.0,p(perm),V1/results/f4/dmms/report.md
f4,f4/dmms,E1:dev_plasticity,0.0,p,V1/results/f4/dmms/report.md
f4,f4/dmms,E1:dev_plasticity,0.0,p(perm),V1/results/f4/dmms/report.md
f4,f4/dmms,E2:melodic_imprint,0.4262,p,V1/results/f4/dmms/report.md
f4,f4/dmms,E2:melodic_imprint,0.4322,p(perm),V1/results/f4/dmms/report.md
f4,f4/dmms,M0:scaffold_strength,0.0,p,V1/results/f4/dmms/report.md
f4,f4/dmms,M0:scaffold_strength,0.0,p(perm),V1/results/f4/dmms/report.md
f4,f4/dmms,M1:imprinting_depth,0.5053,p,V1/results/f4/dmms/report.md
f4,f4/dmms,M1:imprinting_depth,0.5164,p(perm),V1/results/f4/dmms/report.md
f4,f4/dmms,P0:scaffold_activation,0.0,p,V1/results/f4/dmms/report.md
f4,f4/dmms,P0:scaffold_activation,0.0,p(perm),V1/results/f4/dmms/report.md
f4,f4/dmms,P1:bonding_warmth,0.0306,p,V1/results/f4/dmms/report.md
f4,f4/dmms,P1:bonding_warmth,0.0344,p(perm),V1/results/f4/dmms/report.md
f4,f4/dmms,F0:scaffold_persistence,0.0,p,V1/results/f4/dmms/report.md
f4,f4/dmms,F0:scaffold_persistence,0.0,p(perm),V1/results/f4/dmms/report.md
f4,f4/dmms,F1:preference_formation,0.0,p,V1/results/f4/dmms/report.md
f4,f4/dmms,F1:preference_formation,0.0,p(perm),V1/results/f4/dmms/report.md
f4,f4/dmms,F2:therapeutic_potential,0.0,p,V1/results/f4/dmms/report.md
f4,f4/dmms,F2:therapeutic_potential,0.0,p(perm),V1/results/f4/dmms/report.md
f4,f4/hcmc,E0:fast_binding,0.0,p,V1/results/f4/hcmc/report.md
f4,f4/hcmc,E0:fast_binding,0.0,p(perm),V1/results/f4/hcmc/report.md
f4,f4/hcmc,E1:episodic_segmentation,0.0003,p,V1/results/f4/hcmc/report.md
f4,f4/hcmc,E1:episodic_segmentation,0.0004,p(perm),V1/results/f4/hcmc/report.md
f4,f4/hcmc,E2:cortical_storage,0.0006,p,V1/results/f4/hcmc/report.md
f4,f4/hcmc,E2:cortical_storage,0.0008,p(perm),V1/results/f4/hcmc/report.md
f4,f4/hcmc,M0:consolidation_strength,0.0,p,V1/results/f4/hcmc/report.md
f4,f4/hcmc,M0:consolidation_strength,0.0,p(perm),V1/results/f4/hcmc/report.md
f4,f4/hcmc,M1:encoding_rate,0.694,p,V1/results/f4/hcmc/report.md
f4,f4/hcmc,M1:encoding_rate,0.6942,p(perm),V1/results/f4/hcmc/report.md
f4,f4/hcmc,M2:from_synthesis,0.0067,p,V1/results/f4/hcmc/report.md
f4,f4/hcmc,M2:from_synthesis,0.0082,p(perm),V1/results/f4/hcmc/report.md
f4,f4/hcmc,P0:binding_state,0.0,p,V1/results/f4/hcmc/report.md
f4,f4/hcmc,P0:binding_state,0.0,p(perm),V1/results/f4/hcmc/report.md
f4,f4/hcmc,P1:segmentation_state,0.0576,p,V1/results/f4/hcmc/report.md
f4,f4/hcmc,P1:segmentation_state,0.0544,p(perm),V1/results/f4/hcmc/report.md
f4,f4/hcmc,P2:storage_state,0.0287,p,V1/results/f4/hcmc/report.md
f4,f4/hcmc,P2:storage_state,0.0334,p(perm),V1/results/f4/hcmc/report.md
f4,f4/hcmc,F0:consolidation_fc,0.0287,p,V1/results/f4/hcmc/report.md
f4,f4/hcmc,F0:consolidation_fc,0.032,p(perm),V1/results/f4/hcmc/report.md
f4,f4/hcmc,F1:retrieval_fc,0.0,p,V1/results/f4/hcmc/report.md
f4,f4/hcmc,F1:retrieval_fc,0.0,p(perm),V1/results/f4/hcmc/report.md
f4,f4/hcmc,episodic_encoding,0.0,p,V1/results/f4/hcmc/report.md
f4,f4/hcmc,episodic_boundary,0.0576,p,V1/results/f4/hcmc/report.md
f4,f4/hcmc,consolidation_strength,0.0287,p,V1/results/f4/hcmc/report.md
f4,f4/meamn,E0:f01_retrieval,0.0,p,V1/results/f4/meamn/report.md
f4,f4/meamn,E0:f01_retrieval,0.0,p(perm),V1/results/f4/meamn/report.md
f4,f4/meamn,E1:f02_nostalgia,0.0037,p,V1/results/f4/meamn/report.md
f4,f4/meamn,E1:f02_nostalgia,0.0082,p(perm),V1/results/f4/meamn/report.md
f4,f4/meamn,E2:f03_emotion,0.0003,p,V1/results/f4/meamn/report.md
f4,f4/meamn,E2:f03_emotion,0.0002,p(perm),V1/results/f4/meamn/report.md
f4,f4/meamn,M0:meam_retrieval,0.0,p,V1/results/f4/meamn/report.md
f4,f4/meamn,M0:meam_retrieval,0.0,p(perm),V1/results/f4/meamn/report.md
f4,f4/meamn,M1:p_recall,0.0,p,V1/results/f4/meamn/report.md
f4,f4/meamn,M1:p_recall,0.0,p(perm),V1/results/f4/meamn/report.md
f4,f4/meamn,P0:memory_state,0.0,p,V1/results/f4/meamn/report.md
f4,f4/meamn,P0:memory_state,0.0,p(perm),V1/results/f4/meamn/report.md
f4,f4/meamn,P1:emotional_color,0.0001,p,V1/results/f4/meamn/report.md
f4,f4/meamn,P1:emotional_color,0.0,p(perm),V1/results/f4/meamn/report.md
f4,f4/meamn,P2:nostalgia_link,0.0,p,V1/results/f4/meamn/report.md
f4,f4/meamn,P2:nostalgia_link,0.0,p(perm),V1/results/f4/meamn/report.md
f4,f4/meamn,F0:mem_vividness_fc,0.0,p,V1/results/f4/meamn/report.md
f4,f4/meamn,F0:mem_vividness_fc,0.0,p(perm),V1/results/f4/meamn/report.md
f4,f4/meamn,F1:emo_response_fc,0.0001,p,V1/results/f4/meamn/report.md
f4,f4/meamn,F1:emo_response_fc,0.0,p(perm),V1/results/f4/meamn/report.md
f4,f4/meamn,F2:self_ref_fc,0.0,p,V1/results/f4/meamn/report.md
f4,f4/meamn,F2:self_ref_fc,0.0,p(perm),V1/results/f4/meamn/report.md
f4,f4/meamn,F3:reserved,0.0,p(perm),V1/results/f4/meamn/report.md
f4,f4/meamn,autobiographical_retrieval,0.0,p,V1/results/f4/meamn/report.md
f4,f4/meamn,emotional_coloring,0.0,p,V1/results/f4/meamn/report.md
f4,f4/meamn,memory_vividness,0.0,p,V1/results/f4/meamn/report.md
f4,f4/meamn,nostalgia_intensity,0.0,p,V1/results/f4/meamn/report.md
f4,f4/meamn,retrieval_probability,0.0,p,V1/results/f4/meamn/report.md
f4,f4/meamn,self_relevance,0.0,p,V1/results/f4/meamn/report.md
f4,f4/meamn,vividness_trajectory,0.0,p,V1/results/f4/meamn/report.md
f4,f4/mmp,R0:preserved_memory,0.0,p,V1/results/f4/mmp/report.md
f4,f4/mmp,R0:preserved_memory,0.0002,p(perm),V1/results/f4/mmp/report.md
f4,f4/mmp,R1:melodic_recognition,0.9716,p,V1/results/f4/mmp/report.md
f4,f4/mmp,R1:melodic_recognition,0.9792,p(perm),V1/results/f4/mmp/report.md
f4,f4/mmp,R2:scaffold_efficacy,0.0325,p,V1/results/f4/mmp/report.md
f4,f4/mmp,R2:scaffold_efficacy,0.0344,p(perm),V1/results/f4/mmp/report.md
f4,f4/mmp,P0:preserved_recognition,0.0,p,V1/results/f4/mmp/report.md
f4,f4/mmp,P0:preserved_recognition,0.0,p(perm),V1/results/f4/mmp/report.md
f4,f4/mmp,P1:melodic_identification,0.4481,p,V1/results/f4/mmp/report.md
f4,f4/mmp,P1:melodic_identification,0.4404,p(perm),V1/results/f4/mmp/report.md
f4,f4/mmp,P2:familiarity,0.7343,p,V1/results/f4/mmp/report.md
f4,f4/mmp,P2:familiarity,0.7352,p(perm),V1/results/f4/mmp/report.md
f4,f4/mmp,F0:recognition_fc,0.3064,p,V1/results/f4/mmp/report.md
f4,f4/mmp,F0:recognition_fc,0.306,p(perm),V1/results/f4/mmp/report.md
f4,f4/mmp,F1:emotional_fc,0.0,p,V1/results/f4/mmp/report.md
f4,f4/mmp,F1:emotional_fc,0.0,p(perm),V1/results/f4/mmp/report.md
f4,f4/mmp,F2:scaffold_fc,0.5053,p,V1/results/f4/mmp/report.md
f4,f4/mmp,F2:scaffold_fc,0.4956,p(perm),V1/results/f4/mmp/report.md
f4,f4/mmp,C0:preservation_index,0.0007,p,V1/results/f4/mmp/report.md
f4,f4/mmp,C0:preservation_index,0.0014,p(perm),V1/results/f4/mmp/report.md
f4,f4/mmp,C1:therapeutic_efficacy,0.4481,p,V1/results/f4/mmp/report.md
f4,f4/mmp,C1:therapeutic_efficacy,0.4402,p(perm),V1/results/f4/mmp/report.md
f4,f4/mmp,C2:hippocampal_independence,0.9149,p,V1/results/f4/mmp/report.md
f4,f4/mmp,C2:hippocampal_independence,0.9216,p(perm),V1/results/f4/mmp/report.md
f4,f4/mmp,melodic_recognition,0.5171,p,V1/results/f4/mmp/report.md
f4,f4/mmp,memory_preservation,0.0007,p,V1/results/f4/mmp/report.md
f4,f4/mmp,memory_scaffold_pred,0.5053,p,V1/results/f4/mmp/report.md
f4,f4/mspba,S0:musical_syntax,0.0007,p,V1/results/f4/mspba/report.md
f4,f4/mspba,S0:musical_syntax,0.0008,p(perm),V1/results/f4/mspba/report.md
f4,f4/mspba,S1:harmonic_prediction,0.0,p,V1/results/f4/mspba/report.md
f4,f4/mspba,S1:harmonic_prediction,0.0,p(perm),V1/results/f4/mspba/report.md
f4,f4/mspba,S2:broca_activation,0.0,p,V1/results/f4/mspba/report.md
f4,f4/mspba,S2:broca_activation,0.0,p(perm),V1/results/f4/mspba/report.md
f4,f4/mspba,M0:eran_amplitude,0.0003,p,V1/results/f4/mspba/report.md
f4,f4/mspba,M0:eran_amplitude,0.0002,p(perm),V1/results/f4/mspba/report.md
f4,f4/mspba,M1:syntax_violation,0.0,p,V1/results/f4/mspba/report.md
f4,f4/mspba,M1:syntax_violation,0.0,p(perm),V1/results/f4/mspba/report.md
f4,f4/mspba,M2:from_synthesis,0.0,p,V1/results/f4/mspba/report.md
f4,f4/mspba,M2:from_synthesis,0.0,p(perm),V1/results/f4/mspba/report.md
f4,f4/mspba,P0:harmonic_context,0.0,p,V1/results/f4/mspba/report.md
f4,f4/mspba,P0:harmonic_context,0.0,p(perm),V1/results/f4/mspba/report.md
f4,f4/mspba,P1:violation_state,0.0,p,V1/results/f4/mspba/report.md
f4,f4/mspba,P1:violation_state,0.0,p(perm),V1/results/f4/mspba/report.md
f4,f4/mspba,F0:resolution_fc,0.8445,p,V1/results/f4/mspba/report.md
f4,f4/mspba,F0:resolution_fc,0.8538,p(perm),V1/results/f4/mspba/report.md
f4,f4/mspba,F1:eran_trajectory_fc,0.0,p,V1/results/f4/mspba/report.md
f4,f4/mspba,F1:eran_trajectory_fc,0.0,p(perm),V1/results/f4/mspba/report.md
f4,f4/mspba,F2:syntax_repair_fc,0.8866,p,V1/results/f4/mspba/report.md
f4,f4/mspba,F2:syntax_repair_fc,0.8898,p(perm),V1/results/f4/mspba/report.md
f4,f4/oii,E0:slow_integration,0.0,p,V1/results/f4/oii/report.md
f4,f4/oii,E0:slow_integration,0.0,p(perm),V1/results/f4/oii/report.md
f4,f4/oii,E1:fast_segregation,0.0011,p,V1/results/f4/oii/report.md
f4,f4/oii,E1:fast_segregation,0.0016,p(perm),V1/results/f4/oii/report.md
f4,f4/oii,E2:mode_switching,0.9007,p,V1/results/f4/oii/report.md
f4,f4/oii,E2:mode_switching,0.8986,p(perm),V1/results/f4/oii/report.md
f4,f4/oii,M0:gf_proxy,0.4821,p,V1/results/f4/oii/report.md
f4,f4/oii,M0:gf_proxy,0.4738,p(perm),V1/results/f4/oii/report.md
f4,f4/oii,M1:switching_efficiency,0.1876,p,V1/results/f4/oii/report.md
f4,f4/oii,M1:switching_efficiency,0.183,p(perm),V1/results/f4/oii/report.md
f4,f4/oii,P0:integration_state,0.2387,p,V1/results/f4/oii/report.md
f4,f4/oii,P0:integration_state,0.2376,p(perm),V1/results/f4/oii/report.md
f4,f4/oii,P1:segregation_state,0.0003,p,V1/results/f4/oii/report.md
f4,f4/oii,P1:segregation_state,0.0002,p(perm),V1/results/f4/oii/report.md
f4,f4/oii,P2:encoding_quality,0.0,p,V1/results/f4/oii/report.md
f4,f4/oii,P2:encoding_quality,0.0,p(perm),V1/results/f4/oii/report.md
f4,f4/oii,F0:integration_pred,0.0,p,V1/results/f4/oii/report.md
f4,f4/oii,F0:integration_pred,0.0,p(perm),V1/results/f4/oii/report.md
f4,f4/oii,F1:segregation_pred,0.1275,p,V1/results/f4/oii/report.md
f4,f4/oii,F1:segregation_pred,0.1342,p(perm),V1/results/f4/oii/report.md
f4,f4/pmim,P0:eran_response,0.0413,p,V1/results/f4/pmim/report.md
f4,f4/pmim,P0:eran_response,0.0472,p(perm),V1/results/f4/pmim/report.md
f4,f4/pmim,P1:mmn_response,0.5171,p,V1/results/f4/pmim/report.md
f4,f4/pmim,P1:mmn_response,0.5064,p(perm),V1/results/f4/pmim/report.md
f4,f4/pmim,P2:combined_pred_error,0.0205,p,V1/results/f4/pmim/report.md
f4,f4/pmim,P2:combined_pred_error,0.0228,p(perm),V1/results/f4/pmim/report.md
f4,f4/pmim,M0:hierarchical_pe,0.0,p,V1/results/f4/pmim/report.md
f4,f4/pmim,M0:hierarchical_pe,0.0,p(perm),V1/results/f4/pmim/report.md
f4,f4/pmim,M1:model_precision,0.0,p,V1/results/f4/pmim/report.md
f4,f4/pmim,M1:model_precision,0.0,p(perm),V1/results/f4/pmim/report.md
f4,f4/pmim,M2:from_synthesis,0.0,p,V1/results/f4/pmim/report.md
f4,f4/pmim,M2:from_synthesis,0.0,p(perm),V1/results/f4/pmim/report.md
f4,f4/pmim,S0:syntax_state,0.0,p,V1/results/f4/pmim/report.md
f4,f4/pmim,S0:syntax_state,0.0,p(perm),V1/results/f4/pmim/report.md
f4,f4/pmim,S1:deviance_state,0.6415,p,V1/results/f4/pmim/report.md
f4,f4/pmim,S1:deviance_state,0.6338,p(perm),V1/results/f4/pmim/report.md
f4,f4/pmim,S2:memory_update,0.0,p,V1/results/f4/pmim/report.md
f4,f4/pmim,S2:memory_update,0.0,p(perm),V1/results/f4/pmim/report.md
f4,f4/pmim,F0:eran_forecast_fc,0.0,p,V1/results/f4/pmim/report.md
f4,f4/pmim,F0:eran_forecast_fc,0.0,p(perm),V1/results/f4/pmim/report.md
f4,f4/pmim,F1:mmn_forecast_fc,0.0,p,V1/results/f4/pmim/report.md
f4,f4/pmim,F1:mmn_forecast_fc,0.0,p(perm),V1/results/f4/pmim/report.md
f4,f4/pnh,H0:ratio_complexity,0.0,p,V1/results/f4/pnh/report.md
f4,f4/pnh,H0:ratio_complexity,0.0,p(perm),V1/results/f4/pnh/report.md
f4,f4/pnh,H1:conflict_monitoring,0.8305,p,V1/results/f4/pnh/report.md
f4,f4/pnh,H1:conflict_monitoring,0.833,p(perm),V1/results/f4/pnh/report.md
f4,f4/pnh,H2:expertise_modulation,0.0,p,V1/results/f4/pnh/report.md
f4,f4/pnh,H2:expertise_modulation,0.0,p(perm),V1/results/f4/pnh/report.md
f4,f4/pnh,M0:ratio_complexity_norm,0.0,p,V1/results/f4/pnh/report.md
f4,f4/pnh,M0:ratio_complexity_norm,0.0,p(perm),V1/results/f4/pnh/report.md
f4,f4/pnh,M1:neural_activation,0.0142,p,V1/results/f4/pnh/report.md
f4,f4/pnh,M1:neural_activation,0.0168,p(perm),V1/results/f4/pnh/report.md
f4,f4/pnh,P0:ratio_encoding,0.0001,p,V1/results/f4/pnh/report.md
f4,f4/pnh,P0:ratio_encoding,0.0002,p(perm),V1/results/f4/pnh/report.md
f4,f4/pnh,P1:conflict_monitoring,0.0001,p,V1/results/f4/pnh/report.md
f4,f4/pnh,P1:conflict_monitoring,0.0004,p(perm),V1/results/f4/pnh/report.md
f4,f4/pnh,P2:consonance_preference,0.0346,p,V1/results/f4/pnh/report.md
f4,f4/pnh,P2:consonance_preference,0.0362,p(perm),V1/results/f4/pnh/report.md
f4,f4/pnh,F0:dissonance_resolution_fc,0.0,p,V1/results/f4/pnh/report.md
f4,f4/pnh,F0:dissonance_resolution_fc,0.0,p(perm),V1/results/f4/pnh/report.md
f4,f4/pnh,F1:preference_judgment_fc,0.0001,p,V1/results/f4/pnh/report.md
f4,f4/pnh,F1:preference_judgment_fc,0.0002,p(perm),V1/results/f4/pnh/report.md
f4,f4/pnh,F2:expertise_modulation_fc,0.0707,p,V1/results/f4/pnh/report.md
f4,f4/pnh,F2:expertise_modulation_fc,0.0734,p(perm),V1/results/f4/pnh/report.md
f4,f4/rasn,E0:entrainment_strength,0.0,p,V1/results/f4/rasn/report.md
f4,f4/rasn,E0:entrainment_strength,0.0,p(perm),V1/results/f4/rasn/report.md
f4,f4/rasn,E1:motor_facilitation,0.4821,p,V1/results/f4/rasn/report.md
f4,f4/rasn,E1:motor_facilitation,0.4712,p(perm),V1/results/f4/rasn/report.md
f4,f4/rasn,E2:neuroplasticity_index,0.0,p,V1/results/f4/rasn/report.md
f4,f4/rasn,E2:neuroplasticity_index,0.0,p(perm),V1/results/f4/rasn/report.md
f4,f4/rasn,M0:neuroplasticity_composite,0.0001,p,V1/results/f4/rasn/report.md
f4,f4/rasn,M0:neuroplasticity_composite,0.0,p(perm),V1/results/f4/rasn/report.md
f4,f4/rasn,M1:motor_recovery,0.0,p,V1/results/f4/rasn/report.md
f4,f4/rasn,M1:motor_recovery,0.0,p(perm),V1/results/f4/rasn/report.md
f4,f4/rasn,P0:entrainment_state,0.0045,p,V1/results/f4/rasn/report.md
f4,f4/rasn,P0:entrainment_state,0.007,p(perm),V1/results/f4/rasn/report.md
f4,f4/rasn,P1:temporal_precision,0.1497,p,V1/results/f4/rasn/report.md
f4,f4/rasn,P1:temporal_precision,0.1536,p(perm),V1/results/f4/rasn/report.md
f4,f4/rasn,P2:motor_facilitation_level,0.0,p,V1/results/f4/rasn/report.md
f4,f4/rasn,P2:motor_facilitation_level,0.0,p(perm),V1/results/f4/rasn/report.md
f4,f4/rasn,F0:movement_timing_pred,0.9716,p,V1/results/f4/rasn/report.md
f4,f4/rasn,F0:movement_timing_pred,0.9788,p(perm),V1/results/f4/rasn/report.md
f4,f4/rasn,F1:neuroplastic_change_pred,0.2466,p,V1/results/f4/rasn/report.md
f4,f4/rasn,F1:neuroplastic_change_pred,0.2476,p(perm),V1/results/f4/rasn/report.md
f4,f4/rasn,F2:gait_improvement_pred,0.0022,p,V1/results/f4/rasn/report.md
f4,f4/rasn,F2:gait_improvement_pred,0.0046,p(perm),V1/results/f4/rasn/report.md
f4,f4/riri,E0:multimodal_entrainment,0.0,p,V1/results/f4/riri/report.md
f4,f4/riri,E0:multimodal_entrainment,0.0,p(perm),V1/results/f4/riri/report.md
f4,f4/riri,E1:sensorimotor_integration,0.0,p,V1/results/f4/riri/report.md
f4,f4/riri,E1:sensorimotor_integration,0.0,p(perm),V1/results/f4/riri/report.md
f4,f4/riri,E2:enhanced_recovery,0.0,p,V1/results/f4/riri/report.md
f4,f4/riri,E2:enhanced_recovery,0.0,p(perm),V1/results/f4/riri/report.md
f4,f4/riri,M0:integration_synergy,0.0,p,V1/results/f4/riri/report.md
f4,f4/riri,M0:integration_synergy,0.0,p(perm),V1/results/f4/riri/report.md
f4,f4/riri,M1:temporal_coherence,0.0165,p,V1/results/f4/riri/report.md
f4,f4/riri,M1:temporal_coherence,0.0198,p(perm),V1/results/f4/riri/report.md
f4,f4/riri,P0:entrainment_state,0.0,p,V1/results/f4/riri/report.md
f4,f4/riri,P0:entrainment_state,0.0,p(perm),V1/results/f4/riri/report.md
f4,f4/riri,P1:motor_adaptation,0.0153,p,V1/results/f4/riri/report.md
f4,f4/riri,P1:motor_adaptation,0.0206,p(perm),V1/results/f4/riri/report.md
f4,f4/riri,F0:recovery_trajectory,0.0002,p,V1/results/f4/riri/report.md
f4,f4/riri,F0:recovery_trajectory,0.0004,p(perm),V1/results/f4/riri/report.md
f4,f4/riri,F1:connectivity_pred,0.0004,p,V1/results/f4/riri/report.md
f4,f4/riri,F1:connectivity_pred,0.0004,p(perm),V1/results/f4/riri/report.md
f4,f4/riri,F2:consolidation_pred,0.0,p,V1/results/f4/riri/report.md
f4,f4/riri,F2:consolidation_pred,0.0,p(perm),V1/results/f4/riri/report.md
f4,f4/tprd,T0:tonotopic_encoding,0.0,p,V1/results/f4/tprd/report.md
f4,f4/tprd,T0:tonotopic_encoding,0.0,p(perm),V1/results/f4/tprd/report.md
f4,f4/tprd,T1:pitch_representation,0.0269,p,V1/results/f4/tprd/report.md
f4,f4/tprd,T1:pitch_representation,0.0274,p(perm),V1/results/f4/tprd/report.md
f4,f4/tprd,T2:dissociation_degree,0.0001,p,V1/results/f4/tprd/report.md
f4,f4/tprd,T2:dissociation_degree,0.0008,p(perm),V1/results/f4/tprd/report.md
f4,f4/tprd,M0:dissociation_index,0.0,p,V1/results/f4/tprd/report.md
f4,f4/tprd,M0:dissociation_index,0.0,p(perm),V1/results/f4/tprd/report.md
f4,f4/tprd,M1:spectral_pitch_ratio,0.0,p,V1/results/f4/tprd/report.md
f4,f4/tprd,M1:spectral_pitch_ratio,0.0,p(perm),V1/results/f4/tprd/report.md
f4,f4/tprd,P0:tonotopic_state,0.1223,p,V1/results/f4/tprd/report.md
f4,f4/tprd,P0:tonotopic_state,0.1202,p(perm),V1/results/f4/tprd/report.md
f4,f4/tprd,P1:pitch_state,0.5533,p,V1/results/f4/tprd/report.md
f4,f4/tprd,P1:pitch_state,0.5456,p(perm),V1/results/f4/tprd/report.md
f4,f4/tprd,F0:pitch_percept_fc,0.0033,p,V1/results/f4/tprd/report.md
f4,f4/tprd,F0:pitch_percept_fc,0.0052,p(perm),V1/results/f4/tprd/report.md
f4,f4/tprd,F1:tonotopic_adpt_fc,0.0041,p,V1/results/f4/tprd/report.md
f4,f4/tprd,F1:tonotopic_adpt_fc,0.0046,p(perm),V1/results/f4/tprd/report.md
f4,f4/tprd,F2:dissociation_fc,0.0,p,V1/results/f4/tprd/report.md
f4,f4/tprd,F2:dissociation_fc,0.0,p(perm),V1/results/f4/tprd/report.md
f4,f4/vriap,E0:motor_engagement,0.0,p,V1/results/f4/vriap/report.md
f4,f4/vriap,E0:motor_engagement,0.0,p(perm),V1/results/f4/vriap/report.md
f4,f4/vriap,E1:pain_gate,0.0001,p,V1/results/f4/vriap/report.md
f4,f4/vriap,E1:pain_gate,0.0,p(perm),V1/results/f4/vriap/report.md
f4,f4/vriap,E2:multimodal_binding,0.0,p,V1/results/f4/vriap/report.md
f4,f4/vriap,E2:multimodal_binding,0.0,p(perm),V1/results/f4/vriap/report.md
f4,f4/vriap,M0:analgesia_index,0.0,p,V1/results/f4/vriap/report.md
f4,f4/vriap,M0:analgesia_index,0.0,p(perm),V1/results/f4/vriap/report.md
f4,f4/vriap,M1:active_passive_differential,0.0,p,V1/results/f4/vriap/report.md
f4,f4/vriap,M1:active_passive_differential,0.0,p(perm),V1/results/f4/vriap/report.md
f4,f4/vriap,P0:motor_pain_state,0.0,p,V1/results/f4/vriap/report.md
f4,f4/vriap,P0:motor_pain_state,0.0,p(perm),V1/results/f4/vriap/report.md
f4,f4/vriap,P1:s1_connectivity,0.0001,p,V1/results/f4/vriap/report.md
f4,f4/vriap,P1:s1_connectivity,0.0,p(perm),V1/results/f4/vriap/report.md
f4,f4/vriap,F0:analgesia_fc,0.0045,p,V1/results/f4/vriap/report.md
f4,f4/vriap,F0:analgesia_fc,0.0066,p(perm),V1/results/f4/vriap/report.md
f4,f4/vriap,F1:engagement_fc,0.0,p,V1/results/f4/vriap/report.md
f4,f4/vriap,F1:engagement_fc,0.0,p(perm),V1/results/f4/vriap/report.md
f4,f4/vriap,F2:reserved,0.0,p(perm),V1/results/f4/vriap/report.md
f5,f5/aac,E0:emotional_arousal,0.0153,p,V1/results/f5/aac/report.md
f5,f5/aac,E0:emotional_arousal,0.0174,p(perm),V1/results/f5/aac/report.md
f5,f5/aac,E1:ans_response,0.001,p,V1/results/f5/aac/report.md
f5,f5/aac,E1:ans_response,0.0012,p(perm),V1/results/f5/aac/report.md
f5,f5/aac,A0:scr,0.0,p,V1/results/f5/aac/report.md
f5,f5/aac,A0:scr,0.0,p(perm),V1/results/f5/aac/report.md
f5,f5/aac,A1:hr,0.0033,p,V1/results/f5/aac/report.md
f5,f5/aac,A1:hr,0.0046,p(perm),V1/results/f5/aac/report.md
f5,f5/aac,A2:respr,0.0024,p,V1/results/f5/aac/report.md
f5,f5/aac,A2:respr,0.0028,p(perm),V1/results/f5/aac/report.md
f5,f5/aac,A3:bvp,0.008,p,V1/results/f5/aac/report.md
f5,f5/aac,A3:bvp,0.008,p(perm),V1/results/f5/aac/report.md
f5,f5/aac,A4:temp,0.0,p,V1/results/f5/aac/report.md
f5,f5/aac,A4:temp,0.0,p(perm),V1/results/f5/aac/report.md
f5,f5/aac,I0:chills_intensity,0.001,p,V1/results/f5/aac/report.md
f5,f5/aac,I0:chills_intensity,0.0016,p(perm),V1/results/f5/aac/report.md
f5,f5/aac,I1:ans_composite,0.0005,p,V1/results/f5/aac/report.md
f5,f5/aac,I1:ans_composite,0.001,p(perm),V1/results/f5/aac/report.md
f5,f5/aac,P0:current_intensity,0.0003,p,V1/results/f5/aac/report.md
f5,f5/aac,P0:current_intensity,0.0004,p(perm),V1/results/f5/aac/report.md
f5,f5/aac,P1:driving_signal,0.003,p,V1/results/f5/aac/report.md
f5,f5/aac,P1:driving_signal,0.0044,p(perm),V1/results/f5/aac/report.md
f5,f5/aac,P2:perceptual_arousal,0.0073,p,V1/results/f5/aac/report.md
f5,f5/aac,P2:perceptual_arousal,0.0098,p(perm),V1/results/f5/aac/report.md
f5,f5/aac,F0:scr_pred_1s,0.003,p,V1/results/f5/aac/report.md
f5,f5/aac,F0:scr_pred_1s,0.004,p(perm),V1/results/f5/aac/report.md
f5,f5/aac,F1:hr_pred_2s,0.0073,p,V1/results/f5/aac/report.md
f5,f5/aac,F1:hr_pred_2s,0.0098,p(perm),V1/results/f5/aac/report.md
f5,f5/aac,emotional_arousal,0.0015,p,V1/results/f5/aac/report.md
f5,f5/aac,emotional_arousal,0.0024,p(perm),V1/results/f5/aac/report.md
f5,f5/aac,chills_intensity,0.001,p,V1/results/f5/aac/report.md
f5,f5/aac,chills_intensity,0.0016,p(perm),V1/results/f5/aac/report.md
f5,f5/aac,ans_dominance,0.001,p,V1/results/f5/aac/report.md
f5,f5/aac,ans_dominance,0.0012,p(perm),V1/results/f5/aac/report.md
f5,f5/aac,driving_signal,0.003,p,V1/results/f5/aac/report.md
f5,f5/aac,driving_signal,0.0044,p(perm),V1/results/f5/aac/report.md
f5,f5/clam,E0:affective_mod,0.0001,p,V1/results/f5/clam/report.md
f5,f5/clam,E0:affective_mod,0.0002,p(perm),V1/results/f5/clam/report.md
f5,f5/clam,E1:loop_coherence,0.0001,p,V1/results/f5/clam/report.md
f5,f5/clam,E1:loop_coherence,0.0,p(perm),V1/results/f5/clam/report.md
f5,f5/clam,B0:decoded_affect,0.0001,p,V1/results/f5/clam/report.md
f5,f5/clam,B0:decoded_affect,0.0,p(perm),V1/results/f5/clam/report.md
f5,f5/clam,B1:target_affect,0.0001,p,V1/results/f5/clam/report.md
f5,f5/clam,B1:target_affect,0.0,p(perm),V1/results/f5/clam/report.md
f5,f5/clam,B2:affect_error,0.2974,p,V1/results/f5/clam/report.md
f5,f5/clam,B2:affect_error,0.2926,p(perm),V1/results/f5/clam/report.md
f5,f5/clam,C0:control_output,0.0,p,V1/results/f5/clam/report.md
f5,f5/clam,C0:control_output,0.0,p(perm),V1/results/f5/clam/report.md
f5,f5/clam,C1:music_param_delta,0.0,p,V1/results/f5/clam/report.md
f5,f5/clam,C1:music_param_delta,0.0,p(perm),V1/results/f5/clam/report.md
f5,f5/clam,P0:arousal_modulation,0.0001,p,V1/results/f5/clam/report.md
f5,f5/clam,P0:arousal_modulation,0.0,p(perm),V1/results/f5/clam/report.md
f5,f5/clam,P1:valence_tracking,0.0001,p,V1/results/f5/clam/report.md
f5,f5/clam,P1:valence_tracking,0.0,p(perm),V1/results/f5/clam/report.md
f5,f5/clam,F0:target_affect_pred,0.0001,p,V1/results/f5/clam/report.md
f5,f5/clam,F0:target_affect_pred,0.0,p(perm),V1/results/f5/clam/report.md
f5,f5/clam,F1:modulation_success,0.0,p,V1/results/f5/clam/report.md
f5,f5/clam,F1:modulation_success,0.0,p(perm),V1/results/f5/clam/report.md
f5,f5/cmat,E0:cross_modal,0.0001,p,V1/results/f5/cmat/report.md
f5,f5/cmat,E0:cross_modal,0.0,p(perm),V1/results/f5/cmat/report.md
f5,f5/cmat,S0:supramodal_valence,0.0001,p,V1/results/f5/cmat/report.md
f5,f5/cmat,S0:supramodal_valence,0.0,p(perm),V1/results/f5/cmat/report.md
f5,f5/cmat,S1:supramodal_arousal,0.0819,p,V1/results/f5/cmat/report.md
f5,f5/cmat,S1:supramodal_arousal,0.079,p(perm),V1/results/f5/cmat/report.md
f5,f5/cmat,S2:cross_modal_bind,0.0001,p,V1/results/f5/cmat/report.md
f5,f5/cmat,S2:cross_modal_bind,0.0,p(perm),V1/results/f5/cmat/report.md
f5,f5/cmat,T0:binding_temporal,0.0004,p,V1/results/f5/cmat/report.md
f5,f5/cmat,T0:binding_temporal,0.0006,p(perm),V1/results/f5/cmat/report.md
f5,f5/cmat,T1:congruence_streng,0.0001,p,V1/results/f5/cmat/report.md
f5,f5/cmat,T1:congruence_streng,0.0,p(perm),V1/results/f5/cmat/report.md
f5,f5/cmat,P0:multi_sens_salien,0.0001,p,V1/results/f5/cmat/report.md
f5,f5/cmat,P0:multi_sens_salien,0.0002,p(perm),V1/results/f5/cmat/report.md
f5,f5/cmat,P1:aud_valence_contr,0.0001,p,V1/results/f5/cmat/report.md
f5,f5/cmat,P1:aud_valence_contr,0.0,p(perm),V1/results/f5/cmat/report.md
f5,f5/cmat,F0:coherence_pred,0.0001,p,V1/results/f5/cmat/report.md
f5,f5/cmat,F0:coherence_pred,0.0,p(perm),V1/results/f5/cmat/report.md
f5,f5/cmat,F1:generalization_pr,0.0,p,V1/results/f5/cmat/report.md
f5,f5/cmat,F1:generalization_pr,0.0,p(perm),V1/results/f5/cmat/report.md
f5,f5/dap,E0:dev_sensitiv,0.0001,p,V1/results/f5/dap/report.md
f5,f5/dap,E0:dev_sensitiv,0.0,p(perm),V1/results/f5/dap/report.md
f5,f5/dap,D0:critical_period,0.0001,p,V1/results/f5/dap/report.md
f5,f5/dap,D0:critical_period,0.0,p(perm),V1/results/f5/dap/report.md
f5,f5/dap,D1:plasticity_coeff,0.0004,p,V1/results/f5/dap/report.md
f5,f5/dap,D1:plasticity_coeff,0.0008,p(perm),V1/results/f5/dap/report.md
f5,f5/dap,D2:exposure_history,0.0,p,V1/results/f5/dap/report.md
f5,f5/dap,D2:exposure_history,0.0,p(perm),V1/results/f5/dap/report.md
f5,f5/dap,D3:neural_maturation,0.0001,p,V1/results/f5/dap/report.md
f5,f5/dap,D3:neural_maturation,0.0,p(perm),V1/results/f5/dap/report.md
f5,f5/dap,P0:current_affect,0.0001,p,V1/results/f5/dap/report.md
f5,f5/dap,P0:current_affect,0.0,p(perm),V1/results/f5/dap/report.md
f5,f5/dap,P1:familiarity_warmth,0.0002,p,V1/results/f5/dap/report.md
f5,f5/dap,P1:familiarity_warmth,0.0002,p(perm),V1/results/f5/dap/report.md
f5,f5/dap,P2:learning_rate,0.0007,p,V1/results/f5/dap/report.md
f5,f5/dap,P2:learning_rate,0.0014,p(perm),V1/results/f5/dap/report.md
f5,f5/dap,F0:adult_hedonic_pred,0.0,p,V1/results/f5/dap/report.md
f5,f5/dap,F0:adult_hedonic_pred,0.0,p(perm),V1/results/f5/dap/report.md
f5,f5/dap,F1:preference_stab,0.0,p,V1/results/f5/dap/report.md
f5,f5/dap,F1:preference_stab,0.0,p(perm),V1/results/f5/dap/report.md
f5,f5/maa,E0:complexity_tolerance,0.0003,p,V1/results/f5/maa/report.md
f5,f5/maa,E0:complexity_tolerance,0.0,p(perm),V1/results/f5/maa/report.md
f5,f5/maa,E1:familiarity_index,0.0,p,V1/results/f5/maa/report.md
f5,f5/maa,E1:familiarity_index,0.0,p(perm),V1/results/f5/maa/report.md
f5,f5/maa,E2:framing_effect,0.0,p,V1/results/f5/maa/report.md
f5,f5/maa,E2:framing_effect,0.0,p(perm),V1/results/f5/maa/report.md
f5,f5/maa,E3:appreciation_composite,0.1744,p,V1/results/f5/maa/report.md
f5,f5/maa,E3:appreciation_composite,0.1726,p(perm),V1/results/f5/maa/report.md
f5,f5/maa,P0:pattern_search,0.0,p,V1/results/f5/maa/report.md
f5,f5/maa,P0:pattern_search,0.0002,p(perm),V1/results/f5/maa/report.md
f5,f5/maa,P1:context_assessment,0.0,p,V1/results/f5/maa/report.md
f5,f5/maa,P1:context_assessment,0.0,p(perm),V1/results/f5/maa/report.md
f5,f5/maa,P2:aesthetic_evaluation,0.0,p,V1/results/f5/maa/report.md
f5,f5/maa,P2:aesthetic_evaluation,0.0,p(perm),V1/results/f5/maa/report.md
f5,f5/maa,F0:appreciation_growth,0.0005,p,V1/results/f5/maa/report.md
f5,f5/maa,F0:appreciation_growth,0.0002,p(perm),V1/results/f5/maa/report.md
f5,f5/maa,F1:pattern_recognition,0.0027,p,V1/results/f5/maa/report.md
f5,f5/maa,F1:pattern_recognition,0.0024,p(perm),V1/results/f5/maa/report.md
f5,f5/maa,F2:aesthetic_development,0.0,p,V1/results/f5/maa/report.md
f5,f5/maa,F2:aesthetic_development,0.0,p(perm),V1/results/f5/maa/report.md
f5,f5/mad,E0:anhedonia,0.0,p,V1/results/f5/mad/report.md
f5,f5/mad,E0:anhedonia,0.0,p(perm),V1/results/f5/mad/report.md
f5,f5/mad,E1:dissociation_idx,0.0007,p,V1/results/f5/mad/report.md
f5,f5/mad,E1:dissociation_idx,0.0018,p(perm),V1/results/f5/mad/report.md
f5,f5/mad,D0:stg_nacc_connect,0.0001,p,V1/results/f5/mad/report.md
f5,f5/mad,D0:stg_nacc_connect,0.0,p(perm),V1/results/f5/mad/report.md
f5,f5/mad,D1:nacc_music_resp,0.0003,p,V1/results/f5/mad/report.md
f5,f5/mad,D1:nacc_music_resp,0.0006,p(perm),V1/results/f5/mad/report.md
f5,f5/mad,D2:nacc_general_resp,0.3156,p,V1/results/f5/mad/report.md
f5,f5/mad,D2:nacc_general_resp,0.3218,p(perm),V1/results/f5/mad/report.md
f5,f5/mad,A0:bmrq_estimate,0.0,p,V1/results/f5/mad/report.md
f5,f5/mad,A0:bmrq_estimate,0.0,p(perm),V1/results/f5/mad/report.md
f5,f5/mad,A1:sound_specificity,0.0205,p,V1/results/f5/mad/report.md
f5,f5/mad,A1:sound_specificity,0.0258,p(perm),V1/results/f5/mad/report.md
f5,f5/mad,P0:impaired_reward,0.0067,p,V1/results/f5/mad/report.md
f5,f5/mad,P0:impaired_reward,0.0106,p(perm),V1/results/f5/mad/report.md
f5,f5/mad,P1:preserved_auditory,0.0,p,V1/results/f5/mad/report.md
f5,f5/mad,P1:preserved_auditory,0.0,p(perm),V1/results/f5/mad/report.md
f5,f5/mad,F0:recovery_potential,0.0001,p,V1/results/f5/mad/report.md
f5,f5/mad,F0:recovery_potential,0.0,p(perm),V1/results/f5/mad/report.md
f5,f5/mad,F1:anhedonia_prob,0.0325,p,V1/results/f5/mad/report.md
f5,f5/mad,F1:anhedonia_prob,0.0378,p(perm),V1/results/f5/mad/report.md
f5,f5/nemac,E0:chills,0.0,p,V1/results/f5/nemac/report.md
f5,f5/nemac,E0:chills,0.0,p(perm),V1/results/f5/nemac/report.md
f5,f5/nemac,E1:nostalgia,0.0001,p,V1/results/f5/nemac/report.md
f5,f5/nemac,E1:nostalgia,0.0,p(perm),V1/results/f5/nemac/report.md
f5,f5/nemac,M0:mpfc_activation,0.0,p,V1/results/f5/nemac/report.md
f5,f5/nemac,M0:mpfc_activation,0.0,p(perm),V1/results/f5/nemac/report.md
f5,f5/nemac,M1:hippocampus_activ,0.0,p,V1/results/f5/nemac/report.md
f5,f5/nemac,M1:hippocampus_activ,0.0,p(perm),V1/results/f5/nemac/report.md
f5,f5/nemac,M2:memory_vividness,0.0007,p,V1/results/f5/nemac/report.md
f5,f5/nemac,M2:memory_vividness,0.0008,p(perm),V1/results/f5/nemac/report.md
f5,f5/nemac,W0:nostalgia_intens,0.0005,p,V1/results/f5/nemac/report.md
f5,f5/nemac,W0:nostalgia_intens,0.0004,p(perm),V1/results/f5/nemac/report.md
f5,f5/nemac,W1:wellbeing_enhance,0.0001,p,V1/results/f5/nemac/report.md
f5,f5/nemac,W1:wellbeing_enhance,0.0,p(perm),V1/results/f5/nemac/report.md
f5,f5/nemac,P0:nostalgia_correl,0.0,p,V1/results/f5/nemac/report.md
f5,f5/nemac,P0:nostalgia_correl,0.0,p(perm),V1/results/f5/nemac/report.md
f5,f5/nemac,P1:memory_reward_lnk,0.0,p,V1/results/f5/nemac/report.md
f5,f5/nemac,P1:memory_reward_lnk,0.0,p(perm),V1/results/f5/nemac/report.md
f5,f5/nemac,F0:wellbeing_pred,0.0,p,V1/results/f5/nemac/report.md
f5,f5/nemac,F0:wellbeing_pred,0.0,p(perm),V1/results/f5/nemac/report.md
f5,f5/nemac,F1:vividness_pred,0.0,p,V1/results/f5/nemac/report.md
f5,f5/nemac,F1:vividness_pred,0.0,p(perm),V1/results/f5/nemac/report.md
f5,f5/nemac,nostalgia_affect,0.0001,p,V1/results/f5/nemac/report.md
f5,f5/nemac,nostalgia_affect,0.0,p(perm),V1/results/f5/nemac/report.md
f5,f5/nemac,self_referential_nostalgia,0.0,p,V1/results/f5/nemac/report.md
f5,f5/nemac,self_referential_nostalgia,0.0,p(perm),V1/results/f5/nemac/report.md
f5,f5/nemac,wellbeing_enhancement,0.0001,p,V1/results/f5/nemac/report.md
f5,f5/nemac,wellbeing_enhancement,0.0,p(perm),V1/results/f5/nemac/report.md
f5,f5/nemac,nostalgia_peak_pred,0.0,p,V1/results/f5/nemac/report.md
f5,f5/nemac,nostalgia_peak_pred,0.0,p(perm),V1/results/f5/nemac/report.md
f5,f5/pupf,E0:prediction_err,0.0037,p,V1/results/f5/pupf/report.md
f5,f5/pupf,E0:prediction_err,0.0054,p(perm),V1/results/f5/pupf/report.md
f5,f5/pupf,E1:uncertainty,0.001,p,V1/results/f5/pupf/report.md
f5,f5/pupf,E1:uncertainty,0.0016,p(perm),V1/results/f5/pupf/report.md
f5,f5/pupf,U0:entropy_H,0.0,p,V1/results/f5/pupf/report.md
f5,f5/pupf,U0:entropy_H,0.0,p(perm),V1/results/f5/pupf/report.md
f5,f5/pupf,U1:surprise_S,0.0001,p,V1/results/f5/pupf/report.md
f5,f5/pupf,U1:surprise_S,0.0,p(perm),V1/results/f5/pupf/report.md
f5,f5/pupf,U2:HS_interaction,0.001,p,V1/results/f5/pupf/report.md
f5,f5/pupf,U2:HS_interaction,0.0014,p(perm),V1/results/f5/pupf/report.md
f5,f5/pupf,G0:pleasure_P,0.0,p,V1/results/f5/pupf/report.md
f5,f5/pupf,G0:pleasure_P,0.0,p(perm),V1/results/f5/pupf/report.md
f5,f5/pupf,G1:goldilocks_zone,0.0,p,V1/results/f5/pupf/report.md
f5,f5/pupf,G1:goldilocks_zone,0.0,p(perm),V1/results/f5/pupf/report.md
f5,f5/pupf,P0:surprise_pleasure,0.0001,p,V1/results/f5/pupf/report.md
f5,f5/pupf,P0:surprise_pleasure,0.0,p(perm),V1/results/f5/pupf/report.md
f5,f5/pupf,P1:affective_outcome,0.0001,p,V1/results/f5/pupf/report.md
f5,f5/pupf,P1:affective_outcome,0.0,p(perm),V1/results/f5/pupf/report.md
f5,f5/pupf,P2:tempo_pred_error,0.0191,p,V1/results/f5/pupf/report.md
f5,f5/pupf,P2:tempo_pred_error,0.022,p(perm),V1/results/f5/pupf/report.md
f5,f5/pupf,F0:next_event_prob,0.7752,p,V1/results/f5/pupf/report.md
f5,f5/pupf,F0:next_event_prob,0.7838,p(perm),V1/results/f5/pupf/report.md
f5,f5/pupf,F1:pleasure_forecast,0.0,p,V1/results/f5/pupf/report.md
f5,f5/pupf,F1:pleasure_forecast,0.0,p(perm),V1/results/f5/pupf/report.md
f5,f5/srp,N0:da_caudate,0.0001,p,V1/results/f5/srp/report.md
f5,f5/srp,N0:da_caudate,0.0,p(perm),V1/results/f5/srp/report.md
f5,f5/srp,N1:da_nacc,0.0001,p,V1/results/f5/srp/report.md
f5,f5/srp,N1:da_nacc,0.0,p(perm),V1/results/f5/srp/report.md
f5,f5/srp,N2:opioid_proxy,0.0001,p,V1/results/f5/srp/report.md
f5,f5/srp,N2:opioid_proxy,0.0,p(perm),V1/results/f5/srp/report.md
f5,f5/srp,C0:vta_drive,0.0153,p,V1/results/f5/srp/report.md
f5,f5/srp,C0:vta_drive,0.0198,p(perm),V1/results/f5/srp/report.md
f5,f5/srp,C1:stg_nacc_coupling,0.0,p,V1/results/f5/srp/report.md
f5,f5/srp,C1:stg_nacc_coupling,0.0,p(perm),V1/results/f5/srp/report.md
f5,f5/srp,C2:prediction_error,0.0001,p,V1/results/f5/srp/report.md
f5,f5/srp,C2:prediction_error,0.0,p(perm),V1/results/f5/srp/report.md
f5,f5/srp,T0:tension,0.0024,p,V1/results/f5/srp/report.md
f5,f5/srp,T0:tension,0.003,p(perm),V1/results/f5/srp/report.md
f5,f5/srp,T1:prediction_match,0.0153,p,V1/results/f5/srp/report.md
f5,f5/srp,T1:prediction_match,0.0174,p(perm),V1/results/f5/srp/report.md
f5,f5/srp,T2:reaction,0.0011,p,V1/results/f5/srp/report.md
f5,f5/srp,T2:reaction,0.0018,p(perm),V1/results/f5/srp/report.md
f5,f5/srp,T3:appraisal,0.0008,p,V1/results/f5/srp/report.md
f5,f5/srp,T3:appraisal,0.0028,p(perm),V1/results/f5/srp/report.md
f5,f5/srp,M0:harmonic_tension,0.0001,p,V1/results/f5/srp/report.md
f5,f5/srp,M0:harmonic_tension,0.0,p(perm),V1/results/f5/srp/report.md
f5,f5/srp,M1:dynamic_intensity,0.0213,p,V1/results/f5/srp/report.md
f5,f5/srp,M1:dynamic_intensity,0.012,p(perm),V1/results/f5/srp/report.md
f5,f5/srp,M2:peak_detection,0.0,p,V1/results/f5/srp/report.md
f5,f5/srp,M2:peak_detection,0.0,p(perm),V1/results/f5/srp/report.md
f5,f5/srp,P0:wanting,0.0001,p,V1/results/f5/srp/report.md
f5,f5/srp,P0:wanting,0.0,p(perm),V1/results/f5/srp/report.md
f5,f5/srp,P1:liking,0.0001,p,V1/results/f5/srp/report.md
f5,f5/srp,P1:liking,0.0,p(perm),V1/results/f5/srp/report.md
f5,f5/srp,P2:pleasure,0.0001,p,V1/results/f5/srp/report.md
f5,f5/srp,P2:pleasure,0.0,p(perm),V1/results/f5/srp/report.md
f5,f5/srp,F0:reward_forecast,0.0005,p,V1/results/f5/srp/report.md
f5,f5/srp,F0:reward_forecast,0.0004,p(perm),V1/results/f5/srp/report.md
f5,f5/srp,F1:chills_proximity,0.0001,p,V1/results/f5/srp/report.md
f5,f5/srp,F1:chills_proximity,0.0,p(perm),V1/results/f5/srp/report.md
f5,f5/srp,F2:resolution_expect,0.0001,p,V1/results/f5/srp/report.md
f5,f5/srp,F2:resolution_expect,0.0004,p(perm),V1/results/f5/srp/report.md
f5,f5/stai,E0:spectral_integrity,0.0,p,V1/results/f5/stai/report.md
f5,f5/stai,E0:spectral_integrity,0.0,p(perm),V1/results/f5/stai/report.md
f5,f5/stai,E1:temporal_integrity,0.0,p,V1/results/f5/stai/report.md
f5,f5/stai,E1:temporal_integrity,0.0,p(perm),V1/results/f5/stai/report.md
f5,f5/stai,E2:aesthetic_integration,0.0,p,V1/results/f5/stai/report.md
f5,f5/stai,E2:aesthetic_integration,0.0,p(perm),V1/results/f5/stai/report.md
f5,f5/stai,E3:vmpfc_ifg_connectivity,0.0019,p,V1/results/f5/stai/report.md
f5,f5/stai,E3:vmpfc_ifg_connectivity,0.003,p(perm),V1/results/f5/stai/report.md
f5,f5/stai,M0:aesthetic_value,0.0,p,V1/results/f5/stai/report.md
f5,f5/stai,M0:aesthetic_value,0.0,p(perm),V1/results/f5/stai/report.md
f5,f5/stai,M1:spectral_temporal_interaction,0.0,p,V1/results/f5/stai/report.md
f5,f5/stai,M1:spectral_temporal_interaction,0.0,p(perm),V1/results/f5/stai/report.md
f5,f5/stai,P0:spectral_quality,0.0,p,V1/results/f5/stai/report.md
f5,f5/stai,P0:spectral_quality,0.0,p(perm),V1/results/f5/stai/report.md
f5,f5/stai,P1:temporal_quality,0.0,p,V1/results/f5/stai/report.md
f5,f5/stai,P1:temporal_quality,0.0,p(perm),V1/results/f5/stai/report.md
f5,f5/stai,P2:aesthetic_response,0.0,p,V1/results/f5/stai/report.md
f5,f5/stai,P2:aesthetic_response,0.0,p(perm),V1/results/f5/stai/report.md
f5,f5/stai,F0:aesthetic_rating_pred,0.0,p,V1/results/f5/stai/report.md
f5,f5/stai,F0:aesthetic_rating_pred,0.0,p(perm),V1/results/f5/stai/report.md
f5,f5/stai,F1:reward_response_pred,0.0,p,V1/results/f5/stai/report.md
f5,f5/stai,F1:reward_response_pred,0.0,p(perm),V1/results/f5/stai/report.md
f5,f5/stai,F2:connectivity_pred,0.0,p,V1/results/f5/stai/report.md
f5,f5/stai,F2:connectivity_pred,0.0,p(perm),V1/results/f5/stai/report.md
f5,f5/tar,E0:therapeutic,0.0007,p,V1/results/f5/tar/report.md
f5,f5/tar,E0:therapeutic,0.0002,p(perm),V1/results/f5/tar/report.md
f5,f5/tar,T0:arousal_mod_tgt,0.1124,p,V1/results/f5/tar/report.md
f5,f5/tar,T0:arousal_mod_tgt,0.1146,p(perm),V1/results/f5/tar/report.md
f5,f5/tar,T1:valence_mod_tgt,0.0005,p,V1/results/f5/tar/report.md
f5,f5/tar,T1:valence_mod_tgt,0.0004,p(perm),V1/results/f5/tar/report.md
f5,f5/tar,T2:anxiety_reduction,0.0001,p,V1/results/f5/tar/report.md
f5,f5/tar,T2:anxiety_reduction,0.0,p(perm),V1/results/f5/tar/report.md
f5,f5/tar,T3:depression_improv,0.0001,p,V1/results/f5/tar/report.md
f5,f5/tar,T3:depression_improv,0.0,p(perm),V1/results/f5/tar/report.md
f5,f5/tar,I0:rec_tempo_norm,0.0001,p,V1/results/f5/tar/report.md
f5,f5/tar,I0:rec_tempo_norm,0.0002,p(perm),V1/results/f5/tar/report.md
f5,f5/tar,I1:rec_consonance,0.0463,p,V1/results/f5/tar/report.md
f5,f5/tar,I1:rec_consonance,0.0498,p(perm),V1/results/f5/tar/report.md
f5,f5/tar,P0:therapeutic_reward,0.0001,p,V1/results/f5/tar/report.md
f5,f5/tar,P0:therapeutic_reward,0.0,p(perm),V1/results/f5/tar/report.md
f5,f5/tar,F0:mood_improv_pred,0.0004,p,V1/results/f5/tar/report.md
f5,f5/tar,F0:mood_improv_pred,0.0002,p(perm),V1/results/f5/tar/report.md
f5,f5/tar,F1:stress_reduc_pred,0.0007,p,V1/results/f5/tar/report.md
f5,f5/tar,F1:stress_reduc_pred,0.001,p(perm),V1/results/f5/tar/report.md
f5,f5/vmm,V0:valence,0.0,p,V1/results/f5/vmm/report.md
f5,f5/vmm,V0:valence,0.0,p(perm),V1/results/f5/vmm/report.md
f5,f5/vmm,V1:mode_signal,0.0,p,V1/results/f5/vmm/report.md
f5,f5/vmm,V1:mode_signal,0.0,p(perm),V1/results/f5/vmm/report.md
f5,f5/vmm,V2:consonance_valence,0.0,p,V1/results/f5/vmm/report.md
f5,f5/vmm,V2:consonance_valence,0.0,p(perm),V1/results/f5/vmm/report.md
f5,f5/vmm,R0:happy_pathway,0.0,p,V1/results/f5/vmm/report.md
f5,f5/vmm,R0:happy_pathway,0.0,p(perm),V1/results/f5/vmm/report.md
f5,f5/vmm,R1:sad_pathway,0.0003,p,V1/results/f5/vmm/report.md
f5,f5/vmm,R1:sad_pathway,0.0002,p(perm),V1/results/f5/vmm/report.md
f5,f5/vmm,R2:parahippocampal,0.3943,p,V1/results/f5/vmm/report.md
f5,f5/vmm,R2:parahippocampal,0.4072,p(perm),V1/results/f5/vmm/report.md
f5,f5/vmm,R3:reward_evaluation,0.001,p,V1/results/f5/vmm/report.md
f5,f5/vmm,R3:reward_evaluation,0.0012,p(perm),V1/results/f5/vmm/report.md
f5,f5/vmm,P0:perceived_happy,0.0,p,V1/results/f5/vmm/report.md
f5,f5/vmm,P0:perceived_happy,0.0,p(perm),V1/results/f5/vmm/report.md
f5,f5/vmm,P1:perceived_sad,0.0015,p,V1/results/f5/vmm/report.md
f5,f5/vmm,P1:perceived_sad,0.0024,p(perm),V1/results/f5/vmm/report.md
f5,f5/vmm,P2:emotion_certainty,0.008,p,V1/results/f5/vmm/report.md
f5,f5/vmm,P2:emotion_certainty,0.007,p(perm),V1/results/f5/vmm/report.md
f5,f5/vmm,C0:mode_detection_state,0.0,p,V1/results/f5/vmm/report.md
f5,f5/vmm,C0:mode_detection_state,0.0,p(perm),V1/results/f5/vmm/report.md
f5,f5/vmm,C1:valence_state,0.0,p,V1/results/f5/vmm/report.md
f5,f5/vmm,C1:valence_state,0.0,p(perm),V1/results/f5/vmm/report.md
f5,f5/vmm,perceived_happy,0.0,p,V1/results/f5/vmm/report.md
f5,f5/vmm,perceived_happy,0.0,p(perm),V1/results/f5/vmm/report.md
f5,f5/vmm,perceived_sad,0.0001,p,V1/results/f5/vmm/report.md
f5,f5/vmm,perceived_sad,0.0,p(perm),V1/results/f5/vmm/report.md
f5,f5/vmm,mode_detection,0.0,p,V1/results/f5/vmm/report.md
f5,f5/vmm,mode_detection,0.0,p(perm),V1/results/f5/vmm/report.md
f5,f5/vmm,emotion_certainty,0.008,p,V1/results/f5/vmm/report.md
f5,f5/vmm,emotion_certainty,0.007,p(perm),V1/results/f5/vmm/report.md
f5,f5/vmm,happy_pathway,0.0,p,V1/results/f5/vmm/report.md
f5,f5/vmm,happy_pathway,0.0,p(perm),V1/results/f5/vmm/report.md
f5,f5/vmm,sad_pathway,0.0003,p,V1/results/f5/vmm/report.md
f5,f5/vmm,sad_pathway,0.0002,p(perm),V1/results/f5/vmm/report.md
f6,f6/daed,f01:anticipatory_da,0.0132,p,V1/results/f6/daed/report.md
f6,f6/daed,f02:consummatory_da,0.0,p,V1/results/f6/daed/report.md
f6,f6/daed,f03:wanting_index,0.0003,p,V1/results/f6/daed/report.md
f6,f6/daed,f04:liking_index,0.0,p,V1/results/f6/daed/report.md
f6,f6/daed,dissociation_index,0.0,p,V1/results/f6/daed/report.md
f6,f6/daed,temporal_phase,0.0,p,V1/results/f6/daed/report.md
f6,f6/daed,caudate_activation,0.0008,p,V1/results/f6/daed/report.md
f6,f6/daed,nacc_activation,0.0,p,V1/results/f6/daed/report.md
f6,f6/daed,da_caudate,0.0008,p,V1/results/f6/daed/report.md
f6,f6/daed,da_nacc,0.0,p,V1/results/f6/daed/report.md
f6,f6/daed,dissociation_index,0.0,p,V1/results/f6/daed/report.md
f6,f6/daed,temporal_phase,0.0,p,V1/results/f6/daed/report.md
f6,f6/daed,wanting_ramp,0.0003,p,V1/results/f6/daed/report.md
f6,f6/iotms,E0:mor_baseline_proxy,0.0041,p,V1/results/f6/iotms/report.md
f6,f6/iotms,E1:pleasure_bold_slope,0.0,p,V1/results/f6/iotms/report.md
f6,f6/iotms,E2:reward_propensity,0.0,p,V1/results/f6/iotms/report.md
f6,f6/iotms,E3:music_reward_index,0.003,p,V1/results/f6/iotms/report.md
f6,f6/iotms,P0:individual_sensitivity_state,0.0013,p,V1/results/f6/iotms/report.md
f6,f6/iucp,E0:ic_liking_curve,0.0,p,V1/results/f6/iucp/report.md
f6,f6/iucp,E1:entropy_liking_curve,0.0,p,V1/results/f6/iucp/report.md
f6,f6/iucp,E2:ic_entropy_interaction,0.0,p,V1/results/f6/iucp/report.md
f6,f6/iucp,E3:optimal_complexity,0.0001,p,V1/results/f6/iucp/report.md
f6,f6/iucp,P0:current_preference_state,0.0,p,V1/results/f6/iucp/report.md
f6,f6/iucp,F0:optimal_zone_pred,0.0,p,V1/results/f6/iucp/report.md
f6,f6/ldac,E0:stg_liking_coupling,0.0,p,V1/results/f6/ldac/report.md
f6,f6/ldac,E1:pleasure_gating,0.0001,p,V1/results/f6/ldac/report.md
f6,f6/ldac,E2:ic_liking_interaction,0.0205,p,V1/results/f6/ldac/report.md
f6,f6/ldac,E3:moment_to_moment,0.0,p,V1/results/f6/ldac/report.md
f6,f6/ldac,P0:stg_modulation_state,0.0,p,V1/results/f6/ldac/report.md
f6,f6/ldac,F0:sensory_gating_pred,0.0003,p,V1/results/f6/ldac/report.md
f6,f6/mccn,E0:theta_prefrontal,0.0007,p,V1/results/f6/mccn/report.md
f6,f6/mccn,E1:theta_central,0.005,p,V1/results/f6/mccn/report.md
f6,f6/mccn,E2:arousal_index,0.008,p,V1/results/f6/mccn/report.md
f6,f6/mccn,E3:chills_magnitude,0.0005,p,V1/results/f6/mccn/report.md
f6,f6/mccn,P0:network_state,0.0041,p,V1/results/f6/mccn/report.md
f6,f6/mccn,P1:theta_pattern,0.0055,p,V1/results/f6/mccn/report.md
f6,f6/mccn,F0:chills_onset_pred,0.0002,p,V1/results/f6/mccn/report.md
f6,f6/meamr,E0:familiarity_index,0.0,p,V1/results/f6/meamr/report.md
f6,f6/meamr,E1:autobio_salience,0.0,p,V1/results/f6/meamr/report.md
f6,f6/meamr,E2:dmpfc_tracking,0.0112,p,V1/results/f6/meamr/report.md
f6,f6/meamr,E3:positive_affect,0.0003,p,V1/results/f6/meamr/report.md
f6,f6/meamr,P0:memory_activation_state,0.0,p,V1/results/f6/meamr/report.md
f6,f6/meamr,F0:nostalgia_response_pred,0.0,p,V1/results/f6/meamr/report.md
f6,f6/mormr,f01:opioid_release,0.0,p,V1/results/f6/mormr/report.md
f6,f6/mormr,f02:chills_count,0.0001,p,V1/results/f6/mormr/report.md
f6,f6/mormr,f03:nacc_binding,0.0001,p,V1/results/f6/mormr/report.md
f6,f6/mormr,f04:reward_sensitivity,0.0,p,V1/results/f6/mormr/report.md
f6,f6/mormr,opioid_tone,0.0,p,V1/results/f6/mormr/report.md
f6,f6/mormr,current_opioid_state,0.0,p,V1/results/f6/mormr/report.md
f6,f6/mormr,chills_onset_pred,0.0,p,V1/results/f6/mormr/report.md
f6,f6/mormr,chills_intensity_0_10,0.0,p,V1/results/f6/mormr/report.md
f6,f6/mormr,pleasantness_0_10,0.0,p,V1/results/f6/mormr/report.md
f6,f6/mormr,heart_rate_bpm,0.0,p,V1/results/f6/mormr/report.md
f6,f6/mormr,skin_conductance_uS,0.0,p,V1/results/f6/mormr/report.md
f6,f6/rpem,f01:surprise_signal,0.0015,p,V1/results/f6/rpem/report.md
f6,f6/rpem,f02:liking_signal,0.0001,p,V1/results/f6/rpem/report.md
f6,f6/rpem,f03:positive_rpe,0.0,p,V1/results/f6/rpem/report.md
f6,f6/rpem,f04:negative_rpe,0.0001,p,V1/results/f6/rpem/report.md
f6,f6/rpem,rpe_magnitude,0.0015,p,V1/results/f6/rpem/report.md
f6,f6/rpem,vs_response,0.0,p,V1/results/f6/rpem/report.md
f6,f6/rpem,current_rpe,0.0,p,V1/results/f6/rpem/report.md
f6,f6/rpem,vs_activation_state,0.0,p,V1/results/f6/rpem/report.md
f6,f6/ssps,f01:ic_value,0.0112,p,V1/results/f6/ssps/report.md
f6,f6/ssps,f02:entropy_value,0.0067,p,V1/results/f6/ssps/report.md
f6,f6/ssps,f03:saddle_position,0.0024,p,V1/results/f6/ssps/report.md
f6,f6/ssps,f04:peak_proximity,0.0011,p,V1/results/f6/ssps/report.md
f6,f6/ssps,surface_position_state,0.0011,p,V1/results/f6/ssps/report.md
f6,f6/ssps,optimal_zone_pred,0.005,p,V1/results/f6/ssps/report.md
f6,f6/ssri,f01:synchrony_reward,0.0005,p,V1/results/f6/ssri/report.md
f6,f6/ssri,f02:social_bonding_index,0.0269,p,V1/results/f6/ssri/report.md
f6,f6/ssri,f03:group_flow_state,0.0017,p,V1/results/f6/ssri/report.md
f6,f6/ssri,f04:entrainment_quality,0.0287,p,V1/results/f6/ssri/report.md
f6,f6/ssri,f05:collective_pleasure,0.0,p,V1/results/f6/ssri/report.md
f6,f6/ssri,M0:social_prediction_error,0.0015,p,V1/results/f6/ssri/report.md
f6,f6/ssri,M1:synchrony_amplification,0.0002,p,V1/results/f6/ssri/report.md
f6,f6/ssri,P0:prefrontal_coupling,0.0027,p,V1/results/f6/ssri/report.md
f6,f6/ssri,P1:endorphin_proxy,0.008,p,V1/results/f6/ssri/report.md
f6,f6/ssri,F0:bonding_trajectory_pred,0.0386,p,V1/results/f6/ssri/report.md
f6,f6/ssri,F1:flow_sustain_pred,0.008,p,V1/results/f6/ssri/report.md
f7,f7/asap,f10:beat_prediction,0.0252,p,V1/results/f7/asap/report.md
f7,f7/asap,f11:motor_simulation,0.0,p,V1/results/f7/asap/report.md
f7,f7/asap,f12:dorsal_stream,0.0004,p,V1/results/f7/asap/report.md
f7,f7/asap,M0:prediction_accuracy,0.0252,p,V1/results/f7/asap/report.md
f7,f7/asap,M1:simulation_strength,0.0,p,V1/results/f7/asap/report.md
f7,f7/asap,M2:coupling_index,0.0002,p,V1/results/f7/asap/report.md
f7,f7/asap,P0:motor_to_auditory,0.0001,p,V1/results/f7/asap/report.md
f7,f7/asap,P1:auditory_to_motor,0.0001,p,V1/results/f7/asap/report.md
f7,f7/asap,P2:dorsal_activity,0.0004,p,V1/results/f7/asap/report.md
f7,f7/asap,F0:beat_when_pred_0_5s,0.9574,p,V1/results/f7/asap/report.md
f7,f7/asap,F1:simulation_pred,0.0004,p,V1/results/f7/asap/report.md
f7,f7/asap,f10:beat_prediction,0.0005,p,V1/results/f7/asap/report.md
f7,f7/asap,f11:motor_simulation,0.033,p,V1/results/f7/asap/report.md
f7,f7/asap,f12:dorsal_stream,0.1579,p,V1/results/f7/asap/report.md
f7,f7/asap,M0:prediction_accuracy,0.0005,p,V1/results/f7/asap/report.md
f7,f7/asap,M1:simulation_strength,0.033,p,V1/results/f7/asap/report.md
f7,f7/asap,M2:coupling_index,0.3409,p,V1/results/f7/asap/report.md
f7,f7/asap,P0:motor_to_auditory,0.0033,p,V1/results/f7/asap/report.md
f7,f7/asap,P1:auditory_to_motor,0.9905,p,V1/results/f7/asap/report.md
f7,f7/asap,P2:dorsal_activity,0.1579,p,V1/results/f7/asap/report.md
f7,f7/asap,F0:beat_when_pred_0_5s,0.0932,p,V1/results/f7/asap/report.md
f7,f7/asap,F1:simulation_pred,0.4301,p,V1/results/f7/asap/report.md
f7,f7/ctbb,E0:f25_cerebellar_timing,0.0,p,V1/results/f7/ctbb/report.md
f7,f7/ctbb,E1:f26_m1_modulation,0.0,p,V1/results/f7/ctbb/report.md
f7,f7/ctbb,E2:f27_postural_control,0.0,p,V1/results/f7/ctbb/report.md
f7,f7/ctbb,M0:timing_enhancement,0.0008,p,V1/results/f7/ctbb/report.md
f7,f7/ctbb,M1:sway_reduction,0.0,p,V1/results/f7/ctbb/report.md
f7,f7/ctbb,M2:cerebellar_m1_coupling,0.0,p,V1/results/f7/ctbb/report.md
f7,f7/ctbb,P0:timing_precision,0.0001,p,V1/results/f7/ctbb/report.md
f7,f7/ctbb,P1:motor_stability,0.0,p,V1/results/f7/ctbb/report.md
f7,f7/ctbb,F0:timing_pred,0.0001,p,V1/results/f7/ctbb/report.md
f7,f7/ctbb,F1:balance_pred,0.0002,p,V1/results/f7/ctbb/report.md
f7,f7/ctbb,F2:modulation_pred,0.0,p,V1/results/f7/ctbb/report.md
f7,f7/ctbb,E0:f25_cerebellar_timing,0.4471,p,V1/results/f7/ctbb/report.md
f7,f7/ctbb,E1:f26_m1_modulation,0.0174,p,V1/results/f7/ctbb/report.md
f7,f7/ctbb,E2:f27_postural_control,0.0171,p,V1/results/f7/ctbb/report.md
f7,f7/ctbb,M0:timing_enhancement,0.0069,p,V1/results/f7/ctbb/report.md
f7,f7/ctbb,M1:sway_reduction,0.0163,p,V1/results/f7/ctbb/report.md
f7,f7/ctbb,M2:cerebellar_m1_coupling,0.1108,p,V1/results/f7/ctbb/report.md
f7,f7/ctbb,P0:timing_precision,0.0076,p,V1/results/f7/ctbb/report.md
f7,f7/ctbb,P1:motor_stability,0.026,p,V1/results/f7/ctbb/report.md
f7,f7/ctbb,F0:timing_pred,0.0642,p,V1/results/f7/ctbb/report.md
f7,f7/ctbb,F1:balance_pred,0.9553,p,V1/results/f7/ctbb/report.md
f7,f7/ctbb,F2:modulation_pred,0.0528,p,V1/results/f7/ctbb/report.md
f7,f7/ddsmi,E0:f13_social_coordination,0.001,p,V1/results/f7/ddsmi/report.md
f7,f7/ddsmi,E1:f14_music_tracking,0.0001,p,V1/results/f7/ddsmi/report.md
f7,f7/ddsmi,E2:f15_visual_modulation,0.0003,p,V1/results/f7/ddsmi/report.md
f7,f7/ddsmi,M0:mTRF_social,0.001,p,V1/results/f7/ddsmi/report.md
f7,f7/ddsmi,M1:mTRF_auditory,0.0001,p,V1/results/f7/ddsmi/report.md
f7,f7/ddsmi,M2:mTRF_balance,0.7615,p,V1/results/f7/ddsmi/report.md
f7,f7/ddsmi,P0:partner_sync,0.0017,p,V1/results/f7/ddsmi/report.md
f7,f7/ddsmi,P1:music_entrainment,0.0,p,V1/results/f7/ddsmi/report.md
f7,f7/ddsmi,F0:coordination_pred,0.0287,p,V1/results/f7/ddsmi/report.md
f7,f7/ddsmi,F1:music_pred,0.0003,p,V1/results/f7/ddsmi/report.md
f7,f7/ddsmi,F2:social_pred,0.0007,p,V1/results/f7/ddsmi/report.md
f7,f7/ddsmi,E0:f13_social_coordination,0.0778,p,V1/results/f7/ddsmi/report.md
f7,f7/ddsmi,E1:f14_music_tracking,0.3911,p,V1/results/f7/ddsmi/report.md
f7,f7/ddsmi,E2:f15_visual_modulation,0.4354,p,V1/results/f7/ddsmi/report.md
f7,f7/ddsmi,M0:mTRF_social,0.0778,p,V1/results/f7/ddsmi/report.md
f7,f7/ddsmi,M1:mTRF_auditory,0.3911,p,V1/results/f7/ddsmi/report.md
f7,f7/ddsmi,M2:mTRF_balance,0.2711,p,V1/results/f7/ddsmi/report.md
f7,f7/ddsmi,P0:partner_sync,0.1046,p,V1/results/f7/ddsmi/report.md
f7,f7/ddsmi,P1:music_entrainment,0.5804,p,V1/results/f7/ddsmi/report.md
f7,f7/ddsmi,F0:coordination_pred,0.0399,p,V1/results/f7/ddsmi/report.md
f7,f7/ddsmi,F1:music_pred,0.8633,p,V1/results/f7/ddsmi/report.md
f7,f7/ddsmi,F2:social_pred,0.1891,p,V1/results/f7/ddsmi/report.md
f7,f7/gssm,E0:phase_synchronization,0.0,p,V1/results/f7/gssm/report.md
f7,f7/gssm,E1:cv_reduction,0.0,p,V1/results/f7/gssm/report.md
f7,f7/gssm,E2:balance_improvement,0.0,p,V1/results/f7/gssm/report.md
f7,f7/gssm,M0:stride_cv,0.2309,p,V1/results/f7/gssm/report.md
f7,f7/gssm,M1:sma_m1_coupling,0.0132,p,V1/results/f7/gssm/report.md
f7,f7/gssm,M2:balance_score,0.0055,p,V1/results/f7/gssm/report.md
f7,f7/gssm,M3:gait_stability,0.0,p,V1/results/f7/gssm/report.md
f7,f7/gssm,P0:phase_lock_strength,0.0029,p,V1/results/f7/gssm/report.md
f7,f7/gssm,P1:variability_level,0.0,p,V1/results/f7/gssm/report.md
f7,f7/gssm,F0:cv_pred_30min,0.0,p,V1/results/f7/gssm/report.md
f7,f7/gssm,F1:balance_pred,0.0,p,V1/results/f7/gssm/report.md
f7,f7/gssm,E0:phase_synchronization,0.0034,p,V1/results/f7/gssm/report.md
f7,f7/gssm,E1:cv_reduction,0.0025,p,V1/results/f7/gssm/report.md
f7,f7/gssm,E2:balance_improvement,0.0029,p,V1/results/f7/gssm/report.md
f7,f7/gssm,M0:stride_cv,0.0058,p,V1/results/f7/gssm/report.md
f7,f7/gssm,M1:sma_m1_coupling,0.0497,p,V1/results/f7/gssm/report.md
f7,f7/gssm,M2:balance_score,0.1651,p,V1/results/f7/gssm/report.md
f7,f7/gssm,M3:gait_stability,0.0025,p,V1/results/f7/gssm/report.md
f7,f7/gssm,P0:phase_lock_strength,0.0283,p,V1/results/f7/gssm/report.md
f7,f7/gssm,P1:variability_level,0.0195,p,V1/results/f7/gssm/report.md
f7,f7/gssm,F0:cv_pred_30min,0.0097,p,V1/results/f7/gssm/report.md
f7,f7/gssm,F1:balance_pred,0.0028,p,V1/results/f7/gssm/report.md
f7,f7/hgsic,f01:beat_gamma,0.0001,p,V1/results/f7/hgsic/report.md
f7,f7/hgsic,f02:meter_integration,0.0,p,V1/results/f7/hgsic/report.md
f7,f7/hgsic,f03:motor_groove,0.0,p,V1/results/f7/hgsic/report.md
f7,f7/hgsic,M0:groove_index,0.0,p,V1/results/f7/hgsic/report.md
f7,f7/hgsic,M1:coupling_strength,0.0001,p,V1/results/f7/hgsic/report.md
f7,f7/hgsic,P0:pstg_activation,0.0,p,V1/results/f7/hgsic/report.md
f7,f7/hgsic,P1:motor_preparation,0.0,p,V1/results/f7/hgsic/report.md
f7,f7/hgsic,P2:onset_sync,0.0,p,V1/results/f7/hgsic/report.md
f7,f7/hgsic,F0:groove_prediction,0.0743,p,V1/results/f7/hgsic/report.md
f7,f7/hgsic,F1:beat_expectation,0.0001,p,V1/results/f7/hgsic/report.md
f7,f7/hgsic,F2:motor_anticipation,0.0,p,V1/results/f7/hgsic/report.md
f7,f7/hgsic,groove_quality,0.0,p,V1/results/f7/hgsic/report.md
f7,f7/hgsic,beat_prominence,0.0,p,V1/results/f7/hgsic/report.md
f7,f7/hgsic,meter_structure,0.0,p,V1/results/f7/hgsic/report.md
f7,f7/hgsic,auditory_motor_coupling,0.0001,p,V1/results/f7/hgsic/report.md
f7,f7/hgsic,motor_preparation,0.0,p,V1/results/f7/hgsic/report.md
f7,f7/hgsic,groove_trajectory,0.0743,p,V1/results/f7/hgsic/report.md
f7,f7/hgsic,f01:beat_gamma,0.22,p,V1/results/f7/hgsic/report.md
f7,f7/hgsic,f02:meter_integration,0.0263,p,V1/results/f7/hgsic/report.md
f7,f7/hgsic,f03:motor_groove,0.0575,p,V1/results/f7/hgsic/report.md
f7,f7/hgsic,M0:groove_index,0.0023,p,V1/results/f7/hgsic/report.md
f7,f7/hgsic,M1:coupling_strength,0.001,p,V1/results/f7/hgsic/report.md
f7,f7/hgsic,P0:pstg_activation,0.0002,p,V1/results/f7/hgsic/report.md
f7,f7/hgsic,P1:motor_preparation,0.0665,p,V1/results/f7/hgsic/report.md
f7,f7/hgsic,P2:onset_sync,0.2987,p,V1/results/f7/hgsic/report.md
f7,f7/hgsic,F0:groove_prediction,0.0,p,V1/results/f7/hgsic/report.md
f7,f7/hgsic,F1:beat_expectation,0.06,p,V1/results/f7/hgsic/report.md
f7,f7/hgsic,F2:motor_anticipation,0.1464,p,V1/results/f7/hgsic/report.md
f7,f7/hgsic,groove_quality,0.0004,p,V1/results/f7/hgsic/report.md
f7,f7/hgsic,beat_prominence,0.0077,p,V1/results/f7/hgsic/report.md
f7,f7/hgsic,meter_structure,0.0263,p,V1/results/f7/hgsic/report.md
f7,f7/hgsic,auditory_motor_coupling,0.001,p,V1/results/f7/hgsic/report.md
f7,f7/hgsic,motor_preparation,0.0665,p,V1/results/f7/hgsic/report.md
f7,f7/hgsic,groove_trajectory,0.0,p,V1/results/f7/hgsic/report.md
f7,f7/hgsic,groove_quality,0.0137,p,V1/results/f7/hgsic/report.md
f7,f7/hgsic,beat_prominence,0.2152,p,V1/results/f7/hgsic/report.md
f7,f7/hgsic,meter_structure,0.0005,p,V1/results/f7/hgsic/report.md
f7,f7/hgsic,auditory_motor_coupling,0.0005,p,V1/results/f7/hgsic/report.md
f7,f7/hgsic,motor_preparation,0.0713,p,V1/results/f7/hgsic/report.md
f7,f7/hgsic,groove_trajectory,0.0234,p,V1/results/f7/hgsic/report.md
f7,f7/hmce,f01:short_context,0.0,p,V1/results/f7/hmce/report.md
f7,f7/hmce,f02:medium_context,0.0001,p,V1/results/f7/hmce/report.md
f7,f7/hmce,f03:long_context,0.0007,p,V1/results/f7/hmce/report.md
f7,f7/hmce,M0:context_depth,0.0,p,V1/results/f7/hmce/report.md
f7,f7/hmce,M1:structure_regularity,0.0061,p,V1/results/f7/hmce/report.md
f7,f7/hmce,M2:transition_dynamics,0.0003,p,V1/results/f7/hmce/report.md
f7,f7/hmce,P0:a1_stg_encoding,0.0008,p,V1/results/f7/hmce/report.md
f7,f7/hmce,P1:context_predict,0.0015,p,V1/results/f7/hmce/report.md
f7,f7/hmce,P2:phrase_expect,0.0,p,V1/results/f7/hmce/report.md
f7,f7/hmce,F0:phrase_boundary_pred,0.0002,p,V1/results/f7/hmce/report.md
f7,f7/hmce,F1:structure_pred,0.0001,p,V1/results/f7/hmce/report.md
f7,f7/hmce,context_depth,0.0,p,V1/results/f7/hmce/report.md
f7,f7/hmce,short_context,0.0,p,V1/results/f7/hmce/report.md
f7,f7/hmce,medium_context,0.0001,p,V1/results/f7/hmce/report.md
f7,f7/hmce,long_context,0.0007,p,V1/results/f7/hmce/report.md
f7,f7/hmce,phrase_boundary_pred,0.0002,p,V1/results/f7/hmce/report.md
f7,f7/hmce,structure_pred,0.0001,p,V1/results/f7/hmce/report.md
f7,f7/hmce,f01:short_context,0.0229,p,V1/results/f7/hmce/report.md
f7,f7/hmce,f02:medium_context,0.0026,p,V1/results/f7/hmce/report.md
f7,f7/hmce,f03:long_context,0.0509,p,V1/results/f7/hmce/report.md
f7,f7/hmce,M0:context_depth,0.0007,p,V1/results/f7/hmce/report.md
f7,f7/hmce,M1:structure_regularity,0.2751,p,V1/results/f7/hmce/report.md
f7,f7/hmce,M2:transition_dynamics,0.1582,p,V1/results/f7/hmce/report.md
f7,f7/hmce,P0:a1_stg_encoding,0.0993,p,V1/results/f7/hmce/report.md
f7,f7/hmce,P1:context_predict,0.7818,p,V1/results/f7/hmce/report.md
f7,f7/hmce,P2:phrase_expect,0.0296,p,V1/results/f7/hmce/report.md
f7,f7/hmce,F0:phrase_boundary_pred,0.0438,p,V1/results/f7/hmce/report.md
f7,f7/hmce,F1:structure_pred,0.0177,p,V1/results/f7/hmce/report.md
f7,f7/hmce,context_depth,0.0002,p,V1/results/f7/hmce/report.md
f7,f7/hmce,short_context,0.0229,p,V1/results/f7/hmce/report.md
f7,f7/hmce,medium_context,0.0026,p,V1/results/f7/hmce/report.md
f7,f7/hmce,long_context,0.0509,p,V1/results/f7/hmce/report.md
f7,f7/hmce,phrase_boundary_pred,0.0438,p,V1/results/f7/hmce/report.md
f7,f7/hmce,structure_pred,0.0177,p,V1/results/f7/hmce/report.md
f7,f7/hmce,context_depth,0.879,p,V1/results/f7/hmce/report.md
f7,f7/hmce,short_context,0.0,p,V1/results/f7/hmce/report.md
f7,f7/hmce,medium_context,0.0,p,V1/results/f7/hmce/report.md
f7,f7/hmce,long_context,0.4316,p,V1/results/f7/hmce/report.md
f7,f7/hmce,phrase_boundary_pred,0.4821,p,V1/results/f7/hmce/report.md
f7,f7/hmce,structure_pred,0.0362,p,V1/results/f7/hmce/report.md
f7,f7/msr,f04:high_freq_plv,0.0001,p,V1/results/f7/msr/report.md
f7,f7/msr,f05:p2_suppression,0.0325,p,V1/results/f7/msr/report.md
f7,f7/msr,f06:sensorimotor_efficiency,0.0,p,V1/results/f7/msr/report.md
f7,f7/msr,plv_high_freq,0.0003,p,V1/results/f7/msr/report.md
f7,f7/msr,p2_amplitude,0.0008,p,V1/results/f7/msr/report.md
f7,f7/msr,efficiency_index,0.0003,p,V1/results/f7/msr/report.md
f7,f7/msr,bottom_up_precision,0.0002,p,V1/results/f7/msr/report.md
f7,f7/msr,top_down_modulation,0.0055,p,V1/results/f7/msr/report.md
f7,f7/msr,training_level,0.0,p,V1/results/f7/msr/report.md
f7,f7/msr,performance_efficiency,0.0005,p,V1/results/f7/msr/report.md
f7,f7/msr,processing_automaticity,0.0007,p,V1/results/f7/msr/report.md
f7,f7/msr,f04:high_freq_plv,0.0106,p,V1/results/f7/msr/report.md
f7,f7/msr,f05:p2_suppression,0.2025,p,V1/results/f7/msr/report.md
f7,f7/msr,f06:sensorimotor_efficiency,0.0059,p,V1/results/f7/msr/report.md
f7,f7/msr,plv_high_freq,0.5019,p,V1/results/f7/msr/report.md
f7,f7/msr,p2_amplitude,0.0008,p,V1/results/f7/msr/report.md
f7,f7/msr,efficiency_index,0.0161,p,V1/results/f7/msr/report.md
f7,f7/msr,bottom_up_precision,0.0009,p,V1/results/f7/msr/report.md
f7,f7/msr,top_down_modulation,0.0942,p,V1/results/f7/msr/report.md
f7,f7/msr,training_level,0.0046,p,V1/results/f7/msr/report.md
f7,f7/msr,performance_efficiency,0.0041,p,V1/results/f7/msr/report.md
f7,f7/msr,processing_automaticity,0.0276,p,V1/results/f7/msr/report.md
f7,f7/nscp,E0:f22_neural_synchrony,0.0,p,V1/results/f7/nscp/report.md
f7,f7/nscp,E1:f23_commercial_prediction,0.0,p,V1/results/f7/nscp/report.md
f7,f7/nscp,E2:f24_catchiness_index,0.0165,p,V1/results/f7/nscp/report.md
f7,f7/nscp,M0:isc_magnitude,0.0,p,V1/results/f7/nscp/report.md
f7,f7/nscp,M1:sync_consistency,0.0002,p,V1/results/f7/nscp/report.md
f7,f7/nscp,M2:popularity_estimate,0.0,p,V1/results/f7/nscp/report.md
f7,f7/nscp,P0:coherence_level,0.0003,p,V1/results/f7/nscp/report.md
f7,f7/nscp,P1:groove_response,0.0001,p,V1/results/f7/nscp/report.md
f7,f7/nscp,F0:synchrony_pred,0.0,p,V1/results/f7/nscp/report.md
f7,f7/nscp,F1:popularity_pred,0.0122,p,V1/results/f7/nscp/report.md
f7,f7/nscp,F2:catchiness_pred,0.9432,p,V1/results/f7/nscp/report.md
f7,f7/nscp,E0:f22_neural_synchrony,0.0005,p,V1/results/f7/nscp/report.md
f7,f7/nscp,E1:f23_commercial_prediction,0.9763,p,V1/results/f7/nscp/report.md
f7,f7/nscp,E2:f24_catchiness_index,0.2404,p,V1/results/f7/nscp/report.md
f7,f7/nscp,M0:isc_magnitude,0.0005,p,V1/results/f7/nscp/report.md
f7,f7/nscp,M1:sync_consistency,0.6346,p,V1/results/f7/nscp/report.md
f7,f7/nscp,M2:popularity_estimate,0.9763,p,V1/results/f7/nscp/report.md
f7,f7/nscp,P0:coherence_level,0.0694,p,V1/results/f7/nscp/report.md
f7,f7/nscp,P1:groove_response,0.0005,p,V1/results/f7/nscp/report.md
f7,f7/nscp,F0:synchrony_pred,0.04,p,V1/results/f7/nscp/report.md
f7,f7/nscp,F1:popularity_pred,0.0871,p,V1/results/f7/nscp/report.md
f7,f7/nscp,F2:catchiness_pred,0.5667,p,V1/results/f7/nscp/report.md
f7,f7/peom,f01:period_entrainment,0.001,p,V1/results/f7/peom/report.md
f7,f7/peom,f02:velocity_optimization,0.0001,p,V1/results/f7/peom/report.md
f7,f7/peom,f03:variability_reduction,0.0,p,V1/results/f7/peom/report.md
f7,f7/peom,motor_period,0.0007,p,V1/results/f7/peom/report.md
f7,f7/peom,velocity,0.0,p,V1/results/f7/peom/report.md
f7,f7/peom,acceleration,0.0,p,V1/results/f7/peom/report.md
f7,f7/peom,cv_reduction,0.0,p,V1/results/f7/peom/report.md
f7,f7/peom,period_lock_strength,0.0,p,V1/results/f7/peom/report.md
f7,f7/peom,kinematic_smoothness,0.0,p,V1/results/f7/peom/report.md
f7,f7/peom,next_beat_pred_T,0.5656,p,V1/results/f7/peom/report.md
f7,f7/peom,velocity_profile_pred,0.0002,p,V1/results/f7/peom/report.md
f7,f7/peom,period_entrainment,0.001,p,V1/results/f7/peom/report.md
f7,f7/peom,kinematic_efficiency,0.0,p,V1/results/f7/peom/report.md
f7,f7/peom,timing_precision,0.0,p,V1/results/f7/peom/report.md
f7,f7/peom,period_lock_strength,0.0,p,V1/results/f7/peom/report.md
f7,f7/peom,next_beat_pred,0.5656,p,V1/results/f7/peom/report.md
f7,f7/peom,f01:period_entrainment,0.9325,p,V1/results/f7/peom/report.md
f7,f7/peom,f02:velocity_optimization,0.2912,p,V1/results/f7/peom/report.md
f7,f7/peom,f03:variability_reduction,0.006,p,V1/results/f7/peom/report.md
f7,f7/peom,motor_period,0.2572,p,V1/results/f7/peom/report.md
f7,f7/peom,velocity,0.5084,p,V1/results/f7/peom/report.md
f7,f7/peom,acceleration,0.0165,p,V1/results/f7/peom/report.md
f7,f7/peom,cv_reduction,0.0069,p,V1/results/f7/peom/report.md
f7,f7/peom,period_lock_strength,0.0389,p,V1/results/f7/peom/report.md
f7,f7/peom,kinematic_smoothness,0.0713,p,V1/results/f7/peom/report.md
f7,f7/peom,next_beat_pred_T,0.8119,p,V1/results/f7/peom/report.md
f7,f7/peom,velocity_profile_pred,0.5886,p,V1/results/f7/peom/report.md
f7,f7/peom,period_entrainment,0.4839,p,V1/results/f7/peom/report.md
f7,f7/peom,kinematic_efficiency,0.5721,p,V1/results/f7/peom/report.md
f7,f7/peom,timing_precision,0.0072,p,V1/results/f7/peom/report.md
f7,f7/peom,period_lock_strength,0.0389,p,V1/results/f7/peom/report.md
f7,f7/peom,next_beat_pred,0.8119,p,V1/results/f7/peom/report.md
f7,f7/peom,period_entrainment,0.0234,p,V1/results/f7/peom/report.md
f7,f7/peom,kinematic_efficiency,0.879,p,V1/results/f7/peom/report.md
f7,f7/peom,timing_precision,0.0068,p,V1/results/f7/peom/report.md
f7,f7/peom,period_lock_strength,0.6445,p,V1/results/f7/peom/report.md
f7,f7/peom,next_beat_pred,0.0137,p,V1/results/f7/peom/report.md
f7,f7/spmc,E0:sequence_planning,0.049,p,V1/results/f7/spmc/report.md
f7,f7/spmc,E1:motor_preparation,0.0,p,V1/results/f7/spmc/report.md
f7,f7/spmc,E2:execution_output,0.0001,p,V1/results/f7/spmc/report.md
f7,f7/spmc,M0:circuit_flow,0.0015,p,V1/results/f7/spmc/report.md
f7,f7/spmc,M1:hierarchy_index,0.0015,p,V1/results/f7/spmc/report.md
f7,f7/spmc,M2:timing_precision,0.0095,p,V1/results/f7/spmc/report.md
f7,f7/spmc,P0:sma_activity,0.0001,p,V1/results/f7/spmc/report.md
f7,f7/spmc,P1:m1_output,0.0,p,V1/results/f7/spmc/report.md
f7,f7/spmc,F0:sequence_pred,0.8445,p,V1/results/f7/spmc/report.md
f7,f7/spmc,F1:execution_pred,0.0001,p,V1/results/f7/spmc/report.md
f7,f7/spmc,F2:timing_pred,0.0011,p,V1/results/f7/spmc/report.md
f7,f7/spmc,E0:sequence_planning,0.0593,p,V1/results/f7/spmc/report.md
f7,f7/spmc,E1:motor_preparation,0.2028,p,V1/results/f7/spmc/report.md
f7,f7/spmc,E2:execution_output,0.1178,p,V1/results/f7/spmc/report.md
f7,f7/spmc,M0:circuit_flow,0.0632,p,V1/results/f7/spmc/report.md
f7,f7/spmc,M1:hierarchy_index,0.3151,p,V1/results/f7/spmc/report.md
f7,f7/spmc,M2:timing_precision,0.129,p,V1/results/f7/spmc/report.md
f7,f7/spmc,P0:sma_activity,0.0805,p,V1/results/f7/spmc/report.md
f7,f7/spmc,P1:m1_output,0.0273,p,V1/results/f7/spmc/report.md
f7,f7/spmc,F0:sequence_pred,0.3337,p,V1/results/f7/spmc/report.md
f7,f7/spmc,F1:execution_pred,0.0073,p,V1/results/f7/spmc/report.md
f7,f7/spmc,F2:timing_pred,0.6227,p,V1/results/f7/spmc/report.md
f7,f7/stc,E0:f28_interoceptive_coupling,0.0002,p,V1/results/f7/stc/report.md
f7,f7/stc,E1:f29_respiratory_integration,0.0001,p,V1/results/f7/stc/report.md
f7,f7/stc,E2:f30_speech_sensorimotor,0.0,p,V1/results/f7/stc/report.md
f7,f7/stc,M0:connectivity_strength,0.0003,p,V1/results/f7/stc/report.md
f7,f7/stc,M1:respiratory_index,0.0,p,V1/results/f7/stc/report.md
f7,f7/stc,M2:voice_body_coupling,0.0,p,V1/results/f7/stc/report.md
f7,f7/stc,P0:insula_activity,0.0003,p,V1/results/f7/stc/report.md
f7,f7/stc,P1:vocal_motor,0.0,p,V1/results/f7/stc/report.md
f7,f7/stc,F0:connectivity_pred,0.0252,p,V1/results/f7/stc/report.md
f7,f7/stc,F1:respiratory_pred,0.0001,p,V1/results/f7/stc/report.md
f7,f7/stc,F2:vocal_pred,0.2159,p,V1/results/f7/stc/report.md
f7,f7/stc,E0:f28_interoceptive_coupling,0.0605,p,V1/results/f7/stc/report.md
f7,f7/stc,E1:f29_respiratory_integration,0.6821,p,V1/results/f7/stc/report.md
f7,f7/stc,E2:f30_speech_sensorimotor,0.0862,p,V1/results/f7/stc/report.md
f7,f7/stc,M0:connectivity_strength,0.0021,p,V1/results/f7/stc/report.md
f7,f7/stc,M1:respiratory_index,0.0705,p,V1/results/f7/stc/report.md
f7,f7/stc,M2:voice_body_coupling,0.2812,p,V1/results/f7/stc/report.md
f7,f7/stc,P0:insula_activity,0.0206,p,V1/results/f7/stc/report.md
f7,f7/stc,P1:vocal_motor,0.0758,p,V1/results/f7/stc/report.md
f7,f7/stc,F0:connectivity_pred,0.0364,p,V1/results/f7/stc/report.md
f7,f7/stc,F1:respiratory_pred,0.5094,p,V1/results/f7/stc/report.md
f7,f7/stc,F2:vocal_pred,0.85,p,V1/results/f7/stc/report.md
f7,f7/vrmsme,f16:music_enhancement,0.0037,p,V1/results/f7/vrmsme/report.md
f7,f7/vrmsme,f17:bilateral_activation,0.0007,p,V1/results/f7/vrmsme/report.md
f7,f7/vrmsme,f18:network_connectivity,0.0,p,V1/results/f7/vrmsme/report.md
f7,f7/vrmsme,M0:vrms_advantage,0.0037,p,V1/results/f7/vrmsme/report.md
f7,f7/vrmsme,M1:bilateral_index,0.0007,p,V1/results/f7/vrmsme/report.md
f7,f7/vrmsme,M2:connectivity_strength,0.0,p,V1/results/f7/vrmsme/report.md
f7,f7/vrmsme,P0:motor_drive,0.0,p,V1/results/f7/vrmsme/report.md
f7,f7/vrmsme,P1:sensorimotor_sync,0.0,p,V1/results/f7/vrmsme/report.md
f7,f7/vrmsme,F0:enhancement_pred,0.0005,p,V1/results/f7/vrmsme/report.md
f7,f7/vrmsme,F1:connectivity_pred,0.0122,p,V1/results/f7/vrmsme/report.md
f7,f7/vrmsme,F2:bilateral_pred,0.0007,p,V1/results/f7/vrmsme/report.md
f7,f7/vrmsme,f16:music_enhancement,0.2255,p,V1/results/f7/vrmsme/report.md
f7,f7/vrmsme,f17:bilateral_activation,0.132,p,V1/results/f7/vrmsme/report.md
f7,f7/vrmsme,f18:network_connectivity,0.0854,p,V1/results/f7/vrmsme/report.md
f7,f7/vrmsme,M0:vrms_advantage,0.2255,p,V1/results/f7/vrmsme/report.md
f7,f7/vrmsme,M1:bilateral_index,0.132,p,V1/results/f7/vrmsme/report.md
f7,f7/vrmsme,M2:connectivity_strength,0.8143,p,V1/results/f7/vrmsme/report.md
f7,f7/vrmsme,P0:motor_drive,0.0012,p,V1/results/f7/vrmsme/report.md
f7,f7/vrmsme,P1:sensorimotor_sync,0.0301,p,V1/results/f7/vrmsme/report.md
f7,f7/vrmsme,F0:enhancement_pred,0.7532,p,V1/results/f7/vrmsme/report.md
f7,f7/vrmsme,F1:connectivity_pred,0.0445,p,V1/results/f7/vrmsme/report.md
f7,f7/vrmsme,F2:bilateral_pred,0.0017,p,V1/results/f7/vrmsme/report.md
f8,f8/cdmr,f01:mismatch_amplitude,0.0001,p,V1/results/f8/cdmr/report.md
f8,f8/cdmr,f02:context_modulation,0.0001,p,V1/results/f8/cdmr/report.md
f8,f8/cdmr,f03:subadditivity_index,0.0001,p,V1/results/f8/cdmr/report.md
f8,f8/cdmr,f04:expertise_effect,0.0004,p,V1/results/f8/cdmr/report.md
f8,f8/cdmr,M0:melodic_expectation,0.0001,p,V1/results/f8/cdmr/report.md
f8,f8/cdmr,M1:deviance_history,0.0001,p,V1/results/f8/cdmr/report.md
f8,f8/cdmr,P0:mismatch_signal,0.0001,p,V1/results/f8/cdmr/report.md
f8,f8/cdmr,P1:context_state,0.0001,p,V1/results/f8/cdmr/report.md
f8,f8/cdmr,P2:binding_state,0.0001,p,V1/results/f8/cdmr/report.md
f8,f8/cdmr,F0:next_deviance,0.0001,p,V1/results/f8/cdmr/report.md
f8,f8/cdmr,F1:context_continuation,0.0001,p,V1/results/f8/cdmr/report.md
f8,f8/cdmr,mmn_amplitude_uV,0.001,p,V1/results/f8/cdmr/report.md
f8,f8/cdmr,p300_latency_ms,0.005,p,V1/results/f8/cdmr/report.md
f8,f8/cdmr,frequency_discrimination_hz,0.0001,p,V1/results/f8/cdmr/report.md
f8,f8/cdmr,gap_detection_ms,0.001,p,V1/results/f8/cdmr/report.md
f8,f8/cdmr,rhythm_sync_cv,0.001,p,V1/results/f8/cdmr/report.md
f8,f8/cdmr,pitch_memory_semitones,0.0001,p,V1/results/f8/cdmr/report.md
f8,f8/cdmr,gray_matter_HG_mm3,0.001,p,V1/results/f8/cdmr/report.md
f8,f8/cdmr,white_matter_CC_fa,0.01,p,V1/results/f8/cdmr/report.md
f8,f8/ect,f01:within_efficiency,0.0,p,V1/results/f8/ect/report.md
f8,f8/ect,f02:between_reduction,0.0001,p,V1/results/f8/ect/report.md
f8,f8/ect,f03:trade_off_ratio,0.0003,p,V1/results/f8/ect/report.md
f8,f8/ect,f04:flexibility_index,0.0002,p,V1/results/f8/ect/report.md
f8,f8/ect,training_history,0.0001,p,V1/results/f8/ect/report.md
f8,f8/ect,network_state,0.0001,p,V1/results/f8/ect/report.md
f8,f8/ect,task_memory,0.0001,p,V1/results/f8/ect/report.md
f8,f8/ect,within_binding,0.0001,p,V1/results/f8/ect/report.md
f8,f8/ect,network_isolation,0.0001,p,V1/results/f8/ect/report.md
f8,f8/ect,transfer_limit,0.0001,p,V1/results/f8/ect/report.md
f8,f8/ect,efficiency_opt,0.0003,p,V1/results/f8/ect/report.md
f8,f8/ect,flexibility_recovery,0.0001,p,V1/results/f8/ect/report.md
f8,f8/ect,compartmentalization_cost,0.0001,p,V1/results/f8/ect/report.md
f8,f8/ect,transfer_limitation,0.0001,p,V1/results/f8/ect/report.md
f8,f8/ect,mmn_amplitude_uV,0.001,p,V1/results/f8/ect/report.md
f8,f8/ect,p300_latency_ms,0.005,p,V1/results/f8/ect/report.md
f8,f8/ect,frequency_discrimination_hz,0.0001,p,V1/results/f8/ect/report.md
f8,f8/ect,gap_detection_ms,0.001,p,V1/results/f8/ect/report.md
f8,f8/ect,rhythm_sync_cv,0.001,p,V1/results/f8/ect/report.md
f8,f8/ect,pitch_memory_semitones,0.0001,p,V1/results/f8/ect/report.md
f8,f8/ect,gray_matter_HG_mm3,0.001,p,V1/results/f8/ect/report.md
f8,f8/ect,white_matter_CC_fa,0.01,p,V1/results/f8/ect/report.md
f8,f8/ednr,f01:within_connectivity,0.0003,p,V1/results/f8/ednr/report.md
f8,f8/ednr,f02:between_connectivity,0.3156,p,V1/results/f8/ednr/report.md
f8,f8/ednr,f03:compartmentalization,0.0,p,V1/results/f8/ednr/report.md
f8,f8/ednr,f04:expertise_signature,0.0001,p,V1/results/f8/ednr/report.md
f8,f8/ednr,network_architecture,0.0002,p,V1/results/f8/ednr/report.md
f8,f8/ednr,compartmentalization_idx,0.0,p,V1/results/f8/ednr/report.md
f8,f8/ednr,current_compartm,0.0002,p,V1/results/f8/ednr/report.md
f8,f8/ednr,network_isolation,0.0001,p,V1/results/f8/ednr/report.md
f8,f8/ednr,optimal_config_pred,0.0,p,V1/results/f8/ednr/report.md
f8,f8/ednr,processing_efficiency,0.0001,p,V1/results/f8/ednr/report.md
f8,f8/ednr,network_specialization,0.0,p,V1/results/f8/ednr/report.md
f8,f8/ednr,within_connectivity,0.0002,p,V1/results/f8/ednr/report.md
f8,f8/ednr,mmn_amplitude_uV,0.001,p,V1/results/f8/ednr/report.md
f8,f8/ednr,p300_latency_ms,0.005,p,V1/results/f8/ednr/report.md
f8,f8/ednr,frequency_discrimination_hz,0.0001,p,V1/results/f8/ednr/report.md
f8,f8/ednr,gap_detection_ms,0.001,p,V1/results/f8/ednr/report.md
f8,f8/ednr,rhythm_sync_cv,0.001,p,V1/results/f8/ednr/report.md
f8,f8/ednr,pitch_memory_semitones,0.0001,p,V1/results/f8/ednr/report.md
f8,f8/ednr,gray_matter_HG_mm3,0.001,p,V1/results/f8/ednr/report.md
f8,f8/ednr,white_matter_CC_fa,0.01,p,V1/results/f8/ednr/report.md
f8,f8/esme,f01:pitch_mmn,0.0,p,V1/results/f8/esme/report.md
f8,f8/esme,f02:rhythm_mmn,0.0,p,V1/results/f8/esme/report.md
f8,f8/esme,f03:timbre_mmn,0.0,p,V1/results/f8/esme/report.md
f8,f8/esme,f04:expertise_enhancement,0.0,p,V1/results/f8/esme/report.md
f8,f8/esme,M0:mmn_expertise_function,0.0,p,V1/results/f8/esme/report.md
f8,f8/esme,P0:pitch_deviance_detection,0.0,p,V1/results/f8/esme/report.md
f8,f8/esme,P1:rhythm_deviance_detection,0.0,p,V1/results/f8/esme/report.md
f8,f8/esme,P2:timbre_deviance_detection,0.0,p,V1/results/f8/esme/report.md
f8,f8/esme,F0:feature_enhancement_pred,0.0,p,V1/results/f8/esme/report.md
f8,f8/esme,F1:expertise_transfer_pred,0.0,p,V1/results/f8/esme/report.md
f8,f8/esme,F2:developmental_trajectory,0.0,p,V1/results/f8/esme/report.md
f8,f8/esme,expertise_enhancement,0.0,p,V1/results/f8/esme/report.md
f8,f8/esme,pitch_mmn,0.0,p,V1/results/f8/esme/report.md
f8,f8/esme,rhythm_mmn,0.0,p,V1/results/f8/esme/report.md
f8,f8/esme,timbre_mmn,0.0,p,V1/results/f8/esme/report.md
f8,f8/esme,expertise_trajectory,0.0,p,V1/results/f8/esme/report.md
f8,f8/esme,mmn_amplitude_uV,0.001,p,V1/results/f8/esme/report.md
f8,f8/esme,p300_latency_ms,0.005,p,V1/results/f8/esme/report.md
f8,f8/esme,frequency_discrimination_hz,0.0001,p,V1/results/f8/esme/report.md
f8,f8/esme,gap_detection_ms,0.001,p,V1/results/f8/esme/report.md
f8,f8/esme,rhythm_sync_cv,0.001,p,V1/results/f8/esme/report.md
f8,f8/esme,pitch_memory_semitones,0.0001,p,V1/results/f8/esme/report.md
f8,f8/esme,gray_matter_HG_mm3,0.001,p,V1/results/f8/esme/report.md
f8,f8/esme,white_matter_CC_fa,0.01,p,V1/results/f8/esme/report.md
f8,f8/slee,f01:statistical_model,0.0001,p,V1/results/f8/slee/report.md
f8,f8/slee,f02:detection_accuracy,0.0001,p,V1/results/f8/slee/report.md
f8,f8/slee,f03:multisensory_integration,0.0001,p,V1/results/f8/slee/report.md
f8,f8/slee,f04:expertise_advantage,0.0003,p,V1/results/f8/slee/report.md
f8,f8/slee,M0:exposure_model,0.0001,p,V1/results/f8/slee/report.md
f8,f8/slee,M1:pattern_memory,0.0001,p,V1/results/f8/slee/report.md
f8,f8/slee,M2:expertise_state,0.0001,p,V1/results/f8/slee/report.md
f8,f8/slee,P0:expectation_formation,0.0001,p,V1/results/f8/slee/report.md
f8,f8/slee,P1:cross_modal_binding,0.0001,p,V1/results/f8/slee/report.md
f8,f8/slee,P2:pattern_segmentation,0.0001,p,V1/results/f8/slee/report.md
f8,f8/slee,F0:next_probability,0.0001,p,V1/results/f8/slee/report.md
f8,f8/slee,F1:regularity_continuation,0.0001,p,V1/results/f8/slee/report.md
f8,f8/slee,F2:detection_predict,0.0001,p,V1/results/f8/slee/report.md
f8,f8/slee,statistical_model,0.0001,p,V1/results/f8/slee/report.md
f8,f8/slee,detection_accuracy,0.0001,p,V1/results/f8/slee/report.md
f8,f8/slee,multisensory_binding,0.0001,p,V1/results/f8/slee/report.md
f8,f8/slee,mmn_amplitude_uV,0.001,p,V1/results/f8/slee/report.md
f8,f8/slee,p300_latency_ms,0.005,p,V1/results/f8/slee/report.md
f8,f8/slee,frequency_discrimination_hz,0.0001,p,V1/results/f8/slee/report.md
f8,f8/slee,gap_detection_ms,0.001,p,V1/results/f8/slee/report.md
f8,f8/slee,rhythm_sync_cv,0.001,p,V1/results/f8/slee/report.md
f8,f8/slee,pitch_memory_semitones,0.0001,p,V1/results/f8/slee/report.md
f8,f8/slee,gray_matter_HG_mm3,0.001,p,V1/results/f8/slee/report.md
f8,f8/slee,white_matter_CC_fa,0.01,p,V1/results/f8/slee/report.md
f8,f8/tscp,f01:trained_timbre_response,0.0001,p,V1/results/f8/tscp/report.md
f8,f8/tscp,f02:timbre_specificity,0.0,p,V1/results/f8/tscp/report.md
f8,f8/tscp,f03:plasticity_magnitude,0.0001,p,V1/results/f8/tscp/report.md
f8,f8/tscp,M0:enhancement_function,0.0,p,V1/results/f8/tscp/report.md
f8,f8/tscp,P0:recognition_quality,0.0,p,V1/results/f8/tscp/report.md
f8,f8/tscp,P1:enhanced_response,0.0001,p,V1/results/f8/tscp/report.md
f8,f8/tscp,P2:timbre_identity,0.0,p,V1/results/f8/tscp/report.md
f8,f8/tscp,F0:timbre_continuation,0.0,p,V1/results/f8/tscp/report.md
f8,f8/tscp,F1:cortical_enhancement_pred,0.0,p,V1/results/f8/tscp/report.md
f8,f8/tscp,F2:generalization_pred,0.0,p,V1/results/f8/tscp/report.md
f8,f8/tscp,trained_timbre_recognition,0.0,p,V1/results/f8/tscp/report.md
f8,f8/tscp,plasticity_magnitude,0.0001,p,V1/results/f8/tscp/report.md
f8,f8/tscp,mmn_amplitude_uV,0.001,p,V1/results/f8/tscp/report.md
f8,f8/tscp,p300_latency_ms,0.005,p,V1/results/f8/tscp/report.md
f8,f8/tscp,frequency_discrimination_hz,0.0001,p,V1/results/f8/tscp/report.md
f8,f8/tscp,gap_detection_ms,0.001,p,V1/results/f8/tscp/report.md
f8,f8/tscp,rhythm_sync_cv,0.001,p,V1/results/f8/tscp/report.md
f8,f8/tscp,pitch_memory_semitones,0.0001,p,V1/results/f8/tscp/report.md
f8,f8/tscp,gray_matter_HG_mm3,0.001,p,V1/results/f8/tscp/report.md
f8,f8/tscp,white_matter_CC_fa,0.01,p,V1/results/f8/tscp/report.md
